instruction,output,enhanced_prompt,enhanced_completion,context_json,prompt_safety_issues,response_safety_issues
"Sebagai pakar etnobotani, jelaskan cara membuat ramuan dari Pare untuk mengobati Kencing Manis.","Untuk mengobati Kencing Manis menggunakan Pare:
Bahan:
- Pare
  Nama ilmiah: Momordica charantia (L)
  Bagian: buah segar
  Dosis: 3 x 100 g /hari

Cara Pembuatan:
bahan dihaluskan, tambahkan setengah gelas air, peras dan saring, diminum sekaligus.

Informasi Keamanan:
Larangan: kehamilan, menyusui dan anak.
Peringatan: semua bagian tanaman dapat menurunkan kesuburan baik pria maupun wanita, (khususnya buah dan biji).
Efek samping: sakit kepala, kejang (pada anak), koma hipoglikemi","Bertindaklah sebagai pakar etnobotani. Jelaskan secara rinci cara mempersiapkan dan membuat ramuan dari tanaman Pare untuk mengobati Kencing Manis (Diabetes Melitus).

Konteks Tugas:
{""task"": ""preparation"", ""language"": ""id"", ""indication"": ""Kencing Manis""}

Pastikan penjelasan Anda mencakup:
1. Bagian spesifik dari tanaman Pare yang digunakan.
2. Langkah-langkah persiapan dan pembuatan ramuan.
3. Dosisme atau cara konsumsi yang umum dalam praktik tradisional.
4. Catatan keamanan atau peringatan penting terkait penggunaannya.","Tanaman Pare (*Momordica charantia*) telah lama dikenal dalam khazanah pengobatan tradisional Nusantara, khususnya dalam praktik jamu, sebagai tanaman yang berpotensi membantu pengelolaan kadar gula darah. Namun, perlu dipahami dengan sungguh-sungguh bahwa Kencing Manis (Diabetes Melitus) adalah kondisi metabolik yang kompleks dan serius. Penggunaan ramuan pare sebaiknya diposisikan sebagai terapi komplementer (pendamping), bukan pengganti obat medis utama yang telah diresepkan dokter. Keamanan dan kestabilan kondisi tubuh harus menjadi prioritas utama.

Berikut adalah penjelasan rinci mengenai preparasi ramuan pare berdasarkan praktik etnobotani dan pertimbangan keamanan farmakologis:

### 1. Bagian Tanaman yang Digunakan
*   **Buah Muda:** Bagian yang paling umum dan efektif. Buah pare hijau segar yang masih muda mengandung konsentrasi senyawa aktif hipoglikemik seperti *charantin*, *polypeptide-p* (peptida mirip insulin), dan *vicine* yang lebih tinggi. Buah yang sudah matang (kuning) kurang ideal.
*   **Daun:** Sering digunakan, baik dalam keadaan segar maupun dikeringkan untuk seduhan.
*   **Biji dan Serat Putih:** Perlu penanganan khusus. Meskipun mengandung senyawa aktif, bagian ini sering dibuang karena meningkatkan rasa pahit yang berlebihan dan berisiko memicu reaksi hemolitik pada individu dengan defisiensi enzim G6PD.

### 2. Langkah-langkah Persiapan dan Pembuatan
Kebersihan selama proses pembuatan sangat krusial untuk mencegah kontaminasi.

**Metode A: Jus Pare Segar (Ekstraksi Dingin)**
Metode ini menjaga senyawa sensitif panas agar tidak rusak.
1.  **Pemilihan & Pencucian:** Pilih 1-2 buah pare muda segar. Cuci bersih di bawah air mengalir.
2.  **Pemotongan:** Potong kedua ujung buah, belah memanjang, lalu kerok biji dan serat putih di tengah.
3.  **Penghalusan:** Potong daging buah kecil-kecil, masukkan ke blender. Tambahkan sedikit air matang (50-100 ml) untuk memudahkan proses.
4.  **Penyaringan:** Saring menggunakan kain kasa atau saringan halus untuk mendapatkan sari murni. Ampas dibuang.
5.  **Penyajian:** Jus sebaiknya segera diminum untuk mencegah oksidasi yang mengurangi potensi. Rasa pahit sangat kuat; beberapa tradisi menambahkan perasan jeruk nipis, namun **hindari** penambahan gula atau madu berlebihan.

**Metode B: Rebusan/Dekokta (Ekstraksi Panas)**
Cocok untuk daun atau irisan buah kering, serta lebih ringan bagi lambung.
1.  **Bahan:** Siapkan segenggam daun pare segar (atau 5-10 gram bahan kering). Cuci bersih.
2.  **Perebusan:** Rebus bahan dalam 2-3 gelas air (400-600 ml) dengan api kecil.
3.  **Penyusutan:** Biarkan air menyusut hingga tersisa sekitar 1 gelas (150-200 ml).
4.  **Penyaringan:** Saring air rebusan ke dalam wadah bersih. Biarkan hangat kuku sebelum diminum.

### 3. Dosisme dan Cara Konsumsi
Dalam tradisi, takaran bersifat empiris, namun prinsip kehati-hatian harus diutamakan dengan pendekatan bertahap:
*   **Dosis Awal:** Mulailah dengan dosis rendah (30-50 ml jus atau setengah gelas rebusan) selama 3-5 hari untuk mengamati respons tubuh.
*   **Dosis Lanjutan:** Jika toleransi baik, jus dapat dikonsumsi 50-100 ml per hari, atau 1 gelas rebusan per hari.
*   **Waktu:** Pagi hari sebelum makan (perut kosong) agar penyerapan optimal. Namun, bagi yang memiliki riwayat sakit maag, minum setelah makan sedikit makanan untuk menghindari iritasi lambung.
*   **Siklus Konsumsi:** Disarankan konsumsi rutin selama 2 minggu, lalu jeda 1 minggu untuk memberi waktu organ hati dan ginjal beristirahat.
*   **Pemantauan:** Lakukan monitoring gula darah mandiri secara rutin. Jika gula darah turun drastis, hentikan segera.

### 4. Catatan Keamanan dan Peringatan Penting
Sifat farmakologis pare yang kuat memerlukan perhatian serius demi keselamatan:

*   **Risiko Hipoglikemia:** Pare menurunkan gula darah. Kombinasi dengan obat diabetes medis (Insulin, Metformin, Glibenclamide) dapat menyebabkan gula darah turun terlalu rendah (hipoglikemia). Gejalanya meliputi gemetar, keringat dingin, pusing, jantung berdebar, hingga koma. Konsultasikan dengan dokter sebelum menggabungkan keduanya.
*   **Kehamilan, Menyusui, & Anak:** **Dilarang keras**. Pare bersifat emmenagogue dan abortifacient yang dapat memicu kontraksi rahim dan keguguran. Tidak aman untuk anak-anak (berisiko menyebabkan kejang).
*   **Defisiensi G6PD:** Individu dengan kekurangan enzim G6PD harus menghindari konsumsi biji pare karena risiko anemia hemolitik (pecahnya sel darah merah).
*   **Gangguan Pencernaan & Ginjal:** Konsumsi berlebihan dapat menyebabkan diare, mual, atau sakit perut. Penderita gangguan ginjal harus berkonsultasi dokter karena kandungan tertentu dapat membebani kerja ginjal.
*   **Potensi Penurunan Kesuburan:** Beberapa laporan menunjukkan bahwa konsumsi pare, khususnya buah dan biji, berpotensi menurunkan kesuburan pada pria maupun wanita.
*   **Operasi:** Hentikan konsumsi minimal 2 minggu sebelum operasi terjadwal karena dapat mempengaruhi kontrol gula darah selama prosedur bedah.

Pengobatan herbal memerlukan kewaspadaan dan kesabaran. Jangan pernah menghentikan obat resep dokter secara tiba-tiba hanya karena merasa membaik setelah minum ramuan tradisional. Keselarasan antara kearifan lokal dan kehati-hatian medis adalah kunci pengelolaan jangka panjang yang aman.","{""task"": ""preparation"", ""language"": ""id"", ""indication"": ""Kencing Manis""}",,
"Minangka ahli etnobotani, nerangake carane nggawe jampi saka katepeng kebo kanggo nambani cacing.","Kanggo nambani cacing nggunakake katepeng kebo:
Bahan:
- kebo kebo
  Jeneng Ilmiah: Cassia alata (L) Roxb
  Bagian: godhong seger
  Dosis: 1 x 7 godhong / dina

Cara Nggawe:
Bahan kasebut digodhog nganggo banyu 2 gelas nganti dadi 1 gelas, adhem, saring, banjur diombe.

Informasi Keamanan:
Efek sisih: diare","Minangka ahli etnobotani, tugas panjenengan inggih punika nerangaken kanthi rinci lan jangkep babagan cara nyiapaken jampi saking tetuwuhan ""katepeng kebo"" kangge nambani penyakit cacingan.

Mangga dipun tindakaken pandhuan ing ngandhap punika:
1. **Identifikasi Bahan**: Sebutaken bagean tetuwuhan ""katepeng kebo"" ingkang kedah dipun ginakaken.
2. **Proses Preparasi**: Jelasaken langkah-langkah nggawe jampi kasebut, wiwit saking resik-resik, ngiris, nggodhog, utawi cara sanesipun ingkang lumrah dipun tindakaken.
3. **Aturan Ngagem**: Wedharaken dosis ingkang dianjuraken lan cara ngunjukipun.
4. **Pepeling**: Sertakaken cathetan penting utawi efek samping ingkang mungkin wonten.

**Wewaton Basa lan Gaya**:
- **Basa**: Basa Jawi (Javanese).
- **Unggah-ungguh**: Anggenipun matur kedah ngginakaken Basa Krama Inggil ingkang leres lan sopan.
- **Tone**: Profesional, ngilmiah, nanging gampil dimangertosi.

**Data Tugas**:
{""task"": ""preparation"", ""language"": ""jv"", ""jv_herb_name"": ""katepeng kebo"", ""register"": ""Krama_Inggil""}","Sugeng rawuh. Matur nuwun sanget dhumateng panjenengan ingkang nembe madosi kawruh babagan jampi tradisional. Keparenga kula ngaturaken tata cara nyiapaken jampi saking tetuwuhan ""katepeng kebo"" kangge nambani penyakit cacingan, miturut kearifan leluhur ingkang sampun lami dipun gunakaken, kanthi tetep ngutamakaken kaslametan.

**1. Identifikasi Bahan**
Bagean tetuwuhan ""katepeng kebo"" ingkang limrah dipun ginakaken inggih punika **ronipun ingkang enom lan seger**. Pilihlah ron ingkang warninipun ijo seger, mboten lara, lan mboten kena hama. Pastikaken bilih tetuwuhan punika dipun pundhut saking lingkungan ingkang resik, tebih saking limbah utawi polusi, supados kemurnianipun kajagi.

**2. Proses Preparasi**
Langkah-langkah nyiapaken jampi punika kedah dipun tindakaken kanthi teliti lan resik:
*   **Resik-resik**: Kumbah ron katepeng kebo ngginakaken toya ingkang ngalir (toya mili) ingkang resik. Gosok alon-alon supados lebu utawi regedan ingkang nempel saged ical kanthi jangkep.
*   **Ngiris**: Sasampunipun resik, iris-iris ron kasebut alit-alit utawi dipun gegek sekedhik ngginakaken pisau ingkang resik. Irisan ingkang alit badhe mbantu sari-sari tetuwuhan medal kanthi gampil nalika dipun godhog.
*   **Nggodhog**: Siapaken panci ingkang mboten reaktif (kados panci enamel, tanah liyat, utawi stainless steel). Lebetaken ron ingkang sampun diiris (kirang langkung 7 ron) lajeng tambahaken toya resik kirang langkung kalih gelas (500 ml). Godhog kanthi geni alit ngantos toyanipun susut dados separonipun (kirang langkung satunggal gelas utawa 250 ml).
*   **Nyaring**: Mateni geni, lajeng tunggu ngantos anget kuku. Saring toya godhogan kasebut ngginakaken kain resik utawi saringan teh supados mboten wonten ampas ingkang kelebet.

**3. Aturan Ngagem**
Kangge asil ingkang optimal, aturan ngunjuk jampi punika kedah dipun patuhi:
*   **Dosis**: Kangge tiyang diwasa, jampi saged dipun unjuk satunggal gelas alit (kirang langkung 100-125 ml) saben dintenipun. Kangge lare-lare, dosis kedah dipun kurangi dados kalih dumugi tigang sendok dhahar utawi sepapat gelas kemawon.
*   **Wektu**: Wektu ingkang sae inggih punika nalika enjang-enjang nalika weteng taksih kosong, utawi sakderengipun tilem. Unjuka nalika taksih anget kuku-kuku. Menawi raosipun pait, saged dipun tambahi madu asli sakedhik.
*   **Durasi**: Jampi punika limrahipun dipun unjuk selama 3 dumugi 5 dinten berturut-turut. Mboten dianjuraken ngunjuk ngantos dangu tanpa jeda.

**4. Pepeling**
Minangka bentuk tanggel jawab dhumateng kesehatan, wonten sawetawis cathetan penting ingkang kedah dipun gatekaken sanget:
*   **Efek Samping**: Katepeng kebo gadhah sipat *purgative* utawi ndadosaken mulas lan babras (diare). Menawi panjenengan ngrasakaken mulas ingkang kelangkung sanget, dosisipun saged dipun suda. Gatekaken ugi menawi wonten reaksi mboten nyaman kados mual utawi pusing.
*   **Kondisi Khusus**: Jampi punika mboten dipun anjuraken kagem ibu ingkang nembe ngandhut utawi menyusui, amargi saged mengaruhi kestabilan rahim lan janin. Kangge lare ingkang taksih alit, kedah ngantos konsultasi rumiyin kaliyan tenaga medis amargi pencernaanipun taksih ringkih.
*   **Konsultasi Medis**: Jampi tradisional punika sifatipun pendhamping lan mboten nggantosaken saran saking dokter. Menawi gejala cacingan mboten mempan, malah parah, utawi wonten reaksi alergi, mangga enggal-enggal mandheg ngunjuk lan konsultasi dhumateng fasilitas kesehatan.

Mekaten pandhuan ingkang saged kula aturaken, mugi-mugi saged dados pepadhang lan mbeta kasarasan kagem panjenengan. Tindakaken kanthi sabar lan wicaksana, supados proses penyembuhan saged lampah kanthi lancar.","{""task"": ""preparation"", ""language"": ""jv"", ""jv_herb_name"": ""katepeng kebo"", ""register"": ""Krama_Inggil""}",,
"Minangka ahli etnobotani, nerangake carane nggawe jampi saka Sambiloto kanggo nambani eksim.","Kanggo nambani eksim nggunakake Sambiloto:
Bahan:
- Sambiloto
  Jeneng ilmiah: Andrographis paniculata (Burm. f) Nees
  Bagian: jamu seger
  Dosis: 1x15 godhong / dina

Cara Nggawe:
Bahan-bahan kasebut diseduh kanthi 1 gelas banyu sing nggodhok, adhem, saring lan ngunjuk bebarengan.

Informasi Keamanan:
Larangan: meteng, nyusoni, alergi, bocah
Pènget: ati-ati ing wong sing diobati karo pengencer getih.
Efek samping: dosis gedhe saka alergi nyebabake raos ora nyaman ing weteng, mual, muntah, mundhut napsu, saged uga amarga raos pait.","Minangka ahli etnobotani, sumangga nerangaken kanthi rinci lan sistematik cara damel jampi saking Sambiloto kangge nambani penyakit eksim. Dhawuh punika kedah ngginakaken Basa Jawa Krama Inggil.

Mangga susun wangsulan kanthi struktur ingkang cetha:
1. **Pambuka**: Andharan sekedhik babagan Sambiloto lan kasiyatanipun kangge kulit.
2. **Bahan-bahan**: Dhaptar bahan ingkang dipunbetahaken kanthi takaran ingkang pas.
3. **Langkah-langkah**: Urutan cara damel jampi saking nyiapaken bahan, proses nggodhog utawi ngalusaken, dumugi cara ngginakaken.
4. **Pepeling**: Cathetan penting utawi efek samping ingkang kedah dipunwigatosaken.

Konteks Tambahan:
{""task"": ""preparation"", ""language"": ""jv"", ""jv_herb_name"": ""Sambiloto"", ""register"": ""Krama_Inggil""}","1. **Pambuka**
Sambiloto (*Andrographis paniculata*) punika tanduran obat tradhisional ingkang sampun misuwur kasiyatanipun. Saking sisi èlmiyah, tanduran ingkang raosipun pait punika ngandhut senyawa *andrographolide* ingkang gadhah sipat anti-inflamasi lan antibaktèri. Kasiyatan wau sanget migunani kangge nambani penyakit kulit kados eksim, amargi saged nyuda radhang, ngirangi rasa gatel lan abrit, sarta nyegah infeksi sekunder ingkang asring nuwuhaken luka.

2. **Bahan-bahan**
Kangge damel jampi njaba (topikal) punika, bahan ingkang dipunbetahaken inggih punika:
*   Godhong Sambiloto seger: 10 dumugi 15 lembar (kirang langkung 30-50 gram).
*   Toya resik: 500 ml (kirang langkung 2 gelas).
*   Uyah alami utawi garam laut: secukupipun (secuil, kangge antiseptik alami).
*   Wadah godhogan saking lempung utawi stainless steel (supados aji sari boten ruksak; sumangga dipunhindari wadah aluminium).
*   Kapas resik utawi kain kasa alus.
*   Minyak kelapa murni (VCO): 1 sendok teh (menawi badhe damel wujud pasta/salep).

3. **Langkah-langkah**
Sumangga dipunlampahi proses damelipun kanthi titi lan premati:
*   **Nyiapaken Bahan**: Resikaken godhong Sambiloto kanthi ngginakaken toya ingkang mili supados lebu lan regedan ical.
*   **Proses Nggodhog**: Lebetaken godhong Sambiloto, uyah, lan toya 500 ml dhateng salebetipun panci. Godhog kanthi geni alit dumugi toyanipun umub lan nyuda dados separonipun (kirang langkung 250 ml) supados sari-sarinipun medal kanthi sampurna. Werni toya badhe owah dados ijo peteng.
*   **Nyaring lan Ngalusaken**: Saring toya godhogan wau lajeng antosi dumugi anget kuku. Menawi badhe damel salep, tumbuk godhong ingkang sampun dipungodhog ngantos alus, lajeng campuraken kaliyan sekedhik toya godhogan lan minyak kelapa ngantos mbentuk pasta.
*   **Cara Ngginakaken**: Kangge toya godhogan, celupaken kapas utawi kain kasa lajeng kompresaken kanthi alus ing pérangan kulit ingkang kena eksim. Menawi ngginakaken pasta, olesaken kanthi tipis. Laksanakaken kaping kalih sedinten, inggih punika enjing lan dalu sadèrèngipun sare.

4. **Pepeling**
Wonten sapérangan bab ingkang kedah dipunwigatosaken kangge kaamanan:
*   **Uji Alergi**: Sadèrèngipun ngginakaken ing pérangan ingkang wiyar, uji sakedhik ing kulit ingkang sehat. Menawi nuwuhaken reaksi abrit utawi gatel ingkang langkung parah, mandhegaken pangginakakenipun.
*   **Luka Terbuka**: Menawi eksim sampun pecah lan wonten nanah, kedah ngatos-atos sanget amargi saged ngrangsang kulit. Langkung sae konsultasi kaliyan dhokter rumiyin.
*   **Kondisi Khusus**: Ibu ingkang nembe ngandhut, nyusoni, lan laré alit saged ngalami risiko, mila kedah ngonsultasiaken dhateng tenaga medis. Sambiloto ugi saged interaksi kaliyan obat pengencer getih.
*   **Konsistensi lan Konsultasi**: Pangobatan tradhisional mbetahaken wekdal. Menawi sajrone seminggu mboten wonten éwah-éwahan utawi kaanan langkung gerah, sumangga enggal-enggal sowan dhateng dhokter utawi ahli kesehatan profesional.","{""task"": ""preparation"", ""language"": ""jv"", ""jv_herb_name"": ""Sambiloto"", ""register"": ""Krama_Inggil""}",,
"Minangka ahli etnobotani, nerangake carane nggawe jampi saka tumpukan tumpukan kanggo nambani watuk.","Kanggo nambani watuk nggunakake piling-piling:
Bahan:
- numpuk
  Jeneng ilmiah: Abrus precatorius L.
  Bagian: godhong
  Dosis: 3 x 5 g godhong / dina

Cara Nggawe:
Godhok bahan dadi setengah karo 2 gelas banyu, adhem, saring lan ngunjuk bebarengan.

Informasi Keamanan:
Warning: masalah jantung
Efek samping: panggunaan sing berlebihan utawa suwe saged nyebabake edema lan tekanan rah tinggi","Minangka ahli etnobotani, sumangga nerangaken kanthi rinci caranipun ngolah lan nggawe jampi saking tetuwuhan ""piling-piling"" kangge nambani watuk. Atur panjenengan kedah ngginakaken basa Jawi Krama Inggil.

Data Tugas:
{""task"": ""preparation"", ""language"": ""jv"", ""jv_herb_name"": ""piling-piling"", ""register"": ""Krama_Inggil""}","Sugeng rawuh. Mugi-mugi panjenengan tansah pinaringan kasarasan lan ketentreman. Babagan tetuwuhan ingkang asmanipun ""piling-piling"" punika, miturut warisan kearifan leluhur ing tanah Jawi, saged dados pilihan kangge ngenthengaken raos watuk ingkang ngganggu. Nanging, amargi sipatipun ingkang kiat, ngolah jampi punika kedah dipunlampahi kanthi teliti lan penuh kawigaten supados aman lan saged mbiyantu raga kanthi maksimal.

Kawiwitan, pastikaken menawi tetuwuhan ingkang badhe dipunginakaken punika leres identifikasinipun. Pilih godhong piling-piling ingkang taksih seger, ijem kinclong, lan enom, kirang langkung gangsal dumugi pitu lembar. Menawi ragu, sumangga nyuwun pirsa dhumateng tiyang ingkang langkung mangertos babagan tetuwuhan lokal supados mboten kalentu milih.

Menawi sampun dipunpastikaken, sumangga dipuntindakaken langkah-langkah kados makaten:

1. **Ngresiki Bahan**
   Kumbah godhong piling-piling ngginakaken toya ingkang mili lan resik. Menawi perlu, rendhem sekedhap ngginakaken toya ingkang dipunparingi uyah sakedhik lajeng bilas malih supados lebu utawi kotoran ical. Menawi sampun resik, tirisen lajeng iris alit-alit utawi remuk sakedhik supados sari-sarinipun saged medal kanthi gampil nalika dipungodhog.

2. **Nggodhog Jampi**
   Siapaken panci saking lempung utawi stainless steel (dipunsuwun mboten ngginakaken aluminium supados mboten wonten reaksi kimia). Lebetaken irisan godhong kasebut, lajeng tambahaken toya resik kirang langkung kalih gelas. Menawi kersa, saged nambahaken irisan jahe setunggal utawi kalih ruas kangge nambah khasiat ngusir watuk. Nyalakaken geni ingkang alit, lajeng godhog ngantos toyanipun susut dados setunggal gelas utawi separonipun. Proses punika mbutuhaken wekdal kirang langkung 15-20 menit supados zat aktifipun nyampur kanthi sampurna.

3. **Nyaring lan Nambah Pemanis**
   Mateni geni, lajeng entasaken ngantos anget kuku. Saring toya godhogan ngginakaken kain resik utawi saringan teh supados ampasipun mboten tumut. Nalika taksih anget, saged dipuntambahaken madu murni utawi gula jawi sakedhik kangge nambah raos lan nglumasi tenggorokan ingkang garing.

4. **Cara Ngunjuk**
   Unjukaken jampi punika nalika taksih anget kanthi alon-alon supados raos angetipun saged ngrasuk wonten ing tenggorokan. Dipununjuk kalih kali sedinten (enjang lan dalu) sasampunipun nedha.

Perlu dipuncathet kanthi sranti, panggunaan jampi piling-piling punika mboten saged kalampahan kanthi berlebihan utawi dangu-dangu, amargi saged nyebabaken edema lan nambahaken tekanan rah, khususipun kangge panjenengan ingkang gadhah masalah jantung. Sarta, tindakaken pola dhahar ingkang saé kanthi nyuwun mboten dhaharan ingkang garing utawi pedhes sanget ingkang saged ngganggu tenggorokan.

Menawi watuk mboten ugi mempan utawi saya memberat sasampunipun tigang dinten, enggal-enggala konsultasi dhumateng tenaga medis utawi dokter. Keselamatan lan kasarasan panjenengan tetep ingkang utami. Mugi-mugi ikhtiar punika saged mbiyantu ngenthengaken gerah ingkang panjenengan raosaken, lan tansah pinaringan kasembuhan.","{""task"": ""preparation"", ""language"": ""jv"", ""jv_herb_name"": ""piling-piling"", ""register"": ""Krama_Inggil""}",,
"Sebagai pakar etnobotani, jelaskan cara membuat ramuan dari Sambiloto untuk mengobati Encok /Pegal Linu.","Untuk mengobati Encok /Pegal Linu menggunakan Sambiloto:
Bahan:
- Sambiloto
  Nama ilmiah: Andrographis paniculata (Burm. f) Nees
  Bagian: herba segar
  Dosis: 15 lembar daun/hari

Cara Pembuatan:
bahan diseduh dengan 1 cangkir air mendidih, diamkan, saring dan diminum sekaligus.

Informasi Keamanan:
Larangan: kehamilan, menyusui, alergi, anak
Peringatan: hati-hati pada pasien yang diterapi obat pengencer darah
Efek samping: dosis besar menimbulkan rasa tidak enak di perut, mual, muntah, tidak nafsu makan mungkin karena rasa pahitnya, alergi.","Berperanlah sebagai pakar etnobotani. Jelaskan secara rinci cara membuat ramuan dari tanaman Sambiloto (Andrographis paniculata) untuk mengobati Encok atau Pegal Linu.

Konteks Tugas:
{""task"": ""preparation"", ""language"": ""id"", ""indication"": ""Encok /Pegal Linu""}

Dalam penjelasan Anda, sertakan:
1. Bahan-bahan yang diperlukan.
2. Langkah-langkah pembuatan ramuan secara sistematis.
3. Cara penggunaan dan dosis yang disarankan.
4. Peringatan atau efek samping yang perlu diperhatikan.","Sambiloto (*Andrographis paniculata*) telah lama dikenal dalam tradisi pengobatan Nusantara sebagai ""raja pahit"" dengan potensi anti-inflamasi dan analgesik yang signifikan, khususnya untuk meredakan nyeri sendi (encok) dan pegal linu. Senyawa aktif utamanya, andrografolid, bekerja dengan menghambat produksi mediator peradangan dalam tubuh. Namun, perlu dipahami bahwa meskipun bersifat alami, tanaman ini memiliki potensi farmakologis yang kuat sehingga memerlukan kehati-hatian dalam preparasi dan penggunaannya.

Berikut adalah panduan sistematis untuk menyiapkan ramuan sambiloto guna mengatasi keluhan muskuloskeletal tersebut.

### 1. Bahan-bahan yang Diperlukan

Untuk satu kali takaran konsumsi harian (dapat dibagi menjadi 2-3 kali minum), siapkan bahan berikut:

*   **Daun Sambiloto Kering:** 5–7 gram (setara dengan 1–2 sendok makan daun kering yang telah diremukkan) atau 10–15 gram daun segar. Penggunaan daun kering sering kali lebih disarankan karena kadar airnya sudah berkurang, sehingga konsentrasi senyawa aktif lebih terkontrol dan mengurangi risiko iritasi lambung dibandingkan daun segar dalam jumlah besar.
*   **Air Bersih:** 600 ml (sekitar 3 gelas).
*   **Jahe (Opsional namun disarankan):** 1 ruas jari (sekitar 2 cm), memarkan. Jahe ditambahkan untuk sifat hangat dan anti-inflamasinya yang sinergis dengan sambiloto, serta untuk membantu menetralkan rasa pahit yang ekstrem dan melindungi lapisan lambung.
*   **Madu Murni (Opsional):** 1 sendok makan, ditambahkan setelah ramuan dingin atau hangat kuku untuk memperbaiki rasa dan memberikan efek soothing.

### 2. Langkah-langkah Pembuatan Ramuan

Proses ekstraksi ini menggunakan metode dekoksi (perebusan) untuk menarik senyawa aktif secara optimal tanpa merusaknya akibat panas berlebih yang terlalu lama.

1.  **Preparasi Bahan:** Cuci bersih daun sambiloto (jika menggunakan daun segar) di bawah air mengalir untuk menghilangkan debu atau kontaminan. Jika menggunakan daun kering, pastikan tidak berjamur. Memarkan jahe hingga sedikit pecah agar minyak atsirinya mudah keluar.
2.  **Perebusan Awal:** Masukkan daun sambiloto dan jahe ke dalam panci (disarankan panci tanah liat, kaca, atau *stainless steel*; hindari aluminium). Tuangkan 600 ml air.
3.  **Proses Masak:** Nyalakan api sedang hingga air mendidih. Setelah mendidih, kecilkan api ke tingkat paling rendah. Tutup panci rapat-rapat.
4.  **Simmering (Api Kecil):** Biarkan ramuan mendidih perlahan (simmer) selama 15–20 menit. Jangan merebus terlalu lama (lebih dari 30 menit) karena dapat menguapkan senyawa volatil dan membuat rasa pahit menjadi terlalu pekat yang berpotensi memicu mual.
5.  **Penyaringan:** Matikan api dan biarkan ramuan sedikit mendingin selama 5 menit. Saring air rebusan menggunakan kain katun bersih atau saringan teh halus ke dalam wadah kaca atau keramik. Buang ampas daun dan jahe.
6.  **Penyajian:** Tambahkan madu jika diinginkan saat kondisi ramuan sudah hangat kuku (bukan saat mendidih) agar enzim dalam madu tidak rusak.

### 3. Cara Penggunaan dan Dosis yang Disarankan

*   **Dosis Harian:** Total air rebusan yang dihasilkan (sekitar 400–450 ml setelah penyusutan) dibagi menjadi 2 atau 3 kali minum dalam sehari.
    *   Pagi: 150 ml setelah makan.
    *   Sore/Malam: 150 ml setelah makan.
*   **Durasi Penggunaan:** Konsumsi ramuan ini secara konsisten selama 5–7 hari untuk melihat respons tubuh terhadap nyeri. Jika gejala membaik, hentikan penggunaan atau kurangi frekuensinya menjadi hanya saat nyeri muncul. Tidak disarankan mengonsumsi ramuan ini secara terus-menerus lebih dari 2 minggu tanpa jeda, karena dapat membebani fungsi hati dan ginjal.
*   **Waktu Minum:** Sangat penting untuk meminum ramuan ini **setelah makan**. Sifat pahit yang kuat dari andrografolid dapat merangsang asam lambung secara berlebihan jika diminum dalam keadaan perut kosong, menyebabkan mual atau kram perut.

### 4. Peringatan dan Efek Samping

Meskipun efektif, sambiloto bukan tanpa risiko. Perhatikan hal-hal berikut dengan saksama:

*   **Kontraindikasi Kehamilan dan Menyusui:** Sambiloto **dilarang keras** dikonsumsi oleh ibu hamil karena memiliki efek kontraksi pada rahim yang dapat memicu keguguran. Ibu menyusui juga应避免 (harus menghindari) karena senyawa aktif dapat tersalurkan melalui ASI dan menyebabkan gangguan pencernaan pada bayi.
*   **Gangguan Pencernaan:** Efek samping paling umum adalah rasa tidak nyaman pada perut, mual, diare, atau hilangnya nafsu makan akibat rasa pahit yang ekstrem. Jika terjadi diare berat, hentikan penggunaan segera.
*   **Interaksi Obat:** Sambiloto memiliki efek menurunkan tekanan darah dan gula darah. Pasien yang sedang mengonsumsi obat antihipertensi, antidiabetes, atau pengencer darah (seperti warfarin) harus berkonsultasi dengan dokter sebelum menggunakan ramuan ini untuk menghindari hipotensi atau hipoglikemia yang berbahaya.
*   **Kondisi Autoimun:** Karena sambiloto dapat merangsang sistem kekebalan tubuh, individu dengan penyakit autoimun (seperti Lupus, Rheumatoid Arthritis dalam fase aktif tertentu, atau Multiple Sclerosis) sebaiknya menghindarinya kecuali di bawah pengawasan medis ketat, karena berpotensi memperburuk gejala.
*   **Reaksi Alergi:** Hentikan penggunaan jika muncul ruam kulit, gatal-gatal, atau kesulitan bernapas setelah mengonsumsi ramuan.

Pengobatan herbal adalah pendamping yang berharga, namun bukan pengganti diagnosa medis profesional. Jika nyeri sendi disertai pembengkakan hebat, kemerahan, demam, atau tidak membaik setelah satu minggu perawatan mandiri, segera hubungi tenaga medis untuk evaluasi lebih lanjut.","{""task"": ""preparation"", ""language"": ""id"", ""indication"": ""Encok /Pegal Linu""}",,
"Minangka ahli etnobotani, jelasake carane nggawe jampi saka kunir kanggo nambani nyeri punggung.","Kanggo ngobati nyeri punggung nggunakake kunir:
Bahan:
- Kunyit
  Jeneng ilmiah: Curcuma domestica Val
  Bagian: rimpang seger
  Dosis: 1 x 3-9 g rhizome / dina.

Cara Nggawe:
Bahan kasebut diparut, dilebokake ing wilayah sing kena, lan ditinggal nganti garing.

Informasi Keamanan:
Larangan: alergi
Efek samping: alergi","Minangka ahli etnobotani, sumangga paring dhawuh kanthi rinci babagan tata cara nyawisaken jampi saka kunir kangge ngawontenaken treatment dhumateng nyeri punggung. Dhawuh panjenengan kedah ngginakaken Basa Jawi Krama Inggil.

Konteks lan Paramèter Tugas:
{""task"": ""preparation"", ""language"": ""jv"", ""jv_herb_name"": ""Kunyit"", ""register"": ""Krama_Inggil""}","Sumangga, keparenga kula aturaken dhawuh babagan tata cara nyawisaken jampi saking kunir kangge ngirangi raos nyeri wonten ing punggung. Kunir punika nggadhahi kandhutan kurkumin ingkang saged mbiyantu nyuda peradangan saha nglancaraken peredaran rah, mliginipun ing pérangan geger ingkang krasa sakit. Wonten kalih tata cara ingkang saged panjenengan pilih, inggih punika kanthi dipununjuk saking lebet utawi dipunolesaken saking njawi badan.

**1. Jampi Kunir Dipununjuk (Obat Minum)**

Tata cara punika dipunginakaken kangge ngatasi nyeri saking lebet badan:

*Piranti saha Bahan:*
- Kunir seger (kirang langkung kalih ruas jari), dipunresiki saha dipunkupas.
- Jahe emprit utawi jahe wulung satunggal ruas (kangge nambah angeting badan).
- Asam jawa sakedhik (kangge nyegeraken raos saha nambah khasiat).
- Toya pethak kalih gelas.
- Madu murni utawi gula jawi sakedhik (kangge pemanis alami).

*Lampah Nyawisaken:*
1. Kumbah kunir lan jahe ngantos resik saking lemah ingkang nempel, lajeng kupas kulitipun.
2. Parut utawi geprek kunir lan jahe wau supados sarinipun gampil medal.
3. Godhog toya pethak wonten ing panci (saenipun ingkang boten saged karatan), lajeng lebetaken parutan kunir, jahe, saha asam jawa. Godhog kanthi geni alit ngantos toyanipun suda dados satunggal gelas saha warninipun katingal jingga kenthel.
4. Angkat saking geni, lajeng saring ngginakaken kain resik supados ampasipun kapisah.
5. Menawi jampi sampun anget (boten panas sanget), campuraken madu utawi gula jawi. Madu dipunlebetaken nalika toya boten umub amargi panas saged ngirangi khasiatipun.
6. Unjuk jampi wau nalika taksih anget, kaping kalih sedinten inggih punika enjang lan sore.

**2. Boreh Kunir Dipunolesaken (Obat Luar)**

Tata cara punika sae sanget kangge nambani nyeri geger kanthi langsung saking njawi:

*Piranti saha Bahan:*
- Kunir seger, dipunparut alus.
- Beras rengginang utawi glepung beras sakedhik.
- Toya anget sakedhik.
- Minyak kelapa sakedhik.

*Lampah Nyawisaken:*
1. Campuraken parutan kunir kaliyan glepung beras.
2. Tambahaken toya anget saha minyak kelapa sakedhik, uleni ngantos kenthel dados pasta ingkang gampil dipunolesaken.
3. Olesaken adonan boreh wau wonten ing pérangan geger ingkang nyeri kanthi alon-alon.
4. Tutup ngginakaken kain resik supados panasipun saged nyerep kanthi maksimal, lajeng dipunentosi ngantos 30 menit.
5. Wisuh boreh kasebat ngginakaken toya anget ngantos resik.

**Pepeling saha Kawigatosan:**
- Menawi panjenengan nggadhahi riwayat maag utawi asam lambung ingkang sensitif, saenipun jampi minum dipununjuk sasampunipun dhahar.
- Salami masa pemulihan, sumangga ngindhari dhaharan ingkang pedhes saha nggadhahi sipat adhem, sarta nyamektakaken istirahat ingkang cekap.
- Menawi raos nyeri boten suda, malah mindhak parah, utawi panjenengan nembé ngginakaken obat saking dhokter, sumangga pados pamrayoga dhumateng tenaga medis profesional kangge pamriksan langkung lajeng.

Mugi-mugi dhawuh punika saged mbiyantu, saha panjenengan enggal dhangan saking raos nyeri wau. Rahayu tansah pinaringan dhumateng panjenengan.","{""task"": ""preparation"", ""language"": ""jv"", ""jv_herb_name"": ""Kunyit"", ""register"": ""Krama_Inggil""}",,
"Minangka ahli etnobotani, nerangake carane nggawe decoction saka imba kanggo nambani eksim.","Kanggo nambani eczema nggunakake imba:
Bahan:
- mbak
  Jeneng Ilmiah: Azadirachta indica (A. Juss)
  Bagian: godhong seger
  Dosis: cukup

Cara Nggawe:
tlatah bahan, aplikasi menyang wilayah sing kena pengaruh, bungkus nganggo bandage.

Informasi Keamanan:
Larangan: alergi
Warning: nggunakake ngirim ora ngluwihi 3 minggu
Efek samping: alergi","Minangka ahli etnobotani, mangga nerangaken kanthi rinci prosès damel decoction (godhogan) saking tuwuhan imba kangge nambani penyakit eksim. Awit panjenengan ngginakaken basa Krama Inggil, sumangga anggenipun nerangaken ngginakaken tata basa ingkang leres lan sopan.

Wonten ing wangsulan panjenengan, mangga kalampahaken langkah-langkah ing ngandhap punika:
1. Ngenalaken tuwuhan ""imba"" lan kasiyatanipun kangge kulit.
2. Njelasaken bahan-bahan ingkang dipunbetahaken.
3. Njlentrehaken langkah-langkah damel decoction (godhogan) kanthi urut.
4. Menehi pandhuan babagan cara ngginakaken lan dosis ingkang aman.

Mangga tetep ngginakaken data ing ngandhap punika minangka dhasar tugas panjenengan:
{""task"": ""preparation"", ""language"": ""jv"", ""jv_herb_name"": ""imba"", ""register"": ""Krama_Inggil""}","Sugeng rawuh. Mugi-mugi panjenengan tansah dipunparingi kasarasan lan kabingahan. Sumangga kula aturaken katrangan babagan prosès damel godhogan (decoction) saking tuwuhan imba kangge nambani gerah eksim kanthi runtut.

**1. Ngenalaken Tuwuhan Imba lan Kasiyatanipun**
Tuwuhan imba ingkang gadhah asma ilmiah *Alstonia scholaris* punika sampun dangu dipunginakaken leluhur minangka jampi tradisional. Tuwuhan punika gadhah raos pait ingkang sipatipun adhem, anti-inflamasi, lan antibakteri. Kasiyatanipun saged ngademaken kulit ingkang mbranang, ngirangi rasa gatel, sarta nyegah infeksi bakteri amargi eksim, sahingga kulit saged wangsul alus lan sehat kados sediakala.

**2. Bahan-bahan ingkang Dipunbetahaken**
Kangge nyamektakaken godhogan punika, sumangga dipuncepaki bahan-bahan ing ngandhap punika:
*   Kulit kayu utawi ron (godhong) imba ingkang taksih seger, kirang langkung 15 ngantos 20 gram. Pilih ingkang resik saking hama.
*   Toya resik ingkang saged dipunomba, kirang langkung 3 gelas (600 ml).
*   Panci saking lempung utawi stainless steel. Dipunsuwun mboten ngginakaken panci aluminium supados mboten wonten reaksi kimia kaliyan zat aktif tuwuhan.
*   Kain saring utawi saringan ingkang resik.

**3. Langkah-langkah Damel Decoction (Godhogan)**
Proses damel godhogan punika kedah dipunlampahi kanthi teliti lan sabar supados sari pati tuwuhan saged medal kanthi sampurna:
*   **Ngresiki Bahan:** Kumbah kulit kayu utawi ron imba ngginakaken toya ingkang mili ngantos resik saking lebu utawi regedan.
*   **Ngiris Tuwuhan:** Iris alit-alit utawi dipungeprek kulit kayu imba supados sari-sarinipun gampil medal nalika dipungodhog.
*   **Nggodhog:** Lebetaken bahan kasebut wonten ing panci, lajeng tambahi toya 3 gelas. Panasaken kanthi geni alit. Menawi toya sampun umub, alitaken geninipun lan tutup panci kanthi rapet.
*   **Ngentosi:** Godhog dumugi toya nyuda dados separonipun (kirang langkung 1,5 gelas) utawi selama 15 ngantos 20 menit, dumugi toya ewah warna lan ambu khasipun medal.
*   **Nyaring:** Mateni geni, lajeng entasaken godhogan ngantos anget kuku. Saring ngginakaken kain resik supados ampasipun pisah saking toya saringan.

**4. Pandhuan Cara Ngginakaken lan Dosis ingkang Aman**
Kangge ngasilaken asil ingkang sae lan mikantuk kaslametan, sumangga dipunmanah pandhuan ing ngandhap punika:
*   **Cara Ngginakaken:** Godhogan imba punika dipunginakaken kangge ngumbah utawi kompres saking njawawi (mboten dipununjuk). Rendhem kain resik ing toya godhogan ingkang taksih anget, lajeng tempelaken kanthi alon wonten ing pérangan kulit ingkang gerah eksim selama 10 ngantos 15 menit.
*   **Dosis:** Lampahaken kompres utawi umbahan punika 2 ngantos 3 kali sedinten, inggih punika esuk lan sore.
*   **Wanti-wanti:** Saben tiyang gadhah kondisi kulit ingkang bènten. Saderengipun dipunginakaken, cobaaken sekedhik toya godhogan wonten ing kulit kangge mastikaken mboten wonten reaksi alergi. Menawi timbul rasa panas, kulit langkung abang, utawi iritasi, enggal-enggal dipunstop pangginanipun lan kumbah ngginakaken toya resik. Menawi gerah eksim mboten rereda utawi malah tambah parah, sumangga segera konsultasi kaliyan dokter utawi tenaga medis ingkang kompeten.

Mugi-mugi kanthi ikhtiar tradisional punika panjenangan saged enggal dipunparingi kasembuhan. Tansah ngatos-atos lan njagi kasarasan.","{""task"": ""preparation"", ""language"": ""jv"", ""jv_herb_name"": ""imba"", ""register"": ""Krama_Inggil""}",,
"As an ethnobotany expert, explain how to prepare Pare to treat Kencing Manis.","To treat Kencing Manis using Pare:
Ingredients:
- Pare
  Scientific name: Momordica charantia (L)
  Part: buah segar
  Dose: 3 x 100 g /hari

Preparation:
bahan dihaluskan, tambahkan setengah gelas air, peras dan saring, diminum sekaligus.

Safety Information:
Contraindications: kehamilan, menyusui dan anak.
Warnings: semua bagian tanaman dapat menurunkan kesuburan baik pria maupun wanita, (khususnya buah dan biji).
Side effects: sakit kepala, kejang (pada anak), koma hipoglikemi","As an ethnobotany expert, explain how to prepare the plant known as 'Pare' (bitter melon) to treat 'Kencing Manis' (a traditional term for diabetes mellitus). Please address the following specific parameters derived from the request:

- **Task**: Preparation methods
- **Language**: English (en)
- **Indication**: Kencing Manis

Original Request Data: {""task"": ""preparation"", ""language"": ""en"", ""indication"": ""Kencing Manis""}","The use of Pare (bitter melon, *Momordica charantia*) for managing Kencing Manis (diabetes mellitus) is a practice deeply rooted in Southeast Asian traditional medicine. However, because diabetes is a serious metabolic condition, it is vital to approach the application of this potent plant with significant caution. The compounds in Pare, such as charantin and polypeptide-p, can mimic insulin activity; while this is the mechanism by which it may help regulate blood sugar, it also introduces specific dangers, particularly if used alongside conventional medications. The following preparation methods are traditional complementary practices and must never replace prescribed medical care.

### Traditional Preparation Methods

The goal of these methods is to extract the active compounds while managing the plant's intense bitterness and minimizing stress on the digestive system. 

**1. Fresh Juice**
This is the most potent method and carries the highest risk of rapidly lowering blood sugar.
*   **Selection:** Choose fresh, firm, green bitter melons. Smaller, darker green fruits are often considered more potent. Avoid yellowing or overripe fruit.
*   **Preparation:** Wash the fruit thoroughly, cut it lengthwise, and scrape out the seeds and white pith, as these can be overly harsh on digestion. Cut the flesh into small chunks.
*   **Extraction:** Use a juicer or blender to extract the liquid. If using a blender, add a small amount of filtered water to facilitate processing, then strain the mixture through a fine cloth or sieve.
*   **Consumption:** Traditionally taken on an empty stomach in the morning. Due to its intensity, begin with a very small volume (e.g., 30–50 ml) diluted with water to assess tolerance. Never add sugar or sweeteners.

**2. Decoction (Herbal Tea)**
This method is milder than fresh juice and is often preferred for long-term, sustainable use.
*   **Preparation:** Slice a fresh bitter melon thinly. Alternatively, dried slices can be used. 
*   **Brewing:** Place approximately 50g of fresh slices into 500ml of water. Bring to a boil, then reduce the heat and simmer for 10 to 15 minutes until the water turns a pale yellow or green. If using dried slices, they can be steeped in hot water for a similar duration.
*   **Consumption:** Strain the liquid and drink it warm, once or twice daily. Again, do not add sugar.

**3. Culinary Integration**
Incorporating Pare into daily meals is the safest approach, providing a consistent, dietary level of exposure rather than a concentrated dose.
*   **Bitterness Reduction:** Slice the fruit thinly, rub it with a small amount of salt, and let it sit for 10 to 15 minutes. Rinse thoroughly before cooking to reduce extreme bitterness.
*   **Cooking:** Stir-fry with eggs, tofu, or lean meat, or add it to soups. Steaming or stir-frying is recommended. Avoid deep-frying, as high temperatures and saturated fats can counteract the plant's metabolic benefits.

### Critical Safety Considerations

It is necessary to speak plainly about the risks involved. Improper use of Pare can lead to severe health consequences.

*   **Hypoglycemia Risk:** If you are already taking insulin or oral hypoglycemic medications (such as metformin or glibenclamide), adding Pare can cause your blood sugar to drop to dangerously low levels (hypoglycemia). This can lead to dizziness, confusion, fainting, seizures, or even a hypoglycemic coma.
*   **Medical Supervision and Monitoring:** You must consult a physician before introducing Pare into your regimen. Monitor your blood glucose levels more frequently to determine how your body responds. If levels drop consistently lower than usual, your conventional medication dosage may need adjustment by a doctor.
*   **Contraindications:** Pare is strictly contraindicated for pregnant or breastfeeding women, as it contains compounds that may stimulate uterine activity. It should also not be given to children. Furthermore, all parts of the plant, particularly the fruit and seeds, have been associated with reduced fertility in both men and women. 
*   **Organ Health and Digestion:** Excessive consumption, especially of concentrated juice, can cause abdominal pain, diarrhea, vomiting, and headaches. Individuals with liver or kidney conditions should exercise extreme caution, as high doses may stress these organs.
*   **Surgical Procedures:** Discontinue the use of bitter melon at least two weeks before any scheduled surgery to prevent interference with blood sugar control during and after the procedure.

### A Measured Approach

The management of Kencing Manis requires a holistic and cautious view. Introduce Pare gradually, prioritize the stability of your health, and maintain open communication with your healthcare provider. Traditional wisdom is valuable, but it must be balanced with modern medical oversight to ensure the remedy does not cause harm.","{""task"": ""preparation"", ""language"": ""en"", ""indication"": ""Kencing Manis""}",,
"Minangka ahli etnobotani, nerangake carane nggawe jampi saka Pepaya kanggo nambani Fish Eyes.","Kanggo nambani Fish Eyes nggunakake Pepaya:
Bahan:
- Pepaya
  Jeneng Ilmiah: Carica papaya L
  Bagean: getah ing gagang woh
  Dosis: 3 x 1 stalk / dina.

Cara Nggawe:
1 woh enom dipun-iris ing gagang, jus sing metu dilebokake ing bagean sing kena.","Minangka ahli etnobotani, sumangga nerangaken kanthi rinci lan jangkep babagan tata cara nyiapaken jampi saking Pepaya kangge nambani penyakit 'Fish Eyes' (panu utawi kurap ingkang mirib mripat iwak).

Mangga dipun tindakaken miturut pandhuan ing ngandhap punika:
1. **Identifikasi Bahan**: Jelasaken bagean tanduran Pepaya ingkang kedah dipun ginakaken (godhong, woh, utawi getah).
2. **Proses Preparasi**: Urutaken langkah-langkah ngolah bahan kasebut dados jampi ingkang siyap dipun angge.
3. **Metode Aplikasi**: Terangaken caranipun ngagem jampi kasebut dhumateng ingkang sakit.
4. **Pepeling**: Sinaosa lan sebutaken kemungkinan efek samping utawi precautions ingkang perlu.

Kendala lan Konteks Tambahan:
{""task"": ""preparation"", ""language"": ""jv"", ""jv_herb_name"": ""Pepaya"", ""register"": ""Krama_Inggil""}

Cathetan: Responten kedah ngginakaken Basa Jawi Krama Inggil sakjeroning paneranganipun.","Kanthi asma Gusti Ingkang Maha Welas, keparenga kula ngaturaken tata cara nyiapaken jampi saking tanduran Pepaya kangge nambani gerah kulit ingkang dipunwastani 'Fish Eyes' utawi panu lan kurap ingkang wujudipun mirib mripat iwak. Mugi-mugi panerangan punika saged mupangati.

**1. Identifikasi Bahan**
Bagean tanduran Pepaya ingkang paling utami dipun-ginakaken inggih punika **getah (lateks)** saking woh pepaya ingkang taksih enom utawi saking gagang godhongipun. Getah punika ngandhut enzim *papain* ingkang saged mbantu ngikis lapisan kulit ingkang sakit sarta mateni jamur njalari gerah wau. Menawi kulit panjenengan kraos sensitif, godhong pepaya enom ingkang dipun-remes saged dados alternatif ingkang langkung alus, nanging getah woh enom langkung kiyat khasiatipun.

**2. Proses Preparasi**
Langkah-langkah ngolah bahan supados siyap dipun-angge tindakaken kanthi teliti:
*   **Ngresiki:** Kumbah tangan lan bagean pepaya ingkang badhe dipun-ginakaken ngginakaken toya resik kangge ngindhari kontaminasi bakteri.
*   **Njupuk Getah:** Iris woh pepaya enom utawi patahaken gagang godhong kanthi pisau resik. Tampung getah pethak ingkang medal ing wadhah alit ingkang steril (kados mangkok keramik ingkang sampun diseduh toya panas).
*   **Pencampuran (Opsional):** Kangge ngurangi rados panas ing kulit, getah saged dipun-campur sakedhik minyak kelapa utawi minyak zaitun lajeng diudak ngantos rata.
*   **Kesiapan:** Jampi punika kedah dipun-ginakaken nalika taksih seger supados khasiatipun saged maksimal.

**3. Metode Aplikasi**
Caranipun ngagem jampi dhumateng ingkang sakit kedah dipun-tindakaken kanthi alus lan miringsaken:
*   **Resikaken Kulit:** Kumbah bagean kulit ingkang gerah ngginakaken toya anget lan sabun ingkang lembut, lajeng dipun-asat ngginakaken andhuk resik kanthi cara ditepuk-tepuk, boten dipun-gosok kiyat.
*   **Olesaken Jampi:** Ngginakaken kapas resik, olesaken getah tipis-tipis mung ing bagean kulit ingkang sakit kemawon. Hindaraken kontak kaliyan kulit ingkang sehat ing sakupengipun.
*   **Ngentosi:** Entenaken kirang langkung 15-20 menit ngantos garing. Menawi kraos panas ingkang kelewat sakit, enggal-enggal dipun-bilas.
*   **Pambresihan:** Sasampunipun garing, bilas ngginakaken toya resik. Tindakaken menika kaping kalih sedinten, inggih punika enjang lan sonten sadéréngipun sare.

**4. Pepeling**
Demi kaslametan panjenengan, wonten sawetawis bab ingkang kedah dipun-gatosi sanget:
*   **Uji Sensitivitas:** Olesaken sakedhik jampi ing kulit tangan rumiyin. Menawi wonten reaksi abrit, gatel ingkang sanget, utawi bentol, enggal mandhegaken pangginanipun.
*   **Hindaraken Mripat:** Sanajan gerah punika dipun-wastani 'Fish Eyes', jampi punika **boten kangge organ mripat**, nanging kangge gerah kulit (panu/kurap) kemawon. Ampun ngantos getah mlebet ing mripat amargi saged njalari iritasi ingkang serius; menawi kena, enggal bilas ngginakaken toya mili ingkang kathah.
*   **Luka Terbuka:** Boten dipun-angge menawi kulit wonten tatu ingkang mbikak utawi getihen.
*   **Konsultasi:** Menawi sasampunipun sawetawis wekdal gerah boten membaik utawi tambah parah, sumangga kersa konsultasi dhumateng tenaga medis profesional. Jampi tradhisional punika minangka pendhamping, boten nggantosaken perawatan medis ingkang utami.

Mugi-mugi kanthi kesabaran lan ketelatenan ngrawat badan, gerah kulit panjenengan saged lekas waras. Rahayu.","{""task"": ""preparation"", ""language"": ""jv"", ""jv_herb_name"": ""Pepaya"", ""register"": ""Krama_Inggil""}",,
"As an ethnobotany expert, explain how to prepare Mengkudu to treat Encok /Pegal Linu.","To treat Encok /Pegal Linu using Mengkudu:
Ingredients:
- Mengkudu
  Scientific name: Morinda citrifolia (L)
  Part: buah segar
  Dose: 2 x 2-3 buah (100 ml)/hari

Preparation:
buah yang sudah menguning tapi belum menjadi lembut dihaluskan, peras, saring, dan diminum sekaligus.

Safety Information:
Contraindications: kehamilan, menyusui, anak, kadar kalium darah yg tinggi, alergi
Warnings: gangguan lambung karena berasa asam, obat antidiabetes dan obat penurun tekanan darah. buang air kecil dapat berwarna merah muda sampai merah kecoklatan.
Side effects: mengantuk, mual, muntah, alergi, peningkatan kadar kalium darah.","Act as an ethnobotany expert. Explain the traditional preparation methods for Mengkudu (Morinda citrifolia) to treat Encok (gout) and Pegal Linu (muscle aches/rheumatism).

Adhere to the following task parameters:
{""task"": ""preparation"", ""language"": ""en"", ""indication"": ""Encok /Pegal Linu""}

Your response must:
1. Define the medical conditions ""Encok"" and ""Pegal Linu"" within the context of traditional medicine.
2. Detail the step-by-step process for preparing Mengkudu specifically for these indications.
3. Include any relevant safety warnings or dosage considerations associated with this traditional remedy.
4. Maintain an informative, professional, and culturally respectful tone.","### Traditional Preparation of Mengkudu (*Morinda citrifolia*) for Encok and Pegal Linu

#### 1. Understanding the Conditions in Traditional Context
In Southeast Asian traditional medicine, health is often viewed through the balance of environmental and internal elements.

*   **Encok:** Traditionally understood as sudden, severe joint pain, swelling, and inflammation—typically in the big toe, knees, or hands. While biomedically aligned with gout (hyperuricemia), traditional practitioners often attribute *Encok* to an accumulation of ""toxins"" or ""wind"" (*angin*) in the joints, exacerbated by dietary imbalances like consuming high-purine foods.
*   **Pegal Linu:** A broader category of musculoskeletal discomfort encompassing deep muscle aches, stiffness, and rheumatism. Unlike the localized, acute nature of *Encok*, *Pegal Linu* is often chronic, affecting soft tissues and general mobility, and is associated with fatigue, aging, or exposure to dampness and cold.

#### 2. Preparation Methods
Administration varies by indication: internal consumption for *Encok* to address systemic inflammation and uric acid, and external application for *Pegal Linu* to relieve localized muscle pain.

**A. Internal Preparation for Encok (Juice)**
Traditional practice includes both immediate juice extraction and fermentation.

*Method 1: Fresh Juice*
1.  **Selection:** Use 2–3 fruits that are yellowing but not yet completely soft.
2.  **Cleaning:** Wash thoroughly. Do not peel, as medicinal compounds reside near the rind.
3.  **Extraction:** Cut the fruit, scoop out the pulp, and mash it. Squeeze the pulp firmly through a clean cloth or fine strainer to extract the juice.
4.  **Dilution & Consumption:** Mix approximately 30–50 ml of the pure juice with an equal amount of water. It may be mixed with honey or lime to mitigate the potent, acidic taste. Drink immediately to prevent oxidation.

*Method 2: Fermented Juice*
1.  **Selection:** Use 3–5 fully ripe, soft fruits.
2.  **Preparation:** Wash and cut fruits into quarters, keeping the skin on.
3.  **Fermentation:** Place the fruit pieces into a clean glass jar with an airtight lid. Store in a cool, dark place for 7–14 days. Fermentation is traditionally believed to enhance bioavailability and reduce the harshness of the raw juice.
4.  **Filtration:** Strain the liquid through cheesecloth to remove seeds and pulp residue before consumption.

**B. External Preparation for Pegal Linu (Poultice and Oil)**

*Method 1: Warm Leaf Poultice*
1.  **Selection:** Take 3–5 fresh, young Mengkudu leaves.
2.  **Warming:** Briefly pass the leaves over a low flame or steam them for 1–2 minutes until soft and warm. Do not scorch them.
3.  **Application:** Apply the warm leaves directly to the affected area (e.g., lower back or stiff neck).
4.  **Securing:** Wrap with a clean cloth to hold them in place and retain heat. Leave for 15–30 minutes until cooled.

*Method 2: Fruit Poultice or Infused Oil*
1.  **Preparation:** Mash ripe fruit flesh into a smooth paste.
2.  **Poultice:** Warm the paste slightly over a double boiler. Wrap it in cotton cloth and apply to the affected area for 20–30 minutes.
3.  **Infused Oil:** Mix mashed pulp with a carrier oil like coconut oil (1:2 ratio). Heat gently on low for 30 minutes, strain, and store in a dark bottle. Massage into aching muscles twice daily.

#### 3. Dosage Considerations
*   **Internal:** The traditional adult dosage is 30–50 ml (approximately 2–3 tablespoons) once or twice daily, preferably in the morning. It should not be consumed continuously for long periods without a break; limit internal use to no more than two weeks without professional consultation.
*   **External:** Apply poultices or oils as needed, up to twice daily. Do not apply to open wounds.

#### 4. Safety Warnings and Contraindications
Mengkudu possesses potent pharmacological properties and must be treated with the same caution as conventional medicine.

*   **Kidney Function:** Mengkudu is high in potassium. Individuals with chronic kidney disease or those on potassium-sparing diuretics must avoid internal consumption due to the risk of hyperkalemia (dangerously high blood potassium).
*   **Liver Health:** Isolated reports link excessive consumption to liver injury. Those with pre-existing liver conditions should consult a healthcare provider before use.
*   **Pregnancy, Breastfeeding, and Children:** Traditional wisdom advises against internal use during pregnancy (it may stimulate uterine contractions) and breastfeeding. It is also contraindicated for children.
*   **Medication Interactions:** Mengkudu can interact with blood pressure medications (risk of hypotension), blood thinners like warfarin (risk of bleeding), antidiabetic drugs, and prescription diuretics.
*   **Digestive Sensitivity:** The juice is acidic and contains anthraquinones. Excessive consumption may cause stomach discomfort, nausea, vomiting, or act as a laxative. Begin with a smaller dose to assess tolerance.
*   **Other Side Effects:** May cause drowsiness. Consumption can temporarily turn urine pink to reddish-brown.
*   **Acute Symptoms:** If *Encok* presents with extreme swelling, fever, or immobility, or if *Pegal Linu* is accompanied by numbness or loss of function, seek immediate medical evaluation. Traditional remedies are best suited for maintenance, not emergency care.

#### 5. Integrative Note
While Mengkudu has a longstanding history of use for *Encok* and *Pegal Linu*, it is a complementary approach and not a substitute for professional medical diagnosis or treatment. Always inform your healthcare provider about any herbal remedies you incorporate into your regimen.","{""task"": ""preparation"", ""language"": ""en"", ""indication"": ""Encok /Pegal Linu""}",,
"As an ethnobotany expert, explain how to prepare Alang-alang to treat Melancarkan Air Seni.","To treat Melancarkan Air Seni using Alang-alang:
Ingredients:
- Alang-alang
  Scientific name: Imperata cylindrica L
  Part: akar
  Dose: 3 x 100 g akar/hari

Preparation:
bahan direbus dengan 3 gelas air sampai tersisa 1 gelas, dinginkan, saring, dan dapat diminum dengan menambahkan gula batu secukupnya.

Safety Information:
Warnings: alergi
Side effects: pusing, mual, peningkatan buang air kecil","As an ethnobotany expert, explain how to prepare Alang-alang to treat ""Melancarkan Air Seni"" (a traditional indication for promoting urine flow/diuretic effect).

Please structure your response as follows:
1. **Botanical Context**: Briefly identify Alang-alang (Imperata cylindrica) and its traditional relevance.
2. **Preparation Method**: Provide clear, step-by-step instructions on how to prepare the herb specifically for this indication.
3. **Usage Guidelines**: Explain dosage, frequency, and any traditional precautions.

Reference the following task parameters in your explanation:
{""task"": ""preparation"", ""language"": ""en"", ""indication"": ""Melancarkan Air Seni""}","1. **Botanical Context**
Alang-alang, scientifically known as *Imperata cylindrica*, is a perennial grass widespread across Southeast Asia. While frequently considered an agricultural weed, its underground stems (rhizomes) hold significant standing in traditional healing systems, such as Indonesian Jamu. The rhizomes are typically white, segmented, and mildly sweet, containing compounds like flavonoids and triterpenoids that are subjects of ongoing pharmacological study regarding renal function. Traditionally, Alang-alang is associated with cooling properties and is indicated for ""Melancarkan Air Seni""—the promotion of urine flow or diuretic effect. However, it is vital to recognize that this use is based on historical practice rather than conclusive modern clinical validation. Furthermore, urinary difficulties can be symptomatic of severe underlying conditions, such as kidney stones, infections, or prostate enlargement, which require professional medical diagnosis.

2. **Preparation Method**
The traditional preparation involves creating a decoction from the rhizomes. Because the roots grow underground, hygiene and sourcing are critical to avoid soil contaminants, heavy metals, or pesticides.

*   **Sourcing and Cleaning:** Obtain dried rhizomes from a reputable supplier. If using fresh roots, wash them thoroughly under running water, scrubbing gently with a soft brush to remove all soil and sand, as residual sediment can irritate the urinary tract.
*   **Processing:** Cut the cleaned rhizomes into small segments (approximately 2 to 3 centimeters). Lightly bruising the segments can help release active compounds during boiling.
*   **Decoction:** Place 10 to 30 grams of the prepared rhizomes into a non-reactive pot (such as stainless steel or clay; avoid aluminum). Add 600 milliliters (about 3 cups) of clean drinking water.
*   **Boiling:** Bring the water to a boil, then reduce the heat to a low simmer. Cover the pot and allow it to simmer for 15 to 20 minutes. The liquid should reduce slightly and take on a pale yellow to light brown hue.
*   **Straining:** Remove the pot from heat and strain the liquid through a fine mesh or cloth to remove all plant material.
*   **Serving:** The decoction is traditionally consumed warm. Rock sugar may be added for taste if desired. It is best prepared fresh daily rather than stored to prevent microbial growth.

3. **Usage Guidelines**
**Important Safety Notice:** Using diuretic herbs without a proper medical diagnosis can sometimes worsen urinary conditions. It is strongly advised to consult a qualified healthcare provider before initiating this regimen, particularly if you have pre-existing kidney or heart conditions.

*   **Dosage and Frequency:** Traditionally, one cup (approximately 200 ml) of the warm decoction is consumed, once or twice daily. 
*   **Duration:** Use should be restricted to short-term support (3 to 5 days). If symptoms persist beyond this period, usage must cease immediately.
*   **Precautions and Contraindications:**
    *   **Medical Interactions:** Alang-alang may interact with prescription diuretics, blood pressure medications, lithium, or diabetes drugs. Combining them without oversight can lead to dangerous electrolyte imbalances or hypotension.
    *   **Existing Conditions:** Individuals with compromised kidney function or electrolyte imbalances should exercise extreme caution, as increasing urine flow may place additional stress on damaged organs.
    *   **Pregnancy and Lactation:** Due to insufficient safety data, use during pregnancy or breastfeeding is generally advised against.
    *   **Hydration:** Ensure adequate water intake throughout the day. Diuretics increase fluid loss, and dehydration must be avoided.
    *   **Adverse Reactions:** Discontinue use immediately if you experience nausea, dizziness, pain, changes in urine color, or any worsening of symptoms.

*Note: This information reflects traditional ethnobotanical practices and is for educational purposes only. It is not a substitute for professional medical advice, diagnosis, or treatment.*","{""task"": ""preparation"", ""language"": ""en"", ""indication"": ""Melancarkan Air Seni""}",,
"As an ethnobotany expert, explain how to prepare Kelor to treat Kurang Darah.","To treat Kurang Darah using Kelor:
Ingredients:
- Kelor
  Scientific name: Moringa oleifera Lam.
  Part: daun segar
  Dose: Dosis a) dewasa : 2 x 2 genggam daun/hari b) anak : 2 x 1 genggam daun/hari

Preparation:
bahan direbus dengan 2 gelas air hingga tinggal 1 gelas, saring, dan diminum selagi hangat.

Safety Information:
Contraindications: jangan mengkonsumsi akar, batang atau bunga kelor dalam kondisi hamil dan menyusui, karena mengandung senyawa yang menyebabkan kontraksi uterus.
Warnings: ekstrak daun kelor dapat menurunkan kadar gula darah
Side effects: aman dikonsumsi sampai 6 g sehari selama 3 minggu. Dosis berlebih bisa menyebabkan kerusakan hati dan ginjal, serta menghambat pembentukan sperma.","Act as an expert in ethnobotany. Explain the traditional preparation methods for Kelor (Moringa oleifera) to treat Kurang Darah (anemia). Adhere strictly to the following parameters provided in JSON format:

{""task"": ""preparation"", ""language"": ""en"", ""indication"": ""Kurang Darah""}

Ensure your response:
1. Defines key terms like 'Kelor' and 'Kurang Darah' for clarity.
2. Details the step-by-step preparation process.
3. Maintains a professional, educational tone suitable for someone seeking herbal remedies.
4. Is written entirely in English as specified.","### Understanding the Terminology

To approach this traditional remedy with clarity, it is essential to first define the core components involved.

**Kelor (*Moringa oleifera*)**
Often referred to as the ""drumstick tree"" or ""miracle tree,"" Kelor is deeply integrated into Indonesian herbal culture. Ethnobotanical practice highlights its leaves as a dense source of nutrients—particularly iron, vitamin A, vitamin C, and protein—making them a valuable therapeutic agent for strengthening vitality and supporting blood health.

**Kurang Darah (Anemia)**
Literally translating to ""lack of blood,"" this term describes anemia—a condition occurring when the blood lacks enough healthy red blood cells or hemoglobin to carry adequate oxygen to the body's tissues. Symptoms often include persistent fatigue, weakness, pallor, and shortness of breath. While nutritional deficiency is a common cause, anemia can also stem from chronic disease or internal bleeding, making professional diagnosis crucial.

### Traditional Preparation Methods

The efficacy of Kelor relies heavily on proper preparation. Excessive heat degrades sensitive vitamins like vitamin C, which are essential for iron absorption. Therefore, traditional methods prioritize minimal processing to retain nutrient integrity.

#### Method 1: Fresh Leaf Soup (*Sayur Bening Kelor*)
This is the most common household preparation, designed for immediate consumption to maximize nutrient intake.

1.  **Selection and Cleaning:** Harvest young, tender leaves, stripping the leaflets from the tough stems. Rinse thoroughly under running water to remove dust and potential contaminants.
2.  **Broth Preparation:** Bring approximately 500 ml of water to a boil. You may optionally add a slice of ginger or turmeric, traditionally used to aid digestion and absorption.
3.  **Cooking:** Add the leaves to the boiling water and simmer for no more than 3 to 5 minutes. Prolonged boiling diminishes the plant's medicinal value; the goal is to wilt the leaves without destroying their nutrients.
4.  **Enhancing Absorption:** Remove from heat and serve warm. It is crucial to consume this alongside a source of vitamin C, such as a squeeze of fresh lime or tomato slices, to help the body absorb the non-heme iron found in the plant.

#### Method 2: Dried Leaf Powder (*Tepung Kelor*)
This method allows for preservation and concentrated usage when fresh leaves are unavailable.

1.  **Drying:** Spread cleaned leaves in a single layer in a shaded, well-ventilated area away from direct sunlight, which degrades phytochemicals. Allow them to dry until crisp enough to crumble (usually 2–3 days).
2.  **Grinding:** Once fully dried, grind the leaves into a fine powder using a mortar and pestle or a clean grinder.
3.  **Storage:** Store the powder in an airtight container away from moisture and light.
4.  **Consumption:** Mix one to two teaspoons of the powder into warm water, porridge, or soup. Do not boil the powder directly for extended periods; stir it in just before serving.

### Guidelines for Enhancing Absorption

Iron from plant sources is not absorbed as easily as iron from animal sources. To maximize the benefit for *Kurang Darah*:
*   Always consume Kelor with Vitamin C to enhance iron uptake.
*   Avoid consuming Kelor simultaneously with tea, coffee, or dairy products, as tannins and calcium can inhibit iron absorption.

### Important Safety Considerations

While Kelor offers a gentle, nutrient-rich way to support blood health, approaching it as a remedy requires caution and sobriety regarding its limitations.

*   **Complementary, Not Curative:** Traditional preparations support nutrition but should not replace a professional medical diagnosis. Anemia can stem from serious underlying conditions requiring clinical intervention.
*   **Medication Interactions:** Kelor may lower blood sugar and blood pressure, compounding the effects of prescription drugs. Additionally, due to its nutrient density, it may interact with blood-thinning medications. Those on diabetes, hypertension, or anticoagulant drugs should exercise caution.
*   **Pregnancy:** Pregnant women should consult a medical professional before using medicinal amounts. While the leaves are generally considered safer, the roots and bark contain compounds that can induce uterine contractions.
*   **Dosage Moderation:** Excessive consumption may lead to digestive discomfort. Consistency over time is more effective than large, infrequent doses.

The wisdom of using Kelor lies in its integration into a balanced diet. However, if symptoms of anemia persist or worsen, seek professional medical attention immediately.","{""task"": ""preparation"", ""language"": ""en"", ""indication"": ""Kurang Darah""}",,
"As an ethnobotany expert, explain how to prepare Tapak liman to treat Penurun Demam.","To treat Penurun Demam using Tapak liman:
Ingredients:
- Tapak liman
  Scientific name: Elephantopus scaber L.
  Part: daun
  Dose: 1 x 2 daun/hari

Preparation:
bahan direbus dengan 2 gelas air menjadi separuhnya, dinginkan, saring, dan diminum sekaligus.

Safety Information:
Contraindications: kehamilan, menyusui dan anak
Side effects: dosis besar menimbulkan gemetar dan kelemahan otot","As an ethnobotany expert, explain how to prepare Tapak liman (Elephant's foot plant) to treat Penurun Demam (fever reduction).

Please adhere to the following constraints:
- **Role**: Act as a knowledgeable ethnobotanist.
- **Task**: Provide a detailed preparation method for the specified plant and indication.
- **Language**: English.
- **Context Data**: {""task"": ""preparation"", ""language"": ""en"", ""indication"": ""Penurun Demam""}

Ensure your response clarifies any traditional terminology while maintaining scientific accuracy.","### Traditional Preparation of Tapak Liman for Fever Reduction

**Plant Identification and Terminology**
The plant commonly known as **Tapak liman** (literally ""Elephant's Foot"" in Malay/Indonesian) is scientifically identified as *Elephantopus scaber* L., belonging to the Asteraceae family. It is a perennial herb characterized by rough, hairy leaves arranged in a rosette pattern at the base. Correct identification is critical, as common names can vary regionally. The indication **Penurun Demam** translates to ""fever reducer"" or ""antipyretic,"" describing remedies intended to lower body temperature and alleviate symptoms associated with febrile conditions.

**Preparation Method: Aqueous Decoction**
The most common traditional method for extracting the active compounds is a water decoction, which draws out water-soluble constituents including sesquiterpene lactones and flavonoids associated with anti-inflammatory and antipyretic properties.

**Materials Required:**
* Fresh Tapak liman leaves (approximately 10–15 grams or 10–15 medium-sized leaves; if using dried material, reduce quantity by half)
* Clean water (approximately 600–750 ml)
* A non-reactive pot (stainless steel, ceramic, glass, or clay; avoid aluminum or iron)
* Strainer or cheesecloth

**Step-by-Step Procedure:**

1. **Harvesting and Cleaning:**
   Select mature leaves from a healthy plant, ideally harvested in the morning after dew has dried. Rinse thoroughly under running water to remove soil and debris. Gently bruise or crush the leaves using a mortar and pestle or by hand—this mechanical disruption helps break cell walls, facilitating the release of phytochemicals during boiling.

2. **Boiling (Decoction):**
   Place the crushed leaves into the pot and add the water. Bring the mixture to a boil over medium heat. Once boiling, reduce the heat to low and allow it to simmer uncovered for 15–20 minutes until the liquid reduces by approximately one-third to one-half (leaving about 200–250 ml). This concentration ensures a potent extract. The liquid will change color to a pale yellow or greenish-brown.

3. **Straining and Cooling:**
   Remove from heat and strain the liquid through a fine mesh or cheesecloth into a clean container, discarding the plant matter. Allow the decoction to cool until warm to the touch. It is traditionally consumed warm to promote sweating, which aids in thermoregulation.

**Administration and Dosage**
In traditional practice, the resulting decoction is typically consumed in doses of approximately 100–200 ml. A common regimen involves drinking one cup once or twice daily (morning and evening) for up to three days. It is advised to discontinue use once the fever subsides.

**Scientific Context**
Modern pharmacological studies on *Elephantopus scaber* have identified compounds such as deoxyelephantopin and isodeoxyelephantopin (sesquiterpene lactones), which exhibit anti-inflammatory and potential antipyretic activities in laboratory settings, providing a scientific basis for the traditional use in managing fever. However, clinical data on humans remains limited.

**Safety Considerations**
* **Medical Consultation:** Fever is a symptom, not a disease, and can indicate serious underlying conditions. This preparation should not replace professional medical diagnosis or treatment, particularly for high fevers (exceeding 39°C/102.2°F), children, or the elderly.
* **Contraindications:** Traditional guidelines advise against use during pregnancy, lactation, and in children due to insufficient safety data.
* **Allergies:** Individuals with known allergies to plants in the Asteraceae family (such as ragweed or daisies) should avoid this plant.
* **Side Effects:** Excessive consumption may lead to gastrointestinal discomfort. Large doses have been reported to cause tremors and muscle weakness.
* **Drug Interactions:** Individuals taking medication for diabetes or hypertension should exercise caution, as the plant may potentiate the effects of these drugs.
* **Hydration:** Maintaining adequate water and electrolyte intake is critical when managing fever alongside any herbal regimen.

This information reflects documented ethnobotanical practices and is intended for educational purposes. Always prioritize evidence-based medical advice for acute health conditions.","{""task"": ""preparation"", ""language"": ""en"", ""indication"": ""Penurun Demam""}",,
"Minangka ahli etnobotani, nerangake carane nggawe concoction saka Black Gum kanggo nambani Nifas.","Kanggo nambani postpartum nggunakake Black Gum:
Bahan:
- Black Gathering
  Jeneng ilmiah: Curcuma aeruginosa Roxb.
  Bagian: rimpang seger
  Dosis: 1 x 2 driji rimpang / dina, suwene 3 dina

Cara Nggawe:
úa wis digiling, brewed karo 1 tuwung saka nggodhok banyu, supados ngadeg, ketegangan, kelangan lan ngunjuk bebarengan.","Minangka ahli etnobotani, mangga nerangaken kanthi rincin caranipun nyiapaken concoction saking Black Gum kangge nambani Nifas (masa pulih pascanipun nglairaken). 

Instruksi khusus:
- Basa ingkang dipunginakaken: Basa Jawa Krama Inggil.
- Asil ingkang dipunserat kedah ngemot data ing ngandhap punika persis sakderengipun dipunproses:
{""task"": ""preparation"", ""language"": ""jv"", ""jv_herb_name"": ""Temu Hitam"", ""register"": ""Krama_Inggil""}

Mangga dipunjelasan langkah-langkahipun, takaran, lan cara panggodhoganipun kanthi langkung jangkep.","{""task"": ""preparation"", ""language"": ""jv"", ""jv_herb_name"": ""Temu Hitam"", ""register"": ""Krama_Inggil""}

Sugeng rawuh, Ibu. Mugi-mugi Ibu tansah pinaringan kasarasan lan kekiyatan ing masa pulih pascanipun nglairaken. Masa nifas menika wektu ingkang suci lan penting sanget, mula badan Ibu perlunipun wektu kangge istirahat lan perawatan ingkang telaten. Ing tradhisi leluhur Jawi, Temu Hitam (Curcuma aeruginosa) asring dipungunakaken kangge ngiyataken rahim lan ngresiki getih ingkang taksih sisa pascanipun nglairaken.

Menawi Ibu kepingin nyiapaken ramuan punika kanthi trep, sumangga dipunmanah langkah-langkah ing ngandhap punika kanthi teliti. Pandhuan punika disusun kanthi prinsip kehati-hatian lan ngurmati badan Ibu ingkang nembe rapuh.

**Bahan-bahan ingkang dipunbetahaken:**
1. Rimpang Temu Hitam seger lan saé kualitasipun, kinten-kinten 20 gram.
2. Jahe abrit ingkang emut, kinten-kinten 10 gram (kangge ngangetaken badan).
3. Gula Jawa utawi gula aren asli, kinten-kinten 15 gram (kangge nyeyekaken raos lan nambah tenaga).
4. Toya resik kinten-kinten 600 ml (3 gelas).
5. Seret kayu manis sakedhap (opsional, kangge ngewangi aroma).

**Langkah-langkah Panggodhogan:**

1. **Ngresiki Bahan:**
   Kaping sepindah, resikaken rimpang Temu Hitam lan Jahe ngagem toya ngalir. Menawi perlu, sikat alon-alon ngagem sikat ingkang lembut supados kulit njawinipun boten rusak, lajeng dipunupas tipis ngagem pisau ingkang resik.

2. **Ngiris lan Ngepeng:**
   Iris tipis-tipis rimpang Temu Hitam lan Jahe punika. Sasampunipun dipuniris, gepekan utawi memarkan sakedhap supayang sarinipun gampil medal nalika dipungodhog.

3. **Proses Nggodhog:**
   Lebetaken irisan rimpang, gula Jawa, lan kayu manis menawi wonten, dalem panci ingkang resik. Panci ingkang sae dipunginakaken menika saking tanah, kaca, utawi stainless steel; ampun ngginakaken aluminium supados khasiatipun boten ical. Tuangaken toya resik 3 gelas wau.

4. **Wektu Nggodhog:**
   Godhog ngagem geni alit. Dipunbiyaraken ngantos mendidih lan toya susut dados kirang langkung 1 gelas (200 ml) utawi kinten-kinten 15 dumugi 20 menit. Tandha menawi warninipun sampun owah dados kuning peteng utawi kecoklatan saha aromanipun wangi khas rempah.

5. **Nyaring lan Ngyekaken:**
   Mateni geni. Tunggu ngantos anget suam-suam kuku. Saring ramuan punika ngagem kain resik utawi saringan supados ampasipun ical. Lebetaken dalem cangkir ingkang resik. Menawi kepingin langkung sedhep, saged dipuntambahi madu murni nalika taksih anget.

**Aturan Ngunjuk:**
Ramuan punika saéipun dipununjuk nalika anget, kinten-kinten setunggal gelas alit (100-150 ml), kaping kalih sedinten inggih menika enjang lan sonten sasampunipun nedha. Lampahi punika selama masa nifas (kirang langkung 40 dinten), nanging ampun ngunjuk kalebeten kathah, cukup sekedhap kemawon kangge njagi keseimbangan badan.

**Perangan ingkang Perlun Dipunmanah:**
Ibu ingkang kinurmatan, sanajan ramuan punika warisan leluhur ingkang sampun lami dipunpraktikaken, saben badan manungsa punika unik. Menawi Ibu ngraosaken wonten owah-owahan ingkang boten biasa, misalipun nyeri ingkang minguat utawi alergi, sumangga enggal dipunhentikan panggunaanipun. Sangayogyipun, panggunaan jamu punika dipunkonsultasikaken rumiyin kaliyan Bidan utawi Dokter ingkang ngrawat Ibu, mliginipun menawi Ibu saweg ngonsumsi obat-obatan medis sanesipun utawi nalika masa nifas wonten komplikasi. Perawatan tradisional punika pendamping ingkang sae kangge perawatan medis ingkang utami, sanados dados penggantos.

Mugi-mugi Ibu cepet waras lan saged ngemban peran anyar kanthi kebak tresna lan katentreman.","{""task"": ""preparation"", ""language"": ""jv"", ""jv_herb_name"": ""Temu Hitam"", ""register"": ""Krama_Inggil""}",,
"As an ethnobotany expert, explain how to prepare Bengle to treat Sakit Kepala Tujuh Keliling.","To treat Sakit Kepala Tujuh Keliling using Bengle:
Ingredients:
- Bengle
  Scientific name: Zingiber purpureum Roxb
  Part: rimpang segar
  Dose: 2 x 5 g rimpang/hari

Preparation:
Bahan dihaluskan, tambahkan sedikit air sampai menjadi adonan seperti bubur, dipakai di pelipis dan biarkan sampai kering.","As an ethnobotany expert, provide a detailed guide on how to prepare 'Bengle' (Zingiber officinale var. amarum, a specific variety of ginger used in traditional Indonesian medicine) to treat 'Sakit Kepala Tujuh Keliling' (a traditional term describing a severe, wrapping headache). 

Please structure your response to cover:
1. **Identification**: Confirm the botanical identity and traditional context of the ingredients.
2. **Preparation Method**: Step-by-step instructions on cleaning, processing, and brewing the remedy.
3. **Dosage and Administration**: Traditional guidelines for consumption.
4. **Safety Note**: Any relevant precautions or contraindications.

Use the following context parameters for your response:
{""task"": ""preparation"", ""language"": ""en"", ""indication"": ""Sakit Kepala Tujuh Keliling""}","### 1. Identification

**Botanical Identity:**
The rhizome traditionally known as **Bengle** is botanically classified as *Zingiber purpureum* Roxb. While sometimes confused with bitter ginger varieties (*Zingiber officinale var. amarum*), true Bengle is a distinct species from common ginger. It is characterized by a darker, often purplish hue on its skin and a sharper, more pungent aroma and taste. 

**Traditional Context:**
'Sakit Kepala Tujuh Keliling' describes a severe headache that feels as though a tight band is wrapping around the head multiple times. In Indonesian traditional medicine, this condition is often attributed to internal imbalances or ""wind"" (*masuk angin*). Bengle is highly valued for its potent warming properties, which are believed to improve blood circulation and relieve the stagnation causing this specific type of pain.

### 2. Preparation Method

**Ingredients:**
*   15–20 grams of fresh Bengle rhizome (approximately thumb-sized)
*   400–500 ml of clean water
*   Clay or stainless steel pot (avoid aluminum)

**Step-by-Step Instructions:**
1.  **Cleaning:** Thoroughly wash the rhizome under running water, using a soft brush to remove all soil. Do not peel the skin, as many active compounds reside near the surface.
2.  **Processing:** Slice the rhizome into thin, coin-shaped discs (about 2–3mm thick) or lightly bruise it with a mortar and pestle. This breaks the fibers to release essential oils without making the decoction gritty.
3.  **Brewing:** Place the prepared Bengle into the pot with the water. Bring to a gentle boil over medium heat, then reduce to a low simmer. Cover the pot loosely.
4.  **Simmering:** Allow the mixture to simmer for 10 to 15 minutes. The liquid should reduce slightly and take on a pale yellow hue with a strong, spicy aroma. Avoid a rolling boil, which can dissipate the volatile oils.
5.  **Straining:** Remove from heat and strain the warm liquid into a cup, discarding the solids.

*Note on Topical Application:* In some local traditions, Bengle is also used externally for this condition. The fresh rhizome is mashed into a paste with a small amount of water and applied directly to the temples (*pelipis*) until dry, providing localized relief alongside the internal remedy.

### 3. Dosage and Administration

*   **Consumption:** Drink the decoction while it is still warm. The warmth is considered essential for maximizing the circulatory and warming effects needed to alleviate the headache.
*   **Quantity:** Drink one cup (approximately 150–200 ml) per serving.
*   **Frequency:** Take 1 to 2 times daily, preferably after a light meal to minimize gastric discomfort.
*   **Duration:** Use for acute relief for up to 3 days. If symptoms persist beyond this period, discontinue use.
*   **Complementary Action:** Rest in a darkened, quiet room immediately after consumption to allow the remedy to take full effect.

### 4. Safety Note

While a natural remedy, Bengle is potent and requires careful use:

*   **Medical Red Flags:** 'Sakit Kepala Tujuh Keliling' can mimic serious conditions. If the headache is sudden and explosive, or accompanied by vision changes, stiff neck, high fever, or severe vomiting, seek immediate professional medical attention.
*   **Gastric Sensitivity:** Bengle is highly pungent and can increase stomach acid. Those with gastritis, acid reflux, or stomach ulcers should use extreme caution, always consume after food, or avoid it entirely.
*   **Pregnancy and Nursing:** Pregnant or breastfeeding individuals should avoid medicinal doses of Bengle without consulting a healthcare provider, as strong warming herbs can stimulate uterine activity.
*   **Medication Interactions:** Ginger varieties can affect blood circulation and pressure. Consult a doctor before use if taking blood-thinning medications (e.g., warfarin) or antihypertensive drugs.
*   **Allergic Reaction:** Discontinue use immediately if you experience itching, rash, or difficulty breathing.","{""task"": ""preparation"", ""language"": ""en"", ""indication"": ""Sakit Kepala Tujuh Keliling""}",,
"As an ethnobotany expert, explain how to prepare Sambiloto to treat Eksim.","To treat Eksim using Sambiloto:
Ingredients:
- Sambiloto
  Scientific name: Andrographis paniculata (Burm. f) Nees
  Part: herba segar
  Dose: 1x15 lembar daun/hari

Preparation:
bahan diseduh dengan 1 cangkir air mendidih, dinginkan, saring dan diminum sekaligus.

Safety Information:
Contraindications: kehamilan, menyusui, alergi, anak
Warnings: hati-hati pada orang yang diterapi obat pengencer darah.
Side effects: alergi dosis besar menimbulkan rasa tidak enak di perut, mual, muntah, tidak nafsu makan mungkin karena rasa pahitnya.","As an ethnobotany expert, explain how to prepare Sambiloto (Andrographis paniculata) to treat Eksim (eczema).

Please address the following:
- **Preparation Methods**: Detail the specific steps for preparing Sambiloto for this indication, including dosage forms (e.g., poultice, wash, decoction).
- **Safety & Contraindications**: Highlight any known side effects, interactions, or precautions associated with this treatment.
- **Scientific Context**: Briefly mention the active compounds responsible for its efficacy against eczema.

User Task Parameters:
{""task"": ""preparation"", ""language"": ""en"", ""indication"": ""Eksim""}","### Traditional Preparation of Sambiloto (*Andrographis paniculata*) for Eczema

Sambiloto, often called the ""King of Bitters,"" has a respected place in Southeast Asian traditional medicine for managing inflammatory skin conditions like eksim (eczema). Because eczema involves a compromised skin barrier, topical applications are generally preferred over internal consumption to minimize systemic effects while directly addressing local inflammation. 

#### Preparation Methods

**1. Herbal Wash or Compress (Decoction)**
This method is highly suitable for widespread, weeping, or highly inflamed patches where a poultice might be too abrasive.
*   **Ingredients:** 15–30 grams of dried Sambiloto leaves (or a handful of fresh leaves) and 500 ml to 1 liter of clean water.
*   **Procedure:** 
    1. Rinse the leaves thoroughly to remove any soil or contaminants.
    2. Place the leaves in a non-reactive pot (stainless steel or glass) with the water.
    3. Bring to a boil, then reduce the heat and simmer for 15–20 minutes until the liquid reduces slightly and turns a dark greenish-brown.
    4. Remove from heat, strain out the plant matter, and allow the liquid to cool completely to room temperature.
*   **Application:** Soak a clean cotton cloth in the decoction and gently apply it as a compress for 10–15 minutes, or use the liquid to carefully wash the affected areas. Pat the skin dry gently; do not rub. Discard any unused liquid after 24 hours to prevent bacterial growth.

**2. Fresh Leaf Poultice**
Reserved for localized, thickened, or non-weeping patches of eczema, this method is more potent but carries a higher risk of irritation.
*   **Ingredients:** 10–15 fresh, young Sambiloto leaves and 1 tablespoon of a carrier oil (such as virgin coconut oil or olive oil) to mitigate dryness.
*   **Procedure:** 
    1. Wash the leaves thoroughly and crush them using a mortar and pestle until a thick paste forms.
    2. Mix the paste with the carrier oil to create a smooth consistency.
*   **Application:** Apply a thin layer to the affected area. Leave on for no more than 15–20 minutes initially, then rinse gently with lukewarm water. Limit use to once daily to monitor skin tolerance.

**3. Internal Decoction (Traditional ""Blood Cooling"")**
Traditionally, eczema is sometimes addressed systemically by ""cooling the blood."" However, internal use requires strict dosage control due to the plant's potency.
*   **Preparation:** Steep 1–2 grams of dried herb in hot water for 10 minutes, or simmer 15 fresh leaves in a cup of boiling water.
*   **Dosage:** Traditionally limited to one cup per day for short durations (5–7 days). Long-term internal use is not recommended without professional supervision.

#### Scientific Context

The therapeutic potential of Sambiloto for eczema is attributed primarily to its phytochemical profile, specifically diterpenoid lactones known as **andrographolides**, alongside various flavonoids. Research indicates that andrographolides possess significant anti-inflammatory and immunomodulatory properties. They work by inhibiting specific inflammatory pathways (such as NF-κB) and reducing the release of pro-inflammatory cytokines and histamine, which are responsible for the itching, redness, and swelling of eczema. Additionally, the plant exhibits mild antimicrobial activity, which may help prevent secondary bacterial infections in compromised skin.

#### Safety & Contraindications

While natural, Sambiloto is pharmacologically active and must be used with caution, especially on compromised skin.

*   **Patch Testing:** Before full application, perform a patch test. Apply a small amount of the preparation to a healthy area of skin (like the inner forearm) and wait 24 hours. If redness, burning, or increased itching occurs, discontinue use immediately.
*   **Broken Skin:** Do not apply preparations to open, oozing, or severely broken skin without professional guidance, as this may cause stinging or introduce contaminants.
*   **Pregnancy and Breastfeeding:** Sambiloto is traditionally known to have abortifacient properties and can stimulate uterine activity. It must **never** be used internally during pregnancy and should be avoided topically unless under strict medical supervision. It is also not recommended while breastfeeding.
*   **Autoimmune Conditions:** Because the herb can stimulate the immune system, individuals with autoimmune diseases (such as lupus or rheumatoid arthritis) should avoid it, as it may exacerbate symptoms.
*   **Drug Interactions:** Sambiloto may interact with anticoagulants (potentially increasing bleeding risk), immunosuppressants, and antihypertensive medications (potentially causing hypotension). 
*   **Surgery:** Due to potential effects on blood clotting and blood pressure, discontinue use at least two weeks before any scheduled surgery.
*   **Side Effects:** Topical use may cause contact dermatitis, dryness, or stinging. Internal use can cause gastrointestinal upset, nausea, vomiting, and loss of appetite, largely due to its intense bitterness.

**Important Note:** Eczema is a complex condition that varies significantly between individuals and can mimic other skin conditions. This information is for educational purposes regarding traditional preparation and does not replace professional medical diagnosis or treatment. Consult a dermatologist or healthcare provider before integrating herbal preparations into your care regimen, especially if you are currently using prescribed topical steroids or other medications.","{""task"": ""preparation"", ""language"": ""en"", ""indication"": ""Eksim""}",,
"Minangka ahli etnobotani, jelasake carane nggawe jampi saka Lidah Buaya kanggo nambani tatu bakar cilik.","Kanggo ngobati tatu bakar cilik nggunakake Aloe Vera:
Bahan:
- Aloe Vera
  Jeneng ilmiah: Aloe vera Lamk.
  Bagian: godhong seger
  Dosis: 1 x 1 godhong / dina

Cara Nggawe:
Bahan-bahan kasebut dikupas, remuk daging lan ditrapake ing wilayah sing kena pengaruh.

Informasi Keamanan:
Larangan: open burns
Pènget: jampi iki mung kudu digunakake ing lara seger lan entheng, durung blistered.","Minangka ahli etnobotani, panjenengan dipunsumanggakaken badhe njlentrehaken cara nyiapaken jampi saking Lidah Buaya kangge nambani tatu bakar alit.

Monggo tindakaken pandhuan ing ngisor kanthi teliti:
1. **Identifikasi Bahan**: Jelaskan sipat lan mupangate Lidah Buaya ing konteks pangobatan tradisional.
2. **Proses Preparasi**: Uraiaen langkah-langkah detail cara ngresiki, ngupas, lan nyiapaken daging Lidah Buaya supados siyap dipunginakaken.
3. **Aplikasi**: Jelaskan cara maringaken jampi kasebut dhateng tatu bakar alit kanthi aman.
4. **Pepingatan**: Sertakaken cathetan penting utawi pepingatan menawi wonten efek samping utawi kondisi ingkang mbutuhaken pitulungan medis profesional.

**Wewaton Basa lan Gaya**:
- **Basa**: Jawi (Javanese).
- **Unggah-ungguh**: Krama Inggil (basanipun kedah alus lan ngajeni).
- **Gaya**: Edukatif, jelas, lan profesional.

**Data Konfigurasi Tugas**:
{""task"": ""preparation"", ""language"": ""jv"", ""jv_herb_name"": ""Lidah Buaya"", ""register"": ""Krama_Inggil""}","Sumangga, katuraken pandhuan babagan cara nyiapaken lan ngginakaken Lidah Buaya minangka jampi tradisional kangge nambani tatu bakar alit. Mugi-mugi pandhuan punika saged mbiyantu kanthi sae.

**1. Identifikasi Bahan**
Lidah Buaya punika tanduran ingkang sampun dangu dipunpercados wonten ing pangobatan tradisional amargi gadhah sipat adhem lan nyegeraken. Ing salebeting daging utawi gel Lidah Buaya, wonten kandhutan zat anti-inflamasi, vitamin, mineral, sarta mukopolisakarida ingkang saged njagi kelembapan kulit. Mupangatipun kangge tatu bakar alit inggih nyuda rasa perih, nyejukaken kulit ingkang kepanasan, saha nyepetaken proses regenerasi sèl kulit ingkang risak.

**2. Proses Preparasi**
Supados jampi punika aman lan saged mupangat, sumangga dipuntindakaken langkah-langkah persiyapan kanthi teliti:
*   **Milih Ron:** Pilihen ron (godhong) Lidah Buaya ingkang sampun sepuh, kandel, lan seger, amargi kandhutan gelipun langkung kathah.
*   **Ngresiki:** Kumbaha ron wau ngginakaken toya ingkang mili supados lebu utawi rereget saged ical.
*   **Ngupas:** Iris pucuk, pangkal, saha duri ing pinggir ron. Lajeng, kupas kulit ijo ingkang keras kanthi ngatos-atos ngginakaken lading ingkang resik saha landhep, ngantos katingal daging ingkang bening.
*   **Ngicalaken Getah Kuning:** Punika langkah ingkang wigatos sanget. Sasampunipun dipunkupas, daging Lidah Buaya kedah dipunbilas utawi dipuntrendhem wonten ing toya resik kirang langkung 10-15 menit. Tujuannipun kangge ngicalaken getah kuning (aloin) ingkang saged njalari iritasi utawi rasa gatel manawi kontak kaliyan kulit.
*   **Nyamektakaken Gel:** Sasampunipun resik saking getah kuning, tiriskan lajeng daging punika saged dipuniris alit-alit utawi dipunlembutaken supados gampil diolesaken.

**3. Aplikasi**
Kangge maringaken jampi dhateng tatu bakar alit, tindakaken kanthi urut-urutan ingkang aman:
*   **Ngresiki Luka:** Rumiyin, alon-alon kumbaha utawi adhemaken papan ingkang kebakar ngginakaken toya dingin ingkang mili kirang langkung 10 menit, kanthi ancas mandhaping panas ingkang taksih nginggil.
*   **Nglerepaken Gel:** Olesaken gel Lidah Buaya ingkang sampun resik kanthi alus lan lembet dhateng papan tatu. Boten pareng dipunteken kanthi kiyat supados kulit boten tambah risak.
*   **Penutupan:** Jampi saged dipunlerepaken tipis-tipis. Menawi papan tatu gampil kesentuh utawi kena rereget, saged dipuntutup ngginakaken kasa steril ingkang longgar. Nanging, menawi memungkinkan, dipunbiyaraaken terbuka supados sirkulasi hawa langkung sae.
*   **Pengulangan:** Olesaken malih gel wau saben pinten jam sepisan utawi menawi sampun garing, ngantos rasa perih ical lan kulit wiwit pulih.

**4. Pepingatan**
Wonten sawetawis bab ingkang kedah dipuneling-eling demi kaslametan panjenengan:
*   **Uji Alergi:** Saderengipun dipunginakaken ing tatu, cobaaken sakedhik gel ing kulit ingkang sehat. Menawi njalari gatel utawi abrit, mandhegaken pangginakanipun.
*   **Wates Pangginakan:** Jampi punika namung kangge tatu bakar alit (tingkat ringan, kados ta kulit ingkang abrit kemawon). Menawi tatu bakaripun wiyar, lebet, utawi wonten lepuh ageng, boten pareng dipunobati piyambak.
*   **Pitulungan Medis:** Menawi tatu boten mbecik, wonten tandha infeksi (kados ta bengkak, medal nanah, utawi demam), utawi tatu wonten ing papan ingkang kritis kados ta rai, enggal-enggal sowan dhateng tenaga medis profesional.
*   **Karesikan:** Tansah jaga karesikan tangan lan piranti ingkang dipunginakaken supados boten nambahi kuman dhateng tatu.

Mugi-mugi panjenengan saged nindakaken pandhuan punika kanthi leres saha enggal waras.","{""task"": ""preparation"", ""language"": ""jv"", ""jv_herb_name"": ""Lidah Buaya"", ""register"": ""Krama_Inggil""}",,
"As an ethnobotany expert, explain how to prepare Lengkuas to treat Kurap.","To treat Kurap using Lengkuas:
Ingredients:
- Lengkuas
  Scientific name: Alpinia galangaL.
  Part: rimpang segar
  Dose: 2x1 jari rimpang/hari

Preparation:
bahan dipotong miring, memarkan hingga berserabut, rendam dalam cuka, digosokkan pada bagian yang sakit 2 kali sehari

Safety Information:
Contraindications: luka terbuka
Side effects: alergi","Act as an expert in ethnobotany. Explain the traditional preparation methods for Lengkuas (Galangal) to treat Kurap (a fungal skin infection, also known as ringworm).

Please adhere to the following task parameters:
{""task"": ""preparation"", ""language"": ""en"", ""indication"": ""Kurap""}","In traditional Southeast Asian practice, Lengkuas (*Alpinia galanga*) is prepared using the fresh rhizome to utilize its essential oils and flavonoids, such as galangin, which are associated with antifungal activity. Below are the customary methods for preparing and applying Lengkuas to treat Kurap (ringworm).

### 1. Selection and Cleaning
Select a fresh, firm rhizome—approximately a finger-length piece per day—avoiding any that are shriveled or moldy. Thoroughly scrub the rhizome under running water to remove soil. To minimize the risk of introducing secondary bacteria to the skin, rinse the cleaned rhizome with cooled boiled water or a mild saline solution.

### 2. Preparation Methods
There are three common traditional approaches. Prepare only the amount needed for a single application, as fresh preparations lack preservatives and can breed bacteria if stored.

**Method A: Traditional Vinegar Rub**
Cut the cleaned rhizome diagonally and mash it with a mortar and pestle until it is bruised and fibrous. Soak the mashed rhizome in vinegar for a few minutes. The acidity is traditionally believed to enhance the penetration of the plant's active compounds. Rub the soaked, fibrous rhizome directly onto the affected area.

**Method B: Fresh Paste or Juice**
Peel the rhizome with a clean knife. Grate or pound the flesh into a fine, moist paste. 
*   **Paste:** Apply a thin layer of the paste directly to the skin. Some practitioners mix the paste with a small amount of lime juice or a carrier oil, like coconut oil, to enhance efficacy or reduce potential skin irritation.
*   **Juice:** Wrap the paste in a clean muslin cloth and squeeze firmly to extract the juice. Apply the liquid directly to the infection using a clean cotton swab.

**Method C: Infused Oil (For Sensitive Skin)**
Finely slice the rhizome and gently heat it in coconut oil over low heat, ensuring the oil does not smoke. Once the oil takes on a yellowish tint and a strong aroma, strain out the plant material. Dab the cooled oil onto the skin.

### 3. Application Protocol
*   **Preparation:** Wash the affected area with mild soap and water, then pat it completely dry. Fungi thrive in moisture, so ensuring the area is dry is critical.
*   **Patch Test:** Before full application, apply a small amount of the preparation to healthy skin (like the inner forearm). Wait 24 hours to check for allergic reactions or excessive irritation.
*   **Treatment:** If no irritation occurs, apply the preparation to the Kurap lesion, extending slightly beyond the visible border. 
*   **Duration and Frequency:** For pastes and juices, leave on for 20 to 60 minutes before rinsing with lukewarm water and patting dry. Apply twice daily (morning and night) until the condition resolves. Consistency is critical in managing fungal infections.

### 4. Safety and Medical Considerations
*   **Broken Skin:** Do not apply Lengkuas to open wounds or broken skin, as it can cause significant pain and increase the risk of secondary infection.
*   **Skin Sensitivity:** Fresh galangal juice can be potent. If a burning sensation occurs, dilute the preparation with water or oil, or discontinue use.
*   **Contagion Control:** Kurap is highly contagious. Wash your hands thoroughly after application, avoid sharing towels or clothing, and wash personal items in hot water.
*   **Medical Consultation:** Fungal infections can mimic other skin conditions and may worsen if not treated effectively. If the infection spreads, shows signs of bacterial infection (pus, heat), or does not improve within one to two weeks, discontinue the remedy and consult a healthcare professional for clinically proven antifungal medications.","{""task"": ""preparation"", ""language"": ""en"", ""indication"": ""Kurap""}",,
"Sebagai pakar etnobotani, jelaskan cara membuat ramuan dari Teh untuk mengobati Sakit Kepala Sebelah.","Untuk mengobati Sakit Kepala Sebelah menggunakan Teh:
Bahan:
- Teh
  Nama ilmiah: Camellia sinensis L.
  Bagian: pucuk daun
  Dosis: 3 x 8 g pucuk daun/hari

Cara Pembuatan:
Bahan diseduh dengan 1 cangkir air mendidih, diamkan, saring dan dapat ditambahkan dengan sedikit air jeruk nipis dan/atau madu kemudian diaduk rata dan diminum sekaligus.

Informasi Keamanan:
Larangan: iritasi lambung, susah tidur, kecemasan dan jantung berdebar
Peringatan: hati-hati teh mengandung kafein
Efek samping: minum 5 cangkir atau lebih/hari, yang mengandung ±100 mg kafein dapat menyebabkan gangguan pencernaan, rasa lemah, gelisah, gemetar, sukar tidur, bingung, jantung berdebar debar, sesak nafas dan kadang kadang sembelit.","Bertindaklah sebagai pakar etnobotani. Tugas Anda adalah menjelaskan cara meracik obat tradisional berbasis teh untuk mengobati Sakit Kepala Sebelah (migrain).

Harap ikuti langkah-langkah berikut dalam penjelasan Anda:
1. Identifikasi jenis teh atau bahan herbal tambahan yang efektif berdasarkan pengetahuan etnobotani.
2. Jelaskan takaran dan metode persiapan (perebusan atau penyeduhan) secara rinci.
3. Berikan instruksi mengenai cara konsumsi dan frekuensi penggunaan yang aman.
4. Sertakan catatan keamanan atau kontraindikasi jika ada.

Konteks Tugas:
{""task"": ""preparation"", ""language"": ""id"", ""indication"": ""Sakit Kepala Sebelah""}","Sakit kepala sebelah atau migrain merupakan kondisi neurologis yang kompleks dan memerlukan penanganan yang sangat hati-hati. Pendekatan herbal berbasis teh dapat menjadi terapi komplementer untuk meredakan gejala secara suportif, asalkan disusun dengan mempertimbangkan sifat sinergis dan keamanan bahan. Berikut adalah protokol persiapan ramuan yang memadukan kearifan tradisional dengan prinsip fitokimia yang terukur.

**1. Identifikasi Jenis Teh dan Bahan Herbal Tambahan**

Untuk kasus migrain, kombinasi bahan berikut dipilih karena kemampuannya menyeimbangkan sirkulasi dan meredakan peradangan saraf:

*   **Teh Hijau (*Camellia sinensis*):** Mengandung L-teanin yang memberikan efek menenangkan pada sistem saraf pusat. Kandungan kafeinnya dalam jumlah terbatas dapat membantu vasokonstriksi pembuluh darah pada tahap awal migrain.
*   **Jahe Merah (*Zingiber officinale var. rubrum*):** Dipilih karena kandungan gingerol dan shogaol yang lebih tinggi dibandingkan jahe biasa. Senyawa ini bersifat anti-inflamasi, mengurangi mual yang sering menyertai migrain, serta memberikan efek hangat yang melancarkan sirkulasi darah.
*   **Daun Mint (*Mentha piperita*):** Minyak atsiri menthol bersifat analgesik ringan dan menenangkan, membantu merelaksasi ketegangan otot dan pembuluh darah di area kepala.

**2. Takaran dan Metode Persiapan**

Ekstraksi senyawa aktif dari rimpang memerlukan perebusan (dekoksi), sedangkan daun memerlukan penyeduhan (infusi) singkat untuk menghindari penguapan minyak atsiri.

*   **Takaran:**
    *   1 sendok teh (sekitar 2-3 gram) daun teh hijau kering atau 1 kantong teh.
    *   15 gram (sekitar 2 ruas jari) jahe merah segar, cuci bersih, memarkan atau iris tipis tanpa mengupas kulit terlalu tebal.
    *   5-7 lembar daun mint segar (atau 1 sendok teh daun mint kering).
    *   400 ml air bersih.
    *   1 sendok teh madu murni (opsional, untuk rasa).

*   **Metode Pembuatan:**
    1.  **Perebusan Jahe:** Masukkan jahe merah ke dalam 400 ml air. Rebus dengan api sedang hingga mendidih, lalu kecilkan api dan biarkan mendidih perlahan (*simmer*) selama 10-15 menit hingga air menyusut dan berwarna kekuningan.
    2.  **Penyeduhan:** Matikan api. Masukkan daun teh hijau dan daun mint ke dalam air rebusan jahe yang masih panas. Tutup panci atau cangkir rapat-rapat selama 5 menit. Penutupan ini krusial agar minyak atsiri mint tidak menguap.
    3.  **Penyaringan:** Saring ramuan ke dalam cangkir keramik atau kaca. Tambahkan madu hanya setelah suhu ramuan hangat kuku (di bawah 60°C) agar enzim madu tidak rusak.

**3. Instruksi Konsumsi dan Frekuensi Penggunaan**

Penggunaan ramuan ini harus dilakukan dengan disiplin dan pengamatan terhadap respons tubuh.

*   **Cara Konsumsi:** Minum ramuan selagi hangat kuku, teguk perlahan. Hindari konsumsi saat perut dalam keadaan kosong jika Anda memiliki riwayat sensitivitas lambung.
*   **Waktu Penggunaan:** Segera konsumsi saat tanda-tanda awal (aura) migrain muncul atau saat nyeri mulai terasa.
*   **Frekuensi:** Maksimal 2 kali sehari selama masa serangan. Batasi penggunaan berturut-turut maksimal 7 hari. Jika tidak ada perbaikan signifikan setelah 3 hari penggunaan, hentikan dan evaluasi kondisi Anda.

**4. Catatan Keamanan dan Kontraindikasi**

Ramuan tradisional bersifat komplementer dan bukan pengganti penanganan medis darurat. Perhatikan batasan berikut dengan saksama:

*   **Kafein dan Trigger:** Teh hijau mengandung kafein. Meskipun dapat meredakan migrain bagi sebagian orang, konsumsi berlebihan (5 cangkir atau lebih sehari) dapat memicu gangguan pencernaan, jantung berdebar, gelisah, dan sukar tidur. Bagi individu yang sensitif, kafein justru dapat menjadi pemicu (*trigger*) migrain; jika demikian, hilangkan komponen teh hijau dari ramuan ini.
*   **Interaksi Obat:** Jahe merah memiliki sifat pengencer darah alami. Hati-hati bagi individu yang sedang mengonsumsi obat antikoagulan (seperti warfarin atau aspirin) karena dapat meningkatkan risiko perdarahan.
*   **Kondisi Lambung:** Penderita gastritis atau maag akut harus berhati-hati karena jahe yang terlalu pekat dapat meningkatkan asam lambung dan menyebabkan iritasi.
*   **Kehamilan:** Wanita hamil, terutama pada trimester pertama, disarankan untuk berkonsultasi dengan dokter atau bidan sebelum mengonsumsi jahe dalam dosis terapeutik.
*   **Tanda Bahaya Medis:** Jika sakit kepala disertai gangguan penglihatan mendadak, kebas pada satu sisi tubuh, kesulitan bicara, demam tinggi, atau kaku kuduk, segera cari bantuan medis darurat. Gejala tersebut dapat merupakan indikasi kondisi neurologis yang lebih serius.","{""task"": ""preparation"", ""language"": ""id"", ""indication"": ""Sakit Kepala Sebelah""}",,
"As an ethnobotany expert, explain how to prepare Mimba to treat Eksim.","To treat Eksim using Mimba:
Ingredients:
- Mimba
  Scientific name: Azadirachta indica (A. Juss)
  Part: daun segar
  Dose: secukupnya

Preparation:
bahan dihaluskan, bubuhkan pada bagian yang sakit, balut dengan perban.

Safety Information:
Contraindications: alergi
Warnings: penggunaan tidak boleh lebih dari 3 minggu
Side effects: alergi","As an ethnobotany expert, explain how to prepare Mimba (Azadirachta indica, commonly known as Neem) to treat Eksim (Eczema).

Please structure your response as follows:
1. **Term Clarification**: Briefly define 'Mimba' and 'Eksim' to ensure medical and botanical accuracy.
2. **Preparation Method**: Provide step-by-step instructions on how to prepare the plant material for topical application.
3. **Application Guidelines**: Explain how to safely apply the preparation to the affected skin.
4. **Safety & Contraindications**: Include necessary warnings, potential side effects, and advice on consulting a healthcare professional.

Context Parameters:
{""task"": ""preparation"", ""language"": ""en"", ""indication"": ""Eksim""}","1. **Term Clarification**
**Mimba** refers to *Azadirachta indica*, commonly known as the Neem tree. Native to the Indian subcontinent and widely naturalized in Southeast Asia, its leaves, bark, and seeds contain potent bioactive compounds—such as azadirachtin, nimbin, and nimbidin—which possess documented anti-inflammatory and antimicrobial properties. **Eksim (Eczema)**, medically referred to as atopic dermatitis, is a chronic condition characterized by inflamed, itchy, cracked, and rough skin patches. While Mimba is traditionally utilized to soothe dermatological irritation and support the skin barrier, it is important to understand that it manages symptoms rather than curing the underlying immune-related causes of Eksim.

2. **Preparation Method**
Depending on the presentation of the eczema (localized, dry, or weeping), different topical preparations can be utilized. Given the potency of Neem, balanced preparations are necessary to avoid further irritating sensitive skin.

**Method A: Fresh Leaf Paste (For localized patches)**
1. **Harvesting & Cleaning**: Collect fresh, mature Mimba leaves free from pollutants or insect damage. Wash thoroughly under running water and pat dry.
2. **Grinding**: Crush approximately 20–30 leaves using a mortar and pestle into a fine paste. Add a few drops of distilled water if needed to achieve a spreadable consistency.
3. **Storage**: This preparation is unstable and should be used immediately.

**Method B: Neem Infused Oil (For chronic dryness)**
1. **Preparation**: Crush 20–30 fresh leaves into a paste. Mix with 100 milliliters of a stable carrier oil (such as virgin coconut or sesame oil), maintaining a rough ratio of 1 part leaf paste to 5 parts oil to prevent irritation.
2. **Heating**: Gently warm the mixture in a double boiler on low heat for 15–20 minutes. Do not let the oil smoke or boil vigorously.
3. **Straining & Storage**: Strain through a fine muslin cloth into a sterilized, dark glass bottle. Store in a cool, dark place and use within one month.

**Method C: Water Infusion/Wash (For widespread or weeping patches)**
1. **Boiling**: Place 20–30 cleaned leaves in a non-reactive pot with one liter of potable water. Bring to a boil, then reduce to a simmer for 15–20 minutes, until the water turns a pale green or yellowish hue.
2. **Cooling & Straining**: Remove from heat, allow to cool to room temperature, and strain through a fine mesh or cheesecloth to remove all plant material.
3. **Storage**: Store the infusion in a sterilized, airtight glass container in the refrigerator and use within 48 hours. Discard if it develops cloudiness or an off odor.

3. **Application Guidelines**
Application must be cautious to ensure the compromised skin barrier is not further damaged.

1. **Patch Test**: Before full application, apply a small amount of the preparation to a discreet area of healthy skin (such as the inner forearm). Wait 24 hours to ensure no allergic reaction occurs.
2. **Skin Preparation**: Gently cleanse the affected area with lukewarm water and a mild, fragrance-free cleanser. Pat the skin dry with a clean towel; do not rub.
3. **Application**:
   - **Paste**: Apply a thin layer directly to the patches. Leave on for 15–20 minutes, then rinse gently with cool water.
   - **Oil**: Massage a small amount into the skin using light, circular motions until absorbed.
   - **Wash**: Soak a sterile cotton ball or pad in the infusion and gently dab onto the affected areas. Allow the skin to air dry before dressing.
4. **Frequency**: Apply once or twice daily depending on severity and skin tolerance. Discontinue use immediately if stinging or worsening of symptoms occurs.

4. **Safety & Contraindications**
While Mimba is a powerful botanical, it requires respect and caution.

*   **External Use Only**: This preparation is strictly for topical use. Ingesting Neem oil or concentrated leaf extracts can be toxic, leading to serious complications including vomiting, liver damage, or neurological issues. Keep out of reach of children and pets.
*   **Skin Irritation & Broken Skin**: Neem is potent. If increased burning, redness, or itching occurs, wash the area immediately with mild soap and water and discontinue use. Exercise extreme caution when applying to open wounds or weeping eczema, as introducing plant material carries a risk of stinging or secondary infection.
*   **Vulnerable Groups**: Pregnant or breastfeeding women should avoid extensive use without medical supervision, as certain compounds may have uterine-stimulating effects or their systemic absorption is not fully understood. Use on infants and young children should only be undertaken under the guidance of a pediatrician, as their skin absorbs substances more readily.
*   **Medical Consultation**: This preparation is a complementary supportive measure, not a substitute for professional medical treatment. Eczema can often be confused with other dermatological conditions or fungal infections and can worsen without appropriate care. Always consult a dermatologist or healthcare professional before integrating herbal remedies, especially if the skin shows signs of secondary infection (such as oozing, pus, extreme heat, or fever).","{""task"": ""preparation"", ""language"": ""en"", ""indication"": ""Eksim""}",,
"As an ethnobotany expert, explain how to prepare Daun iler to treat Wasir.","To treat Wasir using Daun iler:
Ingredients:
- Daun iler
  Scientific name: Coleus scutellariodes (l)  benth.
  Part: daun segar
  Dose: 1 x 25 g daun/hari.

Preparation:
bahan direbus dengan 2 gelas air sampai menjadi setengahnya, dinginkan, saring dan diminum sekaligus.

Safety Information:
Contraindications: kehamilan, menyusui, dan anak
Warnings: tekanan darah rendah dan tukak lambung
Side effects: gangguan irama jantung, penurunan tekanan darah, sakit kepala dan muka merah","As an ethnobotany expert, provide a detailed explanation on how to prepare Daun iler (Strobilanthes crispa) to treat Wasir (hemorrhoids). Adhere to the following parameters:

{""task"": ""preparation"", ""language"": ""en"", ""indication"": ""Wasir""}

Your response must include:
1. **Identification**: Confirm the botanical identity of Daun iler.
2. **Preparation Method**: Step-by-step instructions on preparing the plant for this specific indication.
3. **Usage Guidelines**: Dosage, frequency, and method of administration.
4. **Safety & Contraindications**: Important warnings, potential side effects, and groups who should avoid this treatment.

Ensure the tone is professional, authoritative, and culturally sensitive to traditional medicine practices.","### 1. Identification

Accurate botanical identification is paramount for safety and efficacy. The plant commonly known as **Daun Iler** in Indonesian traditional medicine is scientifically classified as ***Coleus scutellarioides*** (syn. *Plectranthus scutellarioides*), belonging to the Lamiaceae family. 

It is crucial to address a common point of confusion: ***Strobilanthes crispa*** is a distinct species, traditionally known as **Pecah Beling** or **Jin Batu**. While both plants are utilized in herbal medicine, they possess different phytochemical profiles and therapeutic indications. For the treatment of Wasir (hemorrhoids) under the name Daun Iler, *Coleus scutellarioides* is the correct species. Misidentification may result in ineffective treatment or unintended side effects. Ensure the leaves are slightly fleshy, possess the characteristic aromatic scent of the Coleus species, and are sourced reliably.

### 2. Preparation Method

The following steps outline the traditional preparation of a decoction to extract the active compounds for managing hemorrhoid inflammation. Hygiene is critical to prevent secondary infection.

**Materials Needed:**
*   7 to 10 fresh leaves of *Coleus scutellarioides* (approximately 25 grams).
*   2.5 cups (approximately 600 ml) of clean drinking water.
*   A non-reactive pot (stainless steel, glass, or ceramic—avoid aluminum).
*   A strainer or cheesecloth.
*   A clean glass container.

**Steps:**
1.  **Cleaning:** Rinse the fresh leaves thoroughly under running water to remove soil and contaminants. Gently pat dry.
2.  **Processing:** Tear or cut the leaves into smaller pieces to increase the surface area for extraction.
3.  **Boiling:** Place the leaves into the pot with the water. Bring to a boil over medium heat.
4.  **Simmering:** Once boiling, reduce the heat to low. Simmer gently for 15 to 20 minutes, allowing the water volume to reduce by half (to approximately 1.25 cups or 300 ml). The liquid should darken, indicating extraction.
5.  **Straining:** Remove from heat and allow to cool until warm. Strain the liquid into the clean container, discarding the plant material.

### 3. Usage Guidelines

Traditional application typically involves both external and internal methods, depending on symptom severity, though external application is often preferred for localized swelling.

**Method of Administration:**
*   **External Wash (Sit Bath):** Pour the warm decoction into a clean basin. Sit in the basin for 10 to 15 minutes, allowing the liquid to soothe the affected area and reduce inflammation. This can be performed twice daily, preferably after bowel movements and before sleep.
*   **Internal Consumption:** If taken orally, the traditional dosage is half a cup (approximately 100 to 150 ml) of the warm decoction, consumed once daily. Do not exceed this frequency.

**Duration:**
This remedy is intended for short-term symptom management. Use for 3 to 7 days. If symptoms persist or worsen, discontinue use immediately.

### 4. Safety & Contraindications

Herbal preparations must be treated with the same caution as pharmaceutical medications. 

**Important Warnings:**
*   **Medical Consultation:** Hemorrhoids can present symptoms similar to serious colorectal conditions, such as fissures or malignancies. Consult a healthcare provider for a proper diagnosis before beginning any herbal regimen, especially if rectal bleeding is present.
*   **Pre-existing Conditions:** Avoid use if you have low blood pressure (hypotension) or stomach ulcers (peptic ulcers), as the plant may exacerbate these conditions. Due to potential diuretic effects, individuals with kidney disorders should use this only under strict medical supervision.
*   **Surgery:** Discontinue use at least two weeks prior to any scheduled surgical procedures due to potential effects on blood flow and inflammation.

**Contraindicated Groups:**
*   **Pregnancy and Lactation:** Insufficient safety data exists; use is contraindicated to prevent potential harm to the fetus or infant.
*   **Children:** Not recommended unless directed by a qualified pediatric practitioner.

**Potential Side Effects & Drug Interactions:**
*   Internal use may cause gastrointestinal distress, nausea, dizziness, or abdominal pain.
*   Specific pharmacological effects may include lowered blood pressure, arrhythmia (altered heart rhythm), headache, or flushed face.
*   Topical use may cause skin irritation; perform a patch test before a full sit bath.
*   Potential interactions with medications for diabetes, hypertension, or blood clotting. Consult a physician if taking prescription drugs.

**When to Stop:**
Discontinue immediately if you experience increased bleeding, severe pain, dizziness, arrhythmia, or signs of an allergic reaction (rash, difficulty breathing). Seek urgent medical attention. Traditional remedies are supportive and should complement, not replace, professional medical care.","{""task"": ""preparation"", ""language"": ""en"", ""indication"": ""Wasir""}",,
"As an ethnobotany expert, explain how to prepare Ketepeng Cina to treat Eksim.","To treat Eksim using Ketepeng Cina:
Ingredients:
- Ketepeng Cina
  Scientific name: Cassia alata (L)
  Part: daun
  Dose: 2 x 3-5 lembar/hari

Preparation:
bahan dihaluskan, lalu digosokkan pada bagian yang sakit.

Safety Information:
Warnings: kebersihan perorangan perlu diutamakan","As an ethnobotany expert, explain how to prepare Ketepeng Cina (Senna alata) to treat Eksim (Eczema).

Please structure your response as follows:
1. **Plant Identification**: Briefly confirm the botanical identity of ""Ketepeng Cina"" and define ""Eksim"" in this context.
2. **Preparation Method**: Provide clear, step-by-step instructions on how to prepare the plant for topical application.
3. **Application Guidelines**: Explain how to safely apply the preparation to the affected area.
4. **Safety & Contraindications**: List any potential side effects, precautions, or situations where this remedy should be avoided.

Original Request Parameters:
{""task"": ""preparation"", ""language"": ""en"", ""indication"": ""Eksim""}","1. **Plant Identification**
""Ketepeng Cina"" is the common Indonesian name for *Senna alata* (syn. *Cassia alata*), a shrub in the Fabaceae family recognized by its large, candle-like yellow flower spikes. In this context, ""Eksim"" refers to eczema or atopic dermatitis, a condition characterized by inflamed, itchy, cracked, and rough patches of skin. While *Senna alata* is widely documented in Southeast Asian ethnobotany for treating skin ailments due to its antifungal and antibacterial properties, accurate identification is critical, as misidentification could lead to ineffective treatment or adverse reactions.

2. **Preparation Method**
Hygiene is critical during preparation to prevent secondary infection of compromised skin.
*   **Harvesting:** Select fresh, young leaves free from insect damage, discoloration, or environmental contaminants. Avoid leaves growing near roadways or industrial areas.
*   **Cleaning:** Thoroughly rinse the leaves under clean, running water to remove dirt and potential pesticides.
*   **Decoction (Wash):** Roughly crush approximately 10 to 15 fresh leaves to release active compounds. Place them in a non-reactive pot (such as stainless steel or glass) with 500 ml of water. Bring to a boil, then reduce heat and simmer for 15 to 20 minutes. Remove from heat, allow the liquid to cool to room temperature, and strain through a clean cloth or fine sieve to remove all plant particles.
*   **Paste (Localized Application):** Grind a smaller quantity of fresh, cleaned leaves (5 to 7 leaves) using a sterile mortar and pestle until a smooth paste forms. Add a few drops of clean water if necessary to achieve a spreadable consistency. Ensure the paste is smooth to prevent physical irritation from plant fibers.

3. **Application Guidelines**
The skin barrier in cases of eczema is compromised, requiring a gentle and monitored approach.
*   **Patch Test:** Before applying to the affected area, perform a patch test. Apply a small amount of the cooled decoction or paste to a healthy patch of skin (such as the inner forearm). Wait 24 hours to observe for any redness, swelling, or increased itching. If any reaction occurs, discontinue use immediately.
*   **Cleaning the Area:** Gently wash the affected area with mild soap and lukewarm water. Pat dry with a clean towel; do not scrub.
*   **Administration:**
    *   *For the decoction:* Soak a clean, soft cloth in the liquid and gently dab or compress it onto the affected area. This can be done once or twice daily.
    *   *For the paste:* Apply a thin layer only to the affected area. Leave it on for 15 to 20 minutes, then rinse gently with lukewarm water. Do not leave the paste on overnight.
*   **Moisturizing:** After the area has air-dried, apply a hypoallergenic moisturizer or emollient. Herbal preparations can be drying, and maintaining skin hydration is essential for managing eczema.

4. **Safety & Contraindications**
*Senna alata* contains anthraquinones, which can be potent. A sober assessment of risk is necessary before proceeding.
*   **External Use Only:** This preparation is strictly for topical use. Ingestion acts as a strong laxative and can cause severe gastrointestinal distress, nausea, and electrolyte imbalance.
*   **Broken Skin:** Do not apply to skin that is bleeding, oozing, or deeply cracked, as this can introduce infection, cause significant stinging, or lead to systemic absorption.
*   **Children:** Use extreme caution with infants and young children, as their skin is more permeable. Consult a pediatrician before use.
*   **Pregnancy and Lactation:** Avoid use during pregnancy or while breastfeeding due to insufficient safety data regarding topical absorption and potential effects on the fetus or infant.
*   **Allergic Sensitivity:** Individuals with sensitivities to plants in the legume family (Fabaceae) may experience allergic contact dermatitis.
*   **Medical Consultation:** This preparation should not replace prescribed medical treatments, such as corticosteroids or immunomodulators. Consult a dermatologist or healthcare professional before integrating herbal remedies into your care regimen, especially for severe cases. If the condition worsens or shows signs of infection (pus, heat, fever), seek immediate medical attention.","{""task"": ""preparation"", ""language"": ""en"", ""indication"": ""Eksim""}",,
"Minangka ahli etnobotani, nerangake carane nggawe jampi saka Purwoceng kanggo nambani impotensi.","Kanggo nambani impotensi nggunakake Purwoceng:
Bahan:
- Purwoceng
  Jeneng ilmiah: Pimpinella pruatjan Molkenb.
  Bagian: godhong
  Dosis: 3 x 10 g godhong / dina

Cara Nggawe:
Godhok karo banyu 3 gelas nganti 1 gelas tetep, adhem, saring, ngunjuk nalika anget.

Informasi Keamanan:
Larangan: gagal ginjel, hipertensi, cacat jantung, jampi impotensi liyane.
Pènget: konsumsi sing berlebihan saged nimbulaké masalah ginjel
Efek samping: dosis sing sithik nyebabake ngantuk, dosis sing dhuwur saged nyebabake mriyang, gelisah.","Minangka ahli etnobotani, please nerangake kanthi rinci lan nggunakake basa Krama Inggil babagan prosès preparation kanggo nggawe jampi saka {""task"": ""preparation"", ""language"": ""jv"", ""jv_herb_name"": ""Purwoceng"", ""register"": ""Krama_Inggil""} kanggo nambani impotensi. Wenehake pandhuan langkah-langkah sing jelas, wiwit saka pamilihan bahan, prosès pengolahan, nganti cara panggunaan sing bener.","Assalamu'alaikum Warahmatullahi Wabarakatuh.

Purwoceng (Pimpinella pruatjan) menika tetanduran endemik dataran inggil ingkang sampun dangu dipunprecaya leluhur kangge njagi vitalitas lan kasehatan reproduksi priya. Kangge nyawisaken jampi saking Purwoceng kanthi leres, wonten tatacara ingkang kedah dipunlampahi kanthi premati saha teliti supados khasiatipun saged mangsuk ing raga.

Monggo, sumangga dipunmanah pandhuan ing ngandhap menika kanthi tenang:

**1. Pamilihan Bahan Baku**
Langkah ingkang sepisan lan utami inggih pamilihan oyot Purwoceng ingkang saé kualitasipun. Pilih oyot ingkang sampun sepuh utawi mateng, kanthi wernanipun pethak krem utawi kuning alami, teksturipun padhet, sarta nggadhah aroma khas ingkang aromatik nyegrak. Sumangga dipunpastikaken oyot kasebat garing sampurna, boten lembab, lan mboten kena jamur utawi bosok. Kualitas bahan baku menika nemtokaken khasiat ingkang badhe dipunraosaken.

**2. Prosès Pengolahan**
Pengolahan kedah dipuntindakaken kanthi resik saha ati-ati supados kandhutan senyawa aktifipun mboten rusak.
*   **Reresik:** Cuci oyot ngginakaken toya resik ingkang mili. Gosok alon-alon kangge ngilangaken lebu utawi lendhut, nanging usahakaken kulit araking mboten kikis sanget.
*   **Pengeringan:** Iris oyot tipis-tipis, lajeng pepe ing papan ingkang ayom utawi tebih saking sinar srengenge langsung ingkang benter sanget. Pengeringan kanthi cara menika wigatos sanget kangge njagi minyak atsiri saha zat aktifipun supados mboten ical.
*   **Penghalusan:** Menawi sampun garing sangét, oyot saged dipungiling ngantos dados bubuk alus. Wadhahaken ing toples kaca ingkang tertutup rapet lan papanaken ing papan ingkang garing.

**3. Cara Nyawisaken Jampi (Penyeduhan)**
Kangge ngasilaken khasiat ingkang optimal, cara nyawisaken ugi kedah trep.
*   **Seduhan:** Pendhet satunggal sendok teh bubuk Purwoceng, lajeng seduh ngginakaken toya panas (kirang langkung 80 derajat Celsius). Mboten nggodhog bubuk kasebat kanthi lami amargi panas ingkang kebabethen saged ngrusak khasiat minyak atsirinipun.
*   **Tambahan:** Tutup gelas selama 5-10 menit supados sari-sarinipun medal sempurna. Saring toyanipun, lajeng tambahaken madu murni, jahe geprek, utawi gula batu secukupipun kangge nambah raos saha manfaat.

**4. Tata Cara Panggunaan**
*   **Wektu lan Dosis:** Unjuk wedang menika nalika taksih anget, saenipun nalika sore dinten saderengipun sare utawi enjing sasampunipun sarapan. Cukup satunggal gelas saben dinten kanthi rutin. Mboten pareng ngunjuk kanthi dosis ingkang kebabethen amargi saged njalari efek samping kadosdene ngantuk, gelisah, mriyang, utawi masalah ginjel.
*   **Pantangan lan Gaya Gesang:** Ngindhari dhaharan ingkang pedhes sangét, alkohol, lan ngajagi emosi supados tetep tenang. Istirahat ingkang cekap saha olahraga ringan ugi wigatos sanget kangge ngimbangi proses pamulihan raga.

**5. Kawaspadaan Pangentosan**
Kangge panjenengan ingkang nggadhah riwayat sakit gagal ginjel, hipertensi, utawi cacat jantung, sumangga mboten ngginakaken jampi menika tanpa pamrayogi tenaga kesehatan. Menawi wonten keraguan utawi kondisi kesehatan ingkang khusus, tindakaken konsultasi kaliyan dokter kangge kepastian ingkang langkung aman.

Mugi-mugi ikhtiar menika mbeta berkah kasehatan, kekiyatan, lan ketenangan kangge panjenengan sekalian. Wassalamu'alaikum Warahmatullahi Wabarakatuh.","{""task"": ""preparation"", ""language"": ""jv"", ""jv_herb_name"": ""Purwoceng"", ""register"": ""Krama_Inggil""}",['sexual'],['sexual']
"As an ethnobotany expert, explain how to prepare Kayu Putih to treat Encok /Pegal Linu.","To treat Encok /Pegal Linu using Kayu Putih:
Ingredients:
- Kayu Putih
  Scientific name: Melaleuca leucadendra (L)
  Part: daun
  Dose: 6-10 g daun/hari

Preparation:
bahan direbus dengan 2 gelas air sampai menjadi separuhnya, dinginkan, saring dan diminum sekaligus.

Safety Information:
Contraindications: anak, gangguan pencernaan, gangguan kandung empedu, gangguan hati. pada kehamilan, menyusui harus dengan supervisi dokter.
Warnings: jauhkan dari jangkauan anak.
Side effects: rasa terbakar di ulu hati, mual, muntah, pusing.","Act as an expert in ethnobotany. Provide a detailed explanation in English on how to prepare 'Kayu Putih' (Melaleuca cajuputi) to treat 'Encok' or 'Pegal Linu' (traditional Indonesian terms for gout, rheumatism, or general muscle and joint pain). 

Your response must include:
1. **Identification**: Briefly confirm the botanical source and parts of the plant used.
2. **Preparation Method**: Step-by-step instructions on how to process the herb (e.g., boiling, infusion, or topical application) specifically for these conditions.
3. **Usage Guidelines**: Dosage, frequency, and method of administration.
4. **Safety & Contraindications**: Any known side effects or precautions.

Ensure the tone is professional, educational, and culturally respectful of traditional medicine practices.

Context Data:
{""task"": ""preparation"", ""language"": ""en"", ""indication"": ""Encok /Pegal Linu""}","###Ethnobotanical Preparation of Kayu Putih (*Melaleuca cajuputi*) for Encok and Pegal Linu

#### 1. Identification
**Botanical Source:** *Melaleuca cajuputi* Powell (Myrtaceae family). 
**Parts Used:** The fresh or dried **leaves and young twigs**. These parts contain essential oil glands rich in 1,8-cineole (eucalyptol), which provides the characteristic warming, analgesic, and anti-inflammatory properties. The leaves are lance-shaped, stiff, and feature three distinct longitudinal veins, emitting a strong, camphor-like aroma when crushed.

#### 2. Preparation Method
While commercial distillation produces the concentrated essential oil (*Minyak Kayu Putih*), traditional home preparation typically utilizes either a liquid decoction for compresses or a direct leaf poultice (*tapal*).

**Method A: Decoction for Compresses**
*   **Materials:** 100 grams of fresh leaves (approximately two handfuls), 1 to 2 liters of clean water, a non-reactive pot (clay or stainless steel), and a clean cloth.
*   **Steps:**
    1.  Rinse the leaves thoroughly and gently crush or bruise them to rupture the oil glands.
    2.  Place the leaves in the pot with water and bring to a boil over medium heat.
    3.  Reduce the heat and simmer for 15 to 20 minutes, partially covering the pot to retain volatile oils while allowing some steam to escape. The liquid will darken slightly and become highly fragrant.
    4.  Remove from heat, strain the liquid, and allow it to cool to a safe, warm temperature for application.

**Method B: Direct Leaf Poultice (Tapal)**
*   **Steps:**
    1.  Take a handful of fresh leaves, wash them, and bruise them coarsely using a mortar and pestle.
    2.  Briefly steam the bruised leaves or warm them slightly in a pan over low heat to activate the volatile oils. Ensure they are warm, not hot enough to burn the skin.
    3.  Place the warm leaves directly onto the affected area and secure them with a clean cotton cloth or bandage to retain heat and ensure absorption.

#### 3. Usage Guidelines
These preparations are strictly for **topical application** and must not be ingested.

*   **For Pegal Linu (Muscle Stiffness/Chronic Rheumatism):**
    *   Apply the warm decoction using a cloth compress, or use the warm leaf poultice directly on the stiff muscles.
    *   Alternatively, the decoction can be added to a basin of warm water for soaking affected limbs.
    *   **Frequency:** 2 to 3 times daily, particularly in the morning and before sleep.

*   **For Encok (Gout):**
    *   **Caution:** Gout often presents with acute inflammation (redness, heat, and severe swelling). Do not apply heat to an acutely inflamed joint, as it may aggravate the condition.
    *   During acute flare-ups, allow the decoction to cool to room temperature and apply as a cool compress or a gentle wash.
    *   During non-acute, chronic stiffness, a warm compress or poultice may be applied carefully.

#### 4. Safety & Contraindications
*   **Internal Toxicity:** Do not ingest the decoction, poultice, or pure essential oil. Ingestion of concentrated cineole can cause nausea, vomiting, or central nervous system depression.
*   **Skin Sensitivity:** Perform a patch test on a small area of skin before widespread application to check for contact dermatitis or burning sensations.
*   **Open Wounds:** Do not apply to broken skin, open wounds, or mucous membranes, as this will cause significant irritation.
*   **Vulnerable Groups:** Use with caution on the elderly; avoid application on the faces or chests of infants and young children, as inhalation can cause respiratory distress. Pregnant or breastfeeding women should consult a healthcare provider before use.
*   **Medical Interaction:** *Kayu Putih* provides symptomatic relief for pain and stiffness but does not lower uric acid levels. It should complement, not replace, professional medical treatment for gout. If pain persists, worsens, or is accompanied by fever, discontinue use and seek medical attention.","{""task"": ""preparation"", ""language"": ""en"", ""indication"": ""Encok /Pegal Linu""}",,
"Minangka ahli etnobotani, nerangake carane nggawe jampi saka Curcuma kanggo nambani Gallstones.","Kanggo nambani watu empedu nggunakake Temulawak:
Bahan:
- Curcuma
  Jeneng ilmiah: Curcuma xanthorhiza Roxb.
  Bagian: rimpang seger
  Dosis: 1x30 g rhizome / dina

Cara Nggawe:
Bahan-bahan kasebut dipun-iris dadi potongan, digodhog nganggo banyu 2 gelas nganti suda setengah, adhem, saring lan ngunjuk bebarengan.

Informasi Keamanan:
Larangan: obstruksi saluran empedu, kuning
Peringatan: watu ginjel, pengencer getih
Efek samping: gangguan weteng","Minangka ahli etnobotani, mangga nerangaken kanthi teliti lan ngginakaken Basa Jawa Krama Inggil babagan cara nyiapaken jampi saking Curcuma (Temulawak) kangge nambani penyakit watu empedu (Gallstones).

Mangga susun wangsulan panjenengan miturut struktur ingkang jelas:
1. **Pendahuluan**: Andharan sekedhik babagan sipat Curcuma (Temulawak) ing konteks etnobotani.
2. **Bahan-bahan**: Daftar bahan ingkang dipunbetahaken kanthi takaran ingkang pas.
3. **Langkah-langkah Preparasi**: Urutan cara damel jampi saking wiwitan ngantos rampung.
4. **Aturan Anggen**: Panduan babagan dosis lan wektu ingkang sae kangge ngunjuk.
5. **Pepingatan**: Cathetan penting babagan efek samping utawi kondisi ingkang mboten pareng ngginakaken jampi menika.

Mesthikaken sadaya istilah teknis utawi medis dipunandharaken kanthi basa ingkang gampil dipunmangertosi nanging tetep ngginakaken unggah-ungguh Krama Inggil.

Data Tugas:
{""task"": ""preparation"", ""language"": ""jv"", ""jv_herb_name"": ""Temulawak"", ""register"": ""Krama_Inggil""}","**1. Pendahuluan**
Temulawak (*Curcuma zanthorrhiza*) punika salah satunggaling tetanduran obat asli Nusantara ingkang gadhah mupangat ageng tumrap kasarasan. Saking kacamatan etnobotani, rimpang Temulawak ngandhut senyawa *kurkuminoid*, *xanthorrhizol*, saha *minyak atsiri* ingkang gadhah sipat kolagogum (nggugah fungsi empedu) lan koleretik (nambah produksi cairan empedu). Sipat menika saged mbantu nglancaraken aliran empedu saengga saged mbantu nglarutaken endapan utawi nyuda risiko watu empedu.

**2. Bahan-bahan**
Kagem nyiapaken jampi menika, panjenengan mbetahaken bahan-bahan kados makaten:
*   **Rimpang Temulawak seger**: 50 gram (pilih ingkang sampun sepuh lan warninipun jene mentes).
*   **Toya resik**: 600 ml (kirang langkung 3 gelas).
*   **Madu murni utawi Gula Jawa**: Secukupipun (kangge nyuda rasa pait).
*   **Jeruk nipis utawi Asam jawa**: Setunggal sendhok teh (saged dipuntambah menawi kersa kangge nambah rasa).

**3. Langkah-langkah Preparasi**
Kanthi teliti, mangga dipunlampahi urutan damel jampi menika:
1.  **Ngresiki**: Kumbah rimpang Temulawak ngantos resik saking lemah ingkang nempel. Menawi parlu, dipunkupas kulitipun.
2.  **Ngiris**: Iris tipis-tipis utawi parut rimpang wau supados sari-sarinipun saged medal kanthi maksimal nalika dipungodhog.
3.  **Nggodhog**: Lebetaken irisan Temulawak wonten ing panci, lajeng dipunparingi toya 600 ml.
4.  **Nyuda**: Godhog kanthi geni alit kirang langkung 15-20 menit ngantos toyanipun nyuda dados 300 ml. Proses menika ndadosaken konsentrasi zat aktip langkung kiyat.
5.  **Nyaring**: Saring toya godhogan ngginakaken kain resik supados mboten wonten ampasipun.
6.  **Nambah Rasa**: Menawi sampun anget kuku, saged dipuntambah madu utawi peresan jeruk nipis supados raosipun langkung sae.

**4. Aturan Anggen**
Supados saged mupangat kanthi sae, aturan ngunjukipun inggih menika:
*   **Dosis**: Ngunjuk setengah gelas (kirang langkung 150 ml) saben dinten.
*   **Wektu**: Saenipun dipununjuk nalika enjang sadurunge dhahar (perut kosong) utawi sonten. Kangge tiyang ingkang gadhah weteng sensitif, saged dipununjuk kanthi jeda kalih jam sasampunipun dhahar.
*   **Konsistensi**: Jampi menika saged dipununjuk rutin ngantos wonten owah-owahan kasarasan, nanging kedah tetep ngawasi kondisi badan.

**5. Pepingatan**
Wonten sawetawis bab ingkang kedah dipungatosaken kanthi premati:
*   **Obstruksi Saluran Empedu**: Menawi watu empedu ukuranipun ageng utawi sampun nyumbat saluran kanthi total, jampi menika **mboten pareng** dipununjuk amargi saged njalari watu obah lan nyumbat saluran (kolik empedu) ingkang njalari rasa sakit ingkang sanget.
*   **Kondisi Medis Lainipun**: Tumrap panjenengan ingkang gadhah riwayat gangguan ginjel, watu ginjel, tukak lambung (maag), utawi ngginakaken obat pengencer getih, prayoginipun mboten ngginakaken jampi menika utawi konsultasi rumiyin kaliyan dhokter.
*   **Ibu Hamil lan Menyusui**: Dereng dipunpastikaken keamananipun, saengga mbetahaken pangeduman dhokter.
*   **Efek Samping**: Menawi wonten rasa mual, perih weteng, utawi nyeri ingkang langkung sanget, enggal-enggal mandhegaken ngunjuk jampi menika.
*   **Pangobatan Medis**: Jampi tradhisional punika minangka pendamping, mboten nggantosaken penanganan medis menawi kondisi gerah sampun parah.","{""task"": ""preparation"", ""language"": ""jv"", ""jv_herb_name"": ""Temulawak"", ""register"": ""Krama_Inggil""}",,
"As an ethnobotany expert, explain how to prepare Kemangi to treat Bau Mulut.","To treat Bau Mulut using Kemangi:
Ingredients:
- Kemangi
  Scientific name: Ocimum canum Sims (L.)
  Part: herba
  Dose: 1 x 6 g/hari, pagi sebelum makan

Preparation:
bahan diseduh dengan 1 cangkir air mendidih, diamkan, saring, dapat ditambahkan gula merah atau madu secukupnya.

Safety Information:
Contraindications: anak, kehamilan dan menyusui
Warnings: alergi","As an ethnobotany expert, explain how to prepare Kemangi (Ocimum basilicum, commonly known as lemon basil) to treat Bau Mulut (halitosis or bad breath). Please provide clear, step-by-step instructions for the preparation method.

Context Data:
{""task"": ""preparation"", ""language"": ""en"", ""indication"": ""Bau Mulut""}","Kemangi (*Ocimum basilicum* var. *citriodorum*), often referred to as lemon basil, is a highly effective traditional remedy for *bau mulut* (halitosis). Its efficacy stems from its high concentration of volatile essential oils, particularly citral and eugenol, which possess strong antimicrobial properties that target the sulfur-producing bacteria responsible for bad breath, while simultaneously providing a fresh, citrusy aroma.

Here is a practical, step-by-step method to prepare Kemangi as a fresh oral rinse:

### Preparation of Fresh Kemangi Oral Rinse

**Ingredients and Tools:**
*   10–15 fresh Kemangi leaves (young, tender leaves are preferred for higher oil content).
*   1 cup (250 ml) of clean drinking water.
*   A small mortar and pestle (*ulekan*) or a clean bowl and spoon.
*   A fine mesh strainer or cheesecloth.
*   A small glass jar or cup for storage (if not using immediately).

**Instructions:**

1.  **Cleaning the Leaves:**
    Thoroughly rinse the Kemangi leaves under cool running water to remove any soil, dust, or potential contaminants. Gently pat them dry with a clean cloth or paper towel. It is crucial that the leaves are clean before crushing to avoid introducing new bacteria into the mouth.

2.  **Mechanical Extraction:**
    Place the clean leaves into the mortar. Using the pestle, gently crush and grind the leaves until they are bruised and release their distinct lemony fragrance. You do not need to turn them into a fine paste; the goal is to rupture the oil glands on the leaf surface to release the essential oils. If you do not have a mortar, place the leaves in a bowl and mash them firmly with the back of a spoon.

3.  **Infusion:**
    Transfer the crushed leaves into a cup. Pour the room-temperature or slightly warm (not boiling) water over the leaves. Using water that is too hot can degrade some of the delicate volatile compounds. Let the mixture steep for 10 to 15 minutes. This allows the antimicrobial compounds to diffuse into the water.

4.  **Straining:**
    After steeping, strain the liquid through a fine mesh strainer or cheesecloth into a clean container. Discard the plant material. The resulting liquid should be clear with a slight greenish tint and a strong, fresh aroma.

5.  **Application:**
    Take a mouthful of the infused water and swish it vigorously around your mouth for 30 to 60 seconds. Ensure the liquid reaches between the teeth and along the gum line where bacteria often accumulate. Gargle slightly if the odor originates from the throat. Spit the liquid out into a sink; do not swallow the rinse.

6.  **Frequency:**
    This rinse can be used immediately after meals or whenever fresh breath is required. For best results, prepare a fresh batch daily, as the essential oils evaporate and the mixture loses potency over time.

**Note on Efficacy:**
While this remedy effectively neutralizes odor-causing bacteria and provides temporary freshness, persistent halitosis can sometimes indicate underlying dental issues such as gum disease or cavities. This preparation serves as an excellent complementary hygiene practice but should be part of a broader oral care routine that includes regular brushing and flossing.","{""task"": ""preparation"", ""language"": ""en"", ""indication"": ""Bau Mulut""}",,
"As an ethnobotany expert, explain how to prepare Jahe to treat Encok /Pegal Linu.","To treat Encok /Pegal Linu using Jahe:
Ingredients:
- Jahe
  Scientific name: Zingiber officinale Rosc.
  Part: rimpang
  Dose: 3 x 5 g rimpang/hari, sebelum makan

Preparation:
bahan diseduh dengan 1 cangkir air mendidih, diamkan, saring dan diminum sebelum makan

Safety Information:
Contraindications: anak <6 tahun, batu empedu.
Warnings: tidak boleh diberikan dengan dosis > 6 g, karena dapat menimbulkan borok lambung
Side effects: sedikit nyeri lambung, rasa terbakar di ulu hati","As an ethnobotany expert, explain how to prepare Jahe (ginger) to treat Encok (gout) and Pegal Linu (rheumatic pain/muscle aches). Adhere to the following task parameters:

{""task"": ""preparation"", ""language"": ""en"", ""indication"": ""Encok /Pegal Linu""}

Please provide:
1. A brief overview of Jahe's traditional use for these conditions.
2. Step-by-step instructions for preparation (including ingredients, ratios, and cooking method).
3. Recommended dosage and administration frequency.
4. Any relevant safety precautions or contraindications.","### Traditional Use of Jahe for Encok and Pegal Linu

In traditional Javanese herbal practice, *Jahe* (ginger, *Zingiber officinale*) is highly valued for its warming properties (*hangat*) and its ability to stimulate circulation. For conditions such as *Encok* (gout) and *Pegal Linu* (rheumatic pain and muscle aches), ginger is traditionally used to reduce inflammation, alleviate stiffness, and manage pain. Its active compounds, primarily gingerols and shogaols, act as natural analgesics and anti-inflammatories. While common white ginger is often used in cooking, red ginger (*Jahe Merah*) is traditionally preferred for medicinal purposes due to its higher concentration of essential oils and potency. It is important to note that while ginger helps manage the inflammation and pain associated with gout, it does not lower uric acid levels and should not replace conventional medical treatment.

### Preparation Instructions

For these musculoskeletal conditions, ginger can be used both internally as a decoction and externally as a compress.

#### 1. Internal Decoction (Wedang Jahe)

**Ingredients:**
*   **Fresh Red Ginger (*Jahe Merah*):** 50 grams (approximately a thumb-sized piece).
*   **Water:** 600 ml (approx. 2.5 cups).
*   **Optional:** 1 tablespoon of palm sugar (*Gula Jawa*) or honey to taste.

**Step-by-Step Method:**
1.  **Clean:** Thoroughly scrub the ginger root under running water to remove all soil. There is no need to peel it, as beneficial compounds reside near the skin.
2.  **Bruise:** Slice the ginger into thick rounds, then firmly crush or bruise the pieces using the flat side of a knife or a pestle. This breaks the cell walls and releases the essential oils.
3.  **Boil:** Place the crushed ginger and water into a pot (stainless steel or clay is preferred over aluminum). Bring to a boil over medium-high heat.
4.  **Simmer:** Once boiling, reduce the heat to low, cover the pot, and let it simmer gently for 15 to 20 minutes. The liquid should reduce slightly and take on a deep golden-yellow hue.
5.  **Strain:** Remove from heat and strain the liquid into a cup, pressing the ginger solids gently to extract any remaining liquid.
6.  **Sweeten:** Stir in palm sugar or honey while the drink is warm. If using honey, add it when the liquid is no longer boiling to preserve its beneficial properties.

#### 2. External Compress (Kompres Jahe) — Optional for Pegal Linu

**Ingredients:**
*   **Fresh Ginger:** 100 grams.
*   **Warm water or coconut oil:** 1-2 teaspoons (to form a paste).
*   **Clean cloth or gauze.**

**Step-by-Step Method:**
1.  **Grate:** Finely grate the fresh ginger.
2.  **Paste:** Mix the grated ginger with a small amount of warm water or coconut oil to form a thick paste.
3.  **Apply:** Spread the paste onto the clean cloth.
4.  **Treatment:** Apply the cloth directly to the affected joint or muscle. Cover with a dry towel to retain heat. Leave it in place for 15 to 30 minutes.
5.  **Cleanup:** Remove the compress and wipe the skin clean with a warm, damp cloth to prevent irritation from residual ginger oils.

### Recommended Dosage and Administration

*   **Internal Decoction:** Drink one cup (approximately 200 ml) twice daily, ideally in the morning and early evening. Avoid consuming it immediately before lying down to prevent acid reflux.
*   **External Compress:** Apply once daily, preferably in the evening when the body is at rest. Do not apply to broken skin or open wounds.
*   **Duration:** Traditional practice suggests using this regimen for 7 to 14 days to observe improvement. If symptoms persist, discontinue use and seek further medical evaluation.

### Safety Precautions and Contraindications

While ginger is a common culinary spice, medicinal doses require careful consideration:

*   **Blood Thinning:** Ginger has mild anticoagulant properties. Individuals taking blood-thinning medications (such as warfarin or aspirin) should consult a healthcare provider before use. Discontinue use at least two weeks prior to any scheduled surgery.
*   **Gastric Sensitivity:** High concentrations of ginger can cause heartburn, stomach upset, or ulcers, especially if taken in excessive doses or on an empty stomach. If you have a history of gastric ulcers or severe acid reflux, consume the decoction with food or dilute it further.
*   **Gallstones:** Ginger can increase bile production; individuals with gallstones should seek medical advice before using it medicinally.
*   **Diabetes and Blood Pressure:** Ginger may lower blood sugar and blood pressure levels. Patients on related medications should monitor their levels closely.
*   **Pregnancy and Children:** Pregnant women should avoid medicinal doses of ginger without explicit approval from their obstetrician. It is contraindicated for children under 6 years of age.
*   **Skin Sensitivity:** For the external compress, perform a patch test on a small area of skin first. If redness or burning occurs, remove the compress immediately.
*   **Allergic Reaction:** Discontinue use immediately if you experience rash, itching, or difficulty breathing.","{""task"": ""preparation"", ""language"": ""en"", ""indication"": ""Encok /Pegal Linu""}",,
"Sebagai pakar etnobotani, jelaskan cara membuat ramuan dari Kejibeling untuk mengobati Kencing Batu.","Untuk mengobati Kencing Batu menggunakan Kejibeling:
Bahan:
- Kejibeling
  Nama ilmiah: Strobillanthus crispus Bl
  Bagian: daun
  Dosis: 2x 15 lembar daun/hari

Cara Pembuatan:
rebus daun dengan 2 gelas air sampai menjadi separuhnya, saring, diminum selagi hangat.

Informasi Keamanan:
Larangan: gangguan hati, ginjal, kehamilan
Efek samping: belum dilaporkan.","Sebagai pakar etnobotani, jelaskan secara rinci cara menyiapkan ramuan dari tanaman Kejibeling untuk mengobati Kencing Batu. Pastikan penjelasan mencakup langkah-langkah persiapan, takaran, dan metode konsumsi yang aman berdasarkan pengetahuan tradisional.

Konteks Tugas:
{""task"": ""preparation"", ""language"": ""id"", ""indication"": ""Kencing Batu""}","Penggunaan tanaman Kejibeling (dikenal secara ilmiah sebagai *Strobilanthes crispus* atau *Peristrophe bivalvis*) untuk membantu mengatasi kencing batu telah lama dikenal dalam tradisi pengobatan. Kandungan kalium di dalamnya bertindak sebagai diuretik alami yang membantu melancarkan saluran kemih. Namun, perlu dipahami bahwa kondisi kencing batu (urolithiasis) adalah masalah medis serius. Informasi berikut disajikan sebagai pengetahuan tradisional suportif, bukan pengganti diagnosis atau pengobatan medis profesional.

### 1. Identifikasi dan Persiapan Bahan
Pastikan Anda menggunakan tanaman Kejibeling yang benar. Ciri-cirinya adalah tanaman dengan batang hijau kecokelatan dan daun hijau tua berbentuk bulat telur hingga lanset yang sedikit berbulu halus.
*   **Bahan:** Ambil 10 hingga 15 lembar daun Kejibeling segar (setara dengan 30–60 gram). Pilih daun yang tidak terlalu muda maupun tua, bebas hama, dan tidak layu.
*   **Pembersihan:** Cuci daun secara menyeluruh di bawah air mengalir untuk menghilangkan debu, tanah, atau residu pestisida.

### 2. Langkah-Langkah Pembuatan (Dekoksi)
Metode dekoksi atau perebusan sangat penting untuk mengekstrak zat aktif tanaman tanpa merusaknya:
1.  **Wadah:** Gunakan panci dari tanah liat, kaca, atau *stainless steel*. Hindari penggunaan panci aluminium karena dapat bereaksi dengan senyawa kimia dalam tanaman.
2.  **Air:** Masukkan daun yang telah dicuci ke dalam panci, lalu tuangkan 2 hingga 3 gelas air bersih (sekitar 400–600 ml).
3.  **Perebusan:** Rebus dengan api sedang hingga mendidih. Setelah mendidih, kecilkan api dan biarkan mendidih perlahan selama 10 hingga 15 menit, atau hingga air menyusut menjadi sekitar 1 gelas (200–250 ml).
4.  **Penyaringan:** Matikan api dan biarkan suhu turun hingga hangat. Saring air rebusan ke dalam gelas bersih dan buang ampas daunnya.

### 3. Takaran dan Metode Konsumsi
*   **Dosis:** Minum ramuan sebanyak 1 gelas per hari. Anda dapat meminumnya sekaligus atau dibagi menjadi 2 kali minum (pagi dan sore).
*   **Waktu:** Sebaiknya diminum dalam keadaan hangat dan setelah makan untuk menghindari iritasi lambung.
*   **Durasi:** Tidak disarankan untuk konsumsi jangka panjang. Gunakan selama 3 hingga 7 hari, lalu hentikan untuk melihat respons tubuh.
*   **Hidrasi:** Sangat penting untuk meningkatkan konsumsi air putih (minimal 2-3 liter per hari) selama masa pengobatan guna membantu membilas saluran kemih dan meluruhkan batu.

### 4. Peringatan Keamanan dan Kontraindikasi
Keselamatan adalah prioritas utama. Penggunaan herbal untuk organ vital seperti ginjal memerlukan kehati-hatian ekstra:
*   **Konsultasi Medis:** Wajib berkonsultasi dengan dokter sebelum memulai, terutama jika Anda sedang menjalani pengobatan lain. Jika batu berukuran besar, upaya meluruhkannya dapat berisiko menyebabkan penyumbatan saluran kemih.
*   **Kontraindikasi:** Ibu hamil, ibu menyusui, serta individu dengan gangguan fungsi ginjal atau hati kronis dilarang mengonsumsi ramuan ini tanpa pengawasan dokter.
*   **Interaksi Obat:** Kejibeling memiliki efek diuretik yang dapat berinteraksi dengan obat tekanan darah atau diuretik sintetis, berisiko menurunkan tekanan darah terlalu drastis. Beri jeda minimal 2 jam jika mengonsumsi obat medis.
*   **Efek Samping & Tanda Bahaya:** Hentikan penggunaan segera jika muncul mual, pusing, nyeri pinggang yang bertambah hebat (kolik), urine berdarah, demam, atau sulit buang air kecil sama sekali. Segera cari bantuan medis jika gejala bahaya ini terjadi.

Pengobatan tradisional ini bersifat membantu. Pastikan untuk selalu memantau kondisi dan mengutamakan keselamatan fungsi organ tubuh Anda.","{""task"": ""preparation"", ""language"": ""id"", ""indication"": ""Kencing Batu""}",,
"Minangka ahli etnobotani, nerangake carane nggawe jampi saka Salam kanggo nambani diabetes.","Kanggo nambani diabetes nggunakake Salam:
Bahan:
- Salam
  Jeneng ilmiah: Syzgium polyanthum (Wight) Walp
  Bagian: godhong
  Dosis: 2 x 8 godhong / dina.

Cara Nggawe:
Bahan-bahan kasebut digodhog nganggo banyu 2 gelas nganti suda setengah.

Informasi Keamanan:
Pènget: ora dianjurake kanggo kelainan ati lan ginjel","Minangka ahli etnobotani, sumangga nerangaken kanthi rininci langkah-langkah nyiapaken jampi saking godhong Salam kangge ngawula dhateng pasakit diabetes.

Tetaken paugeran ing ngandhap menika:
1. Basa: Ngginakaken Basa Jawa Krama Inggil ingkang leres lan sopan.
2. Isi: Jelaskan cara ngolah, takaran, lan aturan ngunjuk ingkang aman.
3. Peringatan: Mboten klentu nyertakaken cathetan penting bilih jampi tradisional menika mboten saged nggantosaken pengobatan medis modern lan perlu konsultasi kaliyan dhokter.

Data tugas:
{""task"": ""preparation"", ""language"": ""jv"", ""jv_herb_name"": ""Salam"", ""register"": ""Krama_Inggil""}","Nuwun sewu, keparenga kula aturaken tata cara nyawisaken jampi saking godhong Salam (*Syzygium polyanthum*) kangge mbantu ngatur kadar gula rah wonten ing pasakit diabetes. Panggénanipun godhong Salam minangka jampi sampun dipunwarisaken turun-temurun, nanging kedah dipuntindakaken kanthi titik, teliti, sarta kehati-hatian.

Ing ngandhap menika langkah-langkah ingkang saged Panjenengan tindakaken:

**1. Pamilian lan Paresikan Bahan**
Pilih godhong Salam ingkang tuwa, warninipun ijem peteng, lan mboten rusak, cacahipun 7 dumugi 10 lembar. Godhong ingkang tuwa biasanipun ngandhut senyawa ingkang langkung optimal. Cuci godhong kasebut kanthi resik ngginakaken toya ingkang mili supados lebu lan regedan saged ical. Menawi dipunbeta, saged direndam rumiyin ngginakaken toya ingkang dipunparingi uyah sakedhik, lajeng dipunbilas malih.

**2. Proses Panggodhogan**
Lebetaken godhong ingkang sampun resik wau wonten ing panci (prayoginipun mboten ngginakaken panci aluminium), lajeng tambahaken toya resik kirang langkung 3 gelas (600 ml). Godhog kanthi geni ingkang alit ngantos toyanipun nyuda dados kirang langkung 1 gelas (200 ml). Proses menika mbetahaken wekdal kirang langkung 15 dumugi 20 menit.

**3. Penyaringan lan Penyajian**
Sasampunipun panggodhogan rampung, saring toyanipun ngginakaken saringan ingkang resik supados ampas godhong mboten kalebet. Toya saringan menika saged dipununjuk nalika taksih anget-anget kuku. Rasinipun memang pahit lan sepet, nanging menika wajar kangge jampi tradisional.

**Aturan Ngunjuk ingkang Aman**
Jampi menika saged dipununjuk kaping kalih sedinten, inggih menika enjang lan sore, saenipun saderengipun dhahar. Kedah dipuntindakaken kanthi rutin nanging mboten kekathahen.

**Cathetan Wigati lan Peringatan**
Kula aturaken kanthi sanget, Panjenengan kedah ngatos-atos lan maremaken babagan ing ngandhap menika:

*   **Jampi tradisional menika mboten saged nggantosaken pengobatan medis modern.** Jampi godhong Salam namung minangka pambantu utawi komplementer.
*   **Wajib konsultasi kaliyan dhokter** saderengipun ngonsumsi jampi menika, utaminipun menawi Panjenengan saweg ngunjuk obat medis kangge diabetes. Kombinasi ingkang mboten trep saged njalari gula rah mudhun drastis (hipoglikemia).
*   Pemantauan kadar gula rah kedah tetep dipuntindakaken kanthi rutin.
*   Jampi menika mboten dipunsaranaken kangge Panjenengan ingkang gadhah kelainan ati lan ginjel.
*   Menawi wonten tandha-tandha badan boten kepenak sesampunipun ngunjuk, enggal-enggal mandhegaken lan ngubungi dhokter.

Mugi-mugi katrangan menika saged mbiyantu Panjenengan kanthi sae. Tansah jagi kasarasan lan pola dhahar ingkang leres.","{""task"": ""preparation"", ""language"": ""jv"", ""jv_herb_name"": ""Salam"", ""register"": ""Krama_Inggil""}",,
"Sebagai pakar etnobotani, jelaskan cara membuat ramuan dari Daun iler untuk mengobati Wasir.","Untuk mengobati Wasir menggunakan Daun iler:
Bahan:
- Daun iler
  Nama ilmiah: Coleus scutellariodes (l)  benth.
  Bagian: daun segar
  Dosis: 1 x 25 g daun/hari.

Cara Pembuatan:
bahan direbus dengan 2 gelas air sampai menjadi setengahnya, dinginkan, saring dan diminum sekaligus.

Informasi Keamanan:
Larangan: kehamilan, menyusui, dan anak
Peringatan: tekanan darah rendah dan tukak lambung
Efek samping: gangguan irama jantung, penurunan tekanan darah, sakit kepala dan muka merah","Berperanlah sebagai pakar etnobotani. Berdasarkan data berikut:
{""task"": ""preparation"", ""language"": ""id"", ""indication"": ""Wasir""}

Jelaskan secara rinci cara mempersiapkan dan membuat ramuan tradisional menggunakan Daun iler (Coleus scutellarioides) untuk mengobati Wasir (hemoroid). Pastikan penjelasan Anda mencakup:
1. Bahan-bahan yang diperlukan.
2. Langkah-langkah pembuatan yang sistematis.
3. Cara penggunaan yang tepat.
4. Catatan keamanan atau peringatan penting terkait penggunaannya.","Berikut adalah panduan rinci mengenai persiapan dan penggunaan Daun Iler (*Coleus scutellarioides*) untuk membantu meredakan gejala wasir (hemoroid). Pendekatan ini mengutamakan penggunaan luar yang lebih aman untuk perawatan mandiri di rumah, dengan tetap menyertakan informasi keamanan yang mendalam.

### 1. Bahan-bahan yang Diperlukan
Untuk menyiapkan ramuan ini, pastikan Anda menggunakan bahan yang segar dan higienis:
*   **Daun Iler Segar:** 7 hingga 10 lembar. Pilih daun yang berwarna cerah (hijau atau ungu kemerahan), tidak layu, dan bebas dari bercak penyakit atau hama.
*   **Air Bersih:** 500 ml hingga 1 liter air matang atau air filter (untuk rebusan), atau sedikit air matang (untuk pasta).
*   **Garam Dapur atau Garam Laut (Opsional):** Sejumput kecil atau sekitar ½ sendok teh, untuk membantu memberikan efek antiseptik ringan.
*   **Alat Pendukung:** Panci stainless steel atau tanah liat (hindari aluminium), cobek dan ulekan, kain kasa steril, serta wadah bersih yang telah disterilkan.

### 2. Langkah-langkah Pembuatan yang Sistematis
Untuk kondisi wasir, ada dua metode pembuatan ramuan eksternal yang umum digunakan:

**Metode Rebusan (Untuk Cuci Duduk atau Kompres)**
1.  **Pencucian:** Cuci lembar daun iler satu per satu di bawah air mengalir untuk menghilangkan debu dan kotoran.
2.  **Pengeluaran Sari:** Remas-remas daun secara perlahan hingga sedikit memar. Langkah ini membantu memecah dinding sel tanaman agar senyawa aktifnya lebih mudah larut saat direbus.
3.  **Perebusan:** Masukkan daun ke dalam panci bersama air bersih (dan garam jika digunakan). Rebus dengan api sedang hingga mendidih, lalu kecilkan api dan biarkan mendidih perlahan selama 10–15 menit hingga air berubah warna.
4.  **Penyaringan dan Pendinginan:** Saring air rebusan ke dalam wadah bersih, pisahkan ampas daun. Biarkan hingga suhu air turun menjadi hangat kuku (sekitar 37–40°C). Penggunaan air panas mendidih dapat menyebabkan luka bakar pada area sensitif.

**Metode Pasta (Untuk Olesan Luar)**
1.  **Pencucian dan Pengeringan:** Cuci bersih daun iler, lalu keringkan dengan tisu atau kain bersih.
2.  **Penghalusan:** Letakkan daun di atas cobek dan tumbuk hingga benar-benar halus membentuk pasta kental.
3.  **Pengenceran:** Jika pasta terlalu kental, tambahkan sedikit air matang setetes demi setetes hingga konsistensinya mudah diaplikasikan namun tetap pekat.
4.  **Penyaringan (Opsional):** Bungkus pasta dengan kain kasa steril dan peras untuk mengambil sari-sari murni jika Anda ingin hasil yang lebih halus tanpa serat kasar.

### 3. Cara Penggunaan yang Tepat
Pastikan area dubur sudah dibersihkan dengan air hangat dan dikeringkan secara lembat (ditekan-tekan, jangan digosok) sebelum aplikasi.

*   **Cuci Duduk (Sitz Bath):** Tuangkan air rebusan hangat ke dalam wadah duduk atau baskom bersih. Rendam area dubur selama 10–15 menit. Lakukan 2 kali sehari, terutama pada pagi hari dan sebelum tidur malam.
*   **Kompres Hangat:** Rendam kain kasa steril dalam air rebusan hangat, lalu tempelkan pada benjolan wasir selama 10–15 menit.
*   **Olesan Pasta:** Oleskan pasta atau sari daun iler secara perlahan pada benjolan wasir luar. Jika wasir berada sedikit di bagian dalam, gunakan kapas bersih atau jari dengan sarung tangan steril untuk mengoleskan secara tipis. Biarkan meresap selama 15–30 menit, lalu bilas dengan air hangat.
*   **Penyimpanan:** Sisa air rebusan dapat disimpan dalam wadah tertutup di lemari pendingin dan digunakan dalam waktu maksimal 24 jam. Buang jika warna atau bau berubah.

### 4. Catatan Keamanan dan Peringatan Penting
Meskipun berbahan alami, penggunaan ramuan tradisional memerlukan kehati-hatian, terutama pada kondisi medis seperti wasir:

*   **Uji Sensitivitas:** Sebelum digunakan secara luas, oleskan sedikit rebusan atau pasta pada kulit lengan bagian dalam. Tunggu 15–30 menit. Jika muncul kemerahan, gatal, atau iritasi, hentikan penggunaan segera karena Anda mungkin memiliki hipersensitivitas terhadap tanaman ini.
*   **Peringatan Konsumsi Internal (Minum):** Penggunaan luar sangat direkomendasikan untuk perawatan mandiri. **Hindari meminum rebusan daun iler tanpa pengawasan praktisi herbal klinis**. Konsumsi internal memiliki batas dosis ketat (sekitar 25 gram daun per hari) dan dapat menimbulkan efek samping serius seperti gangguan irama jantung, penurunan tekanan darah, sakit kepala, dan muka merah. Konsumsi internal **dilarang keras** untuk ibu hamil, ibu menyusui, anak-anak, serta penderita tekanan darah rendah dan tukak lambung. Untuk penggunaan luar, ibu hamil dan menyusui tetap disarankan berkonsultasi dengan tenaga medis terlebih dahulu.
*   **Kebersihan Alat:** Area wasir sangat rentan terhadap infeksi sekunder. Pastikan semua alat yang bersentuhan dengan ramuan dan area tubuh dalam keadaan steril.
*   **Kondisi Luka Terbuka dan Pendarahan:** Jika wasir disertai pendarahan hebat, nyeri yang tak tertahankan, atau benjolan yang tidak bisa masuk kembali, segera hentikan perawatan mandiri dan kunjungi fasilitas kesehatan. Ramuan ini bersifat suportif untuk meredakan gejala ringan dan bukan pengganti tindakan medis darurat.
*   **Konsistensi dan Gaya Hidup:** Untuk hasil optimal, imbangi perawatan ini dengan konsumsi makanan tinggi serat dan minum air putih yang cukup agar buang air besar menjadi lancar. Jika gejala tidak membaik dalam 3–7 hari, hentikan penggunaan ramuan dan cari bantuan medis profesional.","{""task"": ""preparation"", ""language"": ""id"", ""indication"": ""Wasir""}",,
"Sebagai pakar etnobotani, jelaskan cara membuat ramuan dari Pepaya untuk mengobati Letih Lesu.","Untuk mengobati Letih Lesu menggunakan Pepaya:
Bahan:
- Pepaya
  Nama ilmiah: Carica papaya L.
  Bagian: daun segar
  Dosis: 1x3 lembar daun (seukuran telapak tangan)/hari a) Dewasa dan anak > 11 tahun: 1 x 1 cangkir per hari b) Anak usia 1-2 tahun 1 x sehari 1sdm (dari dosis dewasa)/hari c) Anak usia 3-5 tahun 1 x sehari 2 sdm (dari dosis dewasa)/hari d) Anak usia 6-8 tahun 1 x sehari ¼ cangkir (dari dosis dewasa)/hari e) Anak usia 9-11 tahun 1 x sehari ½ cangkir (dari dosis dewasa)/hari

Cara Pembuatan:
Cara pembuatan/penggunaan (untuk anak > 11 tahun dan dewasa): bahan dihaluskan, tambahkan 1 cangkir air hangat dan sedikit garam, saring, dan diminum sekaligus.

Informasi Keamanan:
Larangan: kehamilan
Peringatan: getah papain sangat berbahaya jika mengenai mata
Efek samping: alergi","Berperanlah sebagai pakar etnobotani. Jelaskan secara rinci cara membuat ramuan dari buah atau daun Pepaya untuk mengobati kondisi ""Letih Lesu"" (kelelahan fisik dan mental).

Harap ikuti struktur berikut dalam jawaban Anda:
1. **Bahan yang Dibutuhkan**: Sebutkan bagian tanaman Pepaya yang digunakan dan bahan pendukung lainnya.
2. **Langkah Pembuatan**: Uraikan proses pembuatan ramuan secara bertahap.
3. **Aturan Pakai**: Jelaskan cara dan dosis konsumsi yang aman.
4. **Catatan Keamanan**: Sertakan peringatan atau kontraindikasi jika ada.

Konteks Tugas:
{""task"": ""preparation"", ""language"": ""id"", ""indication"": ""Letih Lesu""}","Memahami kondisi tubuh yang terasa letih dan lesu adalah langkah awal untuk kembali seimbang. Alam menyediakan banyak cara untuk memulihkan tenaga, dan daun pepaya muda adalah salah satu anugerah yang sering digunakan secara turun-temurun. Kandungan enzim dan alkaloidnya dipercaya dapat melancarkan pencernaan, memperbaiki metabolisme, dan membantu tubuh menyerap nutrisi lebih baik, sehingga stamina perlahan pulih. 

Berikut adalah panduan menyiapkan ramuan ini dengan penuh perhatian dan ketelitian:

1. **Bahan yang Dibutuhkan**
   Untuk mendapatkan hasil yang optimal, pilihlah bahan-bahan berikut dengan seksama:
   * **Daun Pepaya Muda:** 3 hingga 5 lembar. Pilihlah daun yang warnanya masih hijau cerah dan teksturnya belum terlalu keras, karena kandungan nutrisinya lebih mudah terserap dan rasa pahitnya lebih ringan dibandingkan daun tua.
   * **Air Bersih:** 2 gelas (sekitar 400-500 ml).
   * **Jahe Merah (Opsional):** 1 ruas jari, memarkan. Ini membantu menghangatkan tubuh dan melancarkan peredaran darah.
   * **Kunyit (Opsional):** 1 ruas jari, memarkan. Berfungsi mengurangi peradangan dan menambah efek segar pada ramuan.
   * **Madu Murni atau Gula Aren:** 1 sendok makan, untuk menambah energi instan dan menyeimbangkan rasa pahit.
   * **Garam Alami:** Sejumput kecil, untuk memperkuat ekstraksi dan rasa ramuan.

2. **Langkah Pembuatan**
   Proses pembuatan ini memerlukan kesabaran agar sari pati tanaman keluar dengan sempurna tanpa merusak zat aktifnya:
   * **Pencucian dan Persiapan:** Cuci daun pepaya, jahe, dan kunyit di bawah air mengalir dengan lembut. Remas-remas sedikit daun pepaya agar seratnya terbuka dan zat aktifnya lebih mudah keluar saat direbus.
   * **Perebusan:** Didihkan air dalam panci tanah liat atau stainless steel (hindari aluminium). Masukkan jahe dan kunyit terlebih dahulu, lalu biarkan mendidih selama 2 menit.
   * **Penyarian:** Masukkan daun pepaya ke dalam air mendidih. Kecilkan api dan biarkan mendidih perlahan selama 10 hingga 15 menit hingga air menyusut menjadi sekitar setengahnya dan berubah warna menjadi hijau kecokelatan.
   * **Penyaringan:** Matikan api dan saring air rebusan ke dalam gelas. Buang ampasnya.
   * **Penyajian:** Tunggu hingga air rebusan menjadi hangat kuku, lalu campurkan sejumput garam dan madu atau gula aren. Aduk perlahan hingga merata.

3. **Aturan Pakai**
   Agar ramuan ini bekerja harmonis dengan tubuh Anda, perhatikan cara konsumsinya:
   * **Waktu Konsumsi:** Disarankan minum pada pagi hari setelah sarapan ringan atau sore hari saat rasa lelah mulai muncul. Hindari minum saat perut benar-benar kosong.
   * **Dosis Dewasa:** Konsumsi sebanyak 1 gelas kecil (sekitar 150-200 ml) sekali sehari.
   * **Dosis Anak:** Bagi anak usia 1-2 tahun cukup 1 sendok makan per hari; usia 3-5 tahun sebanyak 2 sendok makan; usia 6-8 tahun sebanyak 1/4 cangkir; dan usia 9-11 tahun sebanyak 1/2 cangkir per hari.
   * **Durasi:** Lakukan secara rutin selama 3 hingga 5 hari berturut-turut hingga kondisi tubuh terasa lebih bugar. Jika sudah membaik, hentikan konsumsi dan kembali ke pola makan sehat biasa.

4. **Catatan Keamanan**
   Meskipun bahan ini alami, kehati-hatian tetaplah utama demi keselamatan Anda:
   * **Ibu Hamil:** Harap hindari konsumsi ramuan daun pepaya selama kehamilan, karena senyawa tertentu di dalamnya dikhawatirkan dapat memicu kontraksi rahim.
   * **Bahaya Getah:** Getah pepaya (papain) sangat berbahaya jika mengenai mata, jadi berhati-hatilah saat mengolah daunnya.
   * **Kondisi Lambung:** Bagi yang memiliki maag sensitif, pastikan perut tidak dalam keadaan kosong saat meminum ramuan ini karena sifatnya yang pahit dan hangat dapat memicu asam lambung.
   * **Interaksi Obat:** Jika Anda sedang mengonsumsi obat pengencer darah atau memiliki gangguan pembekuan darah, konsultasikan dahulu dengan tenaga kesehatan, karena daun pepaya, jahe, dan kunyit memiliki efek yang dapat mempengaruhi sirkulasi darah.
   * **Reaksi Tubuh:** Dengarkan sinyal tubuh Anda. Jika setelah minum timbul rasa tidak nyaman pada perut, mual, atau gatal-gatal, segera hentikan penggunaan.

Semoga ramuan ini dapat membantu mengembalikan keceriaan dan tenaga Anda. Ingatlah bahwa istirahat yang cukup dan pikiran yang tenang adalah teman terbaik dari obat herbal apa pun.","{""task"": ""preparation"", ""language"": ""id"", ""indication"": ""Letih Lesu""}",,
"Minangka ahli etnobotani, jelasake carane nggawe jampi saka melon pait kanggo nambani diabetes.","Kanggo nambani diabetes nggunakake melon pait:
Bahan:
- pait melon
  Jeneng Ilmiah: Momordica charantia (L)
  Bagean: woh seger
  Dosis: 3 x 100 g / dina

Cara Nggawe:
tlatah bahan, nambah setengah gelas banyu, remet lan ketegangan, ngunjuk bebarengan.

Informasi Keamanan:
Larangan: meteng, nyusoni lan bocah-bocah.
Pènget: kabèh bagéan saka tanduran saged nyuda kesuburan kanggo lanang lan wadon, (utamané woh lan wiji).
Efek samping: sirah, konvulsi (ing bocah-bocah), koma hipoglikemik","Minangka ahli etnobotani, panjenengan dipunsumbangaken tugas kangge nerangaken cara nyiapaken jampi saking melon pait kangge nambani penyakit diabetes.

Mangga tindakaken dhawuh ingkang wonten ing data punika:
{""task"": ""preparation"", ""language"": ""jv"", ""jv_herb_name"": ""pare"", ""register"": ""Krama_Inggil""}

Wewaton ingkang kedah dipunlampahi:
1. Basa ingkang kaangge: Basa Jawi Krama Inggil (langkung luhur).
2. Fokus materi: Proses preparasi utawi nyiapaken jampi.
3. Bahan utama: Melon pait (Pare).
4. Tujuan: Kangge terapi utawi nambani diabetes.

Mangga paringaken penjelasan ingkang runtut, aman, lan miturut kaidah etnobotani.","Sugeng rawuh Panjenengan ingkang kinurmatan. Ngenani kasihatan, mliginipun babagan penyakit kencing manis utawi diabetes, menika perkawis ingkang serius lan kedah dipunlampahi kanthi kehati-hatian. Alam nyedhiyakaken pare (Momordica charantia) minangka pendamping terapi amargi nggadhahi senyawa aktif kados charantin lan polypeptide-p ingkang saged makarya kados insulin. Mekaten tata cara nyiapaken jampi saking pare ingkang saged Panjenengan lampahi kanthi runtut:

**1. Milih Bahan ingkang Sae**
Pilih pare ingkang taksih seger, wernanipun ijem enom, lan kulitipun boten lemes utawi risak. Langkung sae menawi asil tetanen organik supados mboten wonten residu pestisida ingkang mlebet ing badan.

**2. Ngresikaken Kanthi Saksama**
Cucien pare kanthi resik ngginakaken toya ingkang mili. Menawi perlu, rendhem sekedhik ngginakaken toya ingkang dipuncampuri uyah utawi cuka, lajeng bilas malih. Menika penting kangge ngilangi lebu, bakteri, lan residu kimia ingkang mungkin nempel.

**3. Preparasi lan Pengolahan**
Wonten kalih cara ingkang umum dipunginakaken:
*   **Cara Godhog (Rebusan):** Iris pare tipis-tipis, wiji-wijinipun dipunbuang rumiyin. Supados rasa pait boten kelangkung sanget, irisan pare saged dipunparingi uyah sakedhik, dipunemutaken sawetawis menit, lajeng dipunbilas malih. Godhog irisan wau ngginakaken panci saking tanah utawi stainless steel (ampil ngginakaken aluminium) kaliyan kalih gelas toya resik. Godhog kanthi geni alit kirang langkung 10-15 menit ngantos toyanipun nyusa dados satunggal gelas. Saring toya godhoganipun.
*   **Cara Jus:** Iris pare alit-alit, lajeng dipunblend utawi dipunperas. Saring sarinipun ngginakaken kain resik supados ampasipun pisah.

**4. Aturan Pangginakaken**
Wiwitanana kanthi dosis alit rumiyin, kirang langkung 30-50 ml (setengah gelas alit) saben dinten. Wekdal ingkang sae kangge ngunjuk menika nalika enjang saderengipun dhahar. Ampun ngunjuk nalika weteng kosong menawi Panjenengan gadhah riwayat sakit maag. Jampi godhogan saged dipununjuk nalika taksih anget.

**5. Pepeling Keamanan ingkang Penting**
Minangka bentuk tanggung jawab dhumateng kasihatan, wonten perkawis ingkang kedah dipuneling-eling:
*   **Interaksi Obat:** Pare saged nurunaken kadar gula darah kanthi cepet. Menawi Panjenengan saweg ngginakaken obat kimia saking dhokter utawi insulin, kedah konsultasi rumiyin supados mboten dumadi hipoglikemia (kadar gula darah dhawah kelangkung cendhek).
*   **Kontraindikasi:** Jampi menika mboten dipunsaranaken kangge ibu ingkang saweg nggarbini utawi menyusui. Kajawi punika, panggunaan ingkang kelangkung kathah saged nyuda kesuburan lan nuwuhaken risiko efek samping serius kados konvulsi, mliginipun ing bocah-bocah.
*   **Kondisi Khusus:** Ati-ati sanget menawi gadhah masalah ginjel utawi hati.
*   **Observasi:** Tindakaken pamariksaan gula darah kanthi rutin. Menawi wonten rasa pusing, boten kepenak ing weteng, utawi gejala sanesipun, enggal mandhegaken panggunaanipun.

Mugi-mugi pandhuan menika saged dados rujukan ingkang migunani. Kasihatan punika bandha ingkang mahal, mula kedah dipunjagi kanthi wicaksana lan seimbang. Menawi wonten ragi-ragi, monggo konsultasi kaliyan tenaga medis ingkang kompeten.","{""task"": ""preparation"", ""language"": ""jv"", ""jv_herb_name"": ""pare"", ""register"": ""Krama_Inggil""}",,
"Sebagai pakar etnobotani, jelaskan cara membuat ramuan dari Kayu Manis untuk mengobati Nyeri Haid (Dysmenorrhoea).","Untuk mengobati Nyeri Haid (Dysmenorrhoea) menggunakan Kayu Manis:
Bahan:
- Kayu Manis
  Nama ilmiah: Cinnamomum burmanii (Ness & Th. Nees)
  Bagian: kulit batang
  Dosis: 2 x 2 g kulit batang/hari

Cara Pembuatan:
rebus bahan dengan 2 gelas air sampai tinggal 1 gelas, dinginkan, saring dan bagi menjadi 2 bagian.

Informasi Keamanan:
Larangan: tukak lambung/usus 12 jari, demam yang tidak jelas penyebabnya, kehamilan, menyusui, alergi
Peringatan: hati-hati pada penyakit kencing manis, harus konsultasi dokter terlebih dahulu.
Efek samping: alergi","Bertindaklah sebagai pakar etnobotani. Jelaskan secara rinci cara menyiapkan ramuan dari Kayu Manis untuk mengobati Nyeri Haid (Dysmenorrhoea). Penjelasan Anda harus mencakup:

1. **Bahan dan Takaran**: Spesifikasikan bagian tanaman yang digunakan dan jumlah yang diperlukan.
2. **Metode Preparasi**: Langkah-langkah pembuatan ramuan (misalnya: perebusan, penyeduhan) secara urut.
3. **Aturan Pakai**: Cara konsumsi, frekuensi, dan durasi penggunaan yang disarankan.
4. **Catatan Keamanan**: Peringatan potensial, efek samping, atau kontraindikasi.

Pastikan respons Anda akurat secara ilmiah namun tetap mudah dipahami. Pertahankan konteks data berikut dalam analisis Anda:

{""task"": ""preparation"", ""language"": ""id"", ""indication"": ""Nyeri Haid (Dysmenorrhoea)""}","Dalam tradisi pengobatan herbal yang telah diwariskan turun-temurun di Nusantara, Kayu Manis (*Cinnamomum verum* atau sering juga disebut *Cinnamomum burmannii* di wilayah kita) dikenal sebagai sahabat hangat bagi rahim. Sifatnya yang menghangatkan dan melancarkan aliran darah sangat berpotensi meredakan kram atau nyeri haid (dismenore) yang disebabkan oleh penyempitan pembuluh darah dan kontraksi otot rahim yang berlebihan.

Berikut adalah panduan lengkap menyiapkan ramuan ini dengan hati-hati dan tepat guna:

### 1. Bahan dan Takaran
Untuk mendapatkan khasiat optimal tanpa membebani tubuh, pemilihan bahan dan takaran adalah kunci.

*   **Bagian Tanaman:** Gunakan **kulit batang** kayu manis. Usahakan memilih kayu manis batang utuh (bukan bubuk instan) karena lebih terjaga kemurnian minyak atsirinya. Jenis *Cinnamomum verum* (Kayu Manis Ceylon) lebih disarankan karena kandungan kumarinnya lebih rendah dibandingkan jenis *Cinnamomum burmannii* (Kayu Manis Padang/Kasia), sehingga lebih aman untuk konsumsi rutin jangka pendek.
*   **Jumlah:**
    *   2 hingga 3 batang kayu manis utuh (panjang sekitar 5–7 cm masing-masing), atau setara dengan 1 sendok makan serbuk kayu manis murni jika batang utuh tidak tersedia.
    *   2 gelas air bersih (sekitar 400–500 ml).
    *   *Opsional:* 1 ruas jari jahe merah (geprek) untuk memperkuat efek hangat, dan madu secukupnya sebagai pemanis alami.

### 2. Metode Preparasi
Proses penyeduhan atau perebusan bertujuan mengekstrak senyawa aktif seperti cinnamaldehyde yang berperan sebagai anti-inflamasi dan antispasmodik (pereda kejang otot).

1.  **Persiapan:** Jika menggunakan batang utuh, Anda bisa memecahnya sedikit agar permukaan kontaknya lebih luas, namun tidak perlu dihancurkan menjadi serbuk. Cuci bersih batang kayu manis (dan jahe jika digunakan) dengan air mengalir.
2.  **Perebusan:** Masukkan kayu manis (dan jahe) ke dalam panci berisi 2 gelas air. Didihkan air dengan api sedang.
3.  **Simmering (Api Kecil):** Setelah air mendidih, kecilkan api hingga ke posisi paling rendah. Tutup panci rapat-rapat untuk mencegah penguapan minyak atsiri yang berharga. Biarkan mendidih perlahan (*simmer*) selama 10–15 menit. Air akan berubah warna menjadi cokelat kemerahan dan aromanya akan menyebar kuat.
4.  **Penyaringan:** Angkat panci dari kompor. Saring air rebusan ke dalam cangkir atau teko menggunakan saringan kain atau teh untuk memisahkan ampas batang kayu manis.
5.  **Penyajian:** Tambahkan madu saat air masih hangat (bukan saat mendidih) agar enzim dalam madu tidak rusak. Aduk rata.

### 3. Aturan Pakai
Agar ramuan ini bekerja efektif meredakan nyeri, konsistensi dan waktu minum sangat penting.

*   **Cara Konsumsi:** Minum ramuan dalam keadaan hangat. Sensasi hangat dari dalam perut akan membantu melebarkan pembuluh darah dan merelaksasi otot rahim yang tegang.
*   **Frekuensi:** Dapat diminum 2 kali sehari.
*   **Waktu Terbaik:**
    *   Mulai konsumsi 1–2 hari sebelum jadwal haid diperkirakan muncul (jika siklus Anda teratur) sebagai tindakan pencegahan.
    *   Lanjutkan selama 2–3 hari pertama masa haid saat nyeri biasanya paling hebat.
*   **Durasi:** Gunakan hanya selama periode nyeri haid berlangsung. Tidak disarankan mengonsumsi ramuan ini secara terus-menerus setiap hari di luar masa haid tanpa jeda, kecuali atas anjuran praktisi herbal yang memantau kondisi Anda.

### 4. Catatan Keamanan
Meskipun alami, kayu manis adalah bahan bioaktif yang kuat dan perlu digunakan dengan bijak.

*   **Efek Samping Potensial:** Konsumsi berlebihan dapat menyebabkan iritasi pada lapisan mulut atau tenggorokan, serta gangguan pencernaan seperti mulas pada sebagian orang.
*   **Kontraindikasi Penting:**
    *   **Ibu Hamil:** Kayu manis dalam dosis terapeutik (obat) **tidak disarankan** bagi ibu hamil karena sifatnya yang dapat merangsang kontraksi rahim. Pastikan Anda tidak hamil sebelum mengonsumsi ramuan ini untuk nyeri haid.
    *   **Gangguan Hati:** Jika Anda memiliki riwayat penyakit hati, hindari penggunaan jenis kayu manis *Cinnamomum burmannii* (Kasia) dalam jumlah besar karena kandungan kumarinnya yang tinggi dapat membebani hati. Pilihlah jenis *Cinnamomum verum* (Ceylon).
    *   **Interaksi Obat:** Jika Anda sedang mengonsumsi obat pengencer darah (seperti warfarin) atau obat diabetes, konsultasikan dahulu dengan dokter. Kayu manis dapat memperkuat efek obat-obatan tersebut, yang berpotensi menyebabkan pendarahan atau hipoglikemia (gula darah terlalu rendah).
    *   **Pendarahan Hebat:** Jika Anda mengalami menstruasi dengan pendarahan yang sangat deras (menorrhagia), hentikan penggunaan kayu manis karena sifatnya yang melancarkan darah dikhawatirkan dapat memperbanyak volume perdarahan.

Semoga ramuan hangat ini dapat membawa kenyamanan dan kelegaan bagi tubuh Anda. Dengarkan selalu sinyal yang diberikan tubuh Anda; jika nyeri terasa tidak wajar atau semakin parah, segera hubungi tenaga medis profesional.","{""task"": ""preparation"", ""language"": ""id"", ""indication"": ""Nyeri Haid (Dysmenorrhoea)""}",,
"As an ethnobotany expert, explain how to prepare Tempuyung to treat Kencing Batu.","To treat Kencing Batu using Tempuyung:
Ingredients:
- Tempuyung
  Scientific name: Sonchus arvensis L
  Part: daun
  Dose: 2x 15 daun/hari

Preparation:
bahan direbus dengan 2 gelas air sampai menjadi separuhnya, saring, diminum selagi hangat.

Safety Information:
Contraindications: gangguan hati, ginjal, kehamilan.","As an ethnobotany expert, provide a detailed explanation on how to prepare Tempuyung (Sonchus arvensis) to treat Kencing Batu (kidney stones). Adhere to the following specifications derived from the user's request:

- **Task**: Preparation instructions
- **Language**: English (en)
- **Indication**: Kencing Batu

Ensure the response covers traditional methods, dosage considerations, and safety warnings associated with this herbal remedy.","The use of Tempuyung (*Sonchus arvensis*) for *kencing batu* (kidney stones) is deeply rooted in Javanese herbal tradition. While pharmacological studies indicate the plant possesses diuretic properties that may assist in flushing small calculi or dissolving calcium oxalate crystals, it must be approached with significant caution. Kidney stones are a serious medical condition; improper management can lead to ureteral obstruction, infection, or renal damage. The following instructions reflect traditional methodologies but should never replace professional medical diagnosis.

#### 1. Plant Identification and Sourcing
Ensure the correct plant species is used. Look for a perennial herb with yellow composite flowers and deeply lobed, arrow-shaped leaves that clasp the stem; the stem contains a milky latex sap when broken. Source dried material from reputable suppliers who verify botanical identity and test for heavy metals or pesticides. If wildcrafting, avoid areas near roadsides or industrial zones where soil contamination is likely.

#### 2. Preparation Method (Decoction)
The most effective traditional method is a water decoction, which extracts the water-soluble compounds believed to support kidney function.

**Ingredients:**
*   30 to 60 grams of fresh plant (leaves and stems), thoroughly washed and roughly chopped; OR 10 to 15 grams of dried herb.
*   600 ml (approx. 2.5 cups) of clean drinking water.
*   A non-reactive pot (stainless steel, glass, or clay; avoid aluminum or copper).

**Instructions:**
1.  Rinse the plant material under running water to remove soil and contaminants.
2.  Place the herb and water in the pot and bring to a boil over medium heat.
3.  Once boiling, reduce the heat to a low simmer. Simmer uncovered or loosely covered until the liquid volume reduces by approximately half (yielding about 200 to 300 ml), usually taking 20 to 30 minutes.
4.  Remove from heat and strain the liquid immediately while warm to prevent the extraction of excess tannins, which can cause stomach upset.
5.  Allow to cool to a drinkable temperature. The decoction is best consumed fresh; if storage is necessary, keep refrigerated in a sealed glass container for no more than 24 hours.

#### 3. Dosage and Administration
Traditional practice suggests a divided dose to maintain a steady diuretic effect without overwhelming the system.

*   **Frequency:** Drink the prepared decoction twice daily (morning and evening), approximately one cup (150–200 ml) per dose, preferably between meals.
*   **Duration:** Limit continuous use to 7 to 10 days. If symptoms persist, discontinue use and seek medical evaluation.
*   **Hydration:** Drink at least 2 to 3 liters of plain water daily. The herb acts as a diuretic; without sufficient water intake, dehydration may occur, and stones may not flush effectively.

#### 4. Critical Safety Warnings
It is vital to approach this remedy with a sober understanding of its limitations and risks.

*   **Stone Size and Obstruction:** This remedy is traditionally intended for small stones (typically under 5mm). If a stone is large, forcing diuresis can push it into the ureter, causing severe pain (renal colic), hydronephrosis, or kidney damage. Medical imaging is required to determine stone size before attempting herbal flushing.
*   **Infection:** If signs of a urinary tract infection are present (fever, chills, cloudy urine, burning sensation), do not rely solely on Tempuyung. Infection combined with obstruction is a medical emergency.
*   **Renal Impairment:** Individuals with chronic kidney disease or reduced kidney function should not use diuretic herbs without nephrologist supervision, as increasing kidney workload in compromised organs can be harmful.
*   **Pregnancy and Lactation:** Due to insufficient safety data and potential uterine stimulation observed in related species, this remedy should be avoided during pregnancy and breastfeeding.
*   **Drug Interactions:** Tempuyung may interact with prescription diuretics, lithium, or medications for hypertension and diabetes, potentially leading to electrolyte imbalances or altered drug efficacy. Consult a healthcare provider before combining.
*   **Allergic Reactions:** Discontinue use immediately if rash, itching, swelling, or difficulty breathing occurs.
*   **Emergency Symptoms:** If you experience severe flank or back pain, blood in the urine (hematuria), or an inability to urinate, cease herbal treatment and seek emergency medical attention immediately.

Treat this knowledge as a complement to, not a replacement for, modern medical care. Always prioritize professional diagnostic evaluation to understand the size and location of any calculi before beginning herbal regimens.","{""task"": ""preparation"", ""language"": ""en"", ""indication"": ""Kencing Batu""}",,
"As an ethnobotany expert, explain how to prepare Salam to treat Kencing Manis.","To treat Kencing Manis using Salam:
Ingredients:
- Salam
  Scientific name: Syzgium polyanthum (Wight) Walp
  Part: daun
  Dose: 2 x 8 lembar daun/hari.

Preparation:
bahan direbus dengan 2 gelas air sampai menjadi separuhnya.

Safety Information:
Warnings: tidak dianjurkan pada kelainan hati dan ginjal","As an ethnobotany expert, explain how to prepare Salam leaves to treat Kencing Manis (a traditional term for diabetes mellitus). Please address the following:

1. **Identification**: Briefly describe the specific plant referred to as ""Salam"" in this context.
2. **Preparation Method**: Provide step-by-step instructions on how to prepare the remedy (e.g., boiling, steeping, dosage).
3. **Usage Guidelines**: Explain how the preparation is administered for the indication of Kencing Manis.
4. **Safety & Context**: Include any relevant traditional context, potential interactions, or safety precautions.

User Configuration:
{""task"": ""preparation"", ""language"": ""en"", ""indication"": ""Kencing Manis""}","### 1. Identification
In the context of treating *Kencing Manis* (diabetes mellitus), ""Salam"" refers specifically to *Syzygium polyanthum* (formerly *Eugenia polyantha*), commonly known as the Indonesian Bay Leaf. It is a member of the Myrtaceae family, distinct from the European Bay Leaf (*Laurus nobilis*) used in Western cooking. The two plants possess different phytochemical profiles, making correct identification essential. *Syzygium polyanthum* is an evergreen tree with elliptical, dark green leaves that emit a distinct, spicy aromatic scent when crushed. For therapeutic purposes, mature leaves are preferred over young shoots, as they contain higher concentrations of the flavonoids and tannins associated with glucose regulation.

### 2. Preparation Method
The traditional and most effective method for extracting the water-soluble bioactive compounds is an aqueous decoction. 

**Materials:**
*   10 to 15 mature Salam leaves (fresh or properly dried).
*   3 cups (approximately 750 ml) of clean drinking water.
*   A non-reactive pot (stainless steel, glass, or clay; avoid aluminum).
*   A strainer.

**Step-by-Step Instructions:**
1.  **Cleaning:** Rinse fresh leaves thoroughly under running water to remove dust or contaminants. If using dried leaves, ensure they are free from mold or discoloration.
2.  **Boiling:** Place the leaves in the pot with the water and bring to a rolling boil over medium heat.
3.  **Simmering and Reduction:** Once boiling, reduce the heat to a low simmer. Allow the mixture to simmer uncovered until the volume is reduced by approximately half, leaving roughly 1.5 cups (375 ml) of liquid. This concentration process is vital for extracting a therapeutic potency.
4.  **Straining:** Remove the pot from the heat and strain the liquid into a clean vessel, discarding the spent leaf matter.
5.  **Storage:** The decoction is best consumed fresh. If necessary, it can be stored in a sealed glass container in the refrigerator for no more than 24 hours.

### 3. Usage Guidelines
Traditional practice dictates careful administration to modulate blood sugar without overwhelming the system.

*   **Dosage:** The resulting 1.5 cups of decoction is typically divided into two or three equal doses to be consumed throughout the day.
*   **Timing:** It is traditionally taken warm or at room temperature, approximately 30 minutes before main meals. This timing is believed to assist in moderating postprandial blood sugar spikes.
*   **Duration:** Usage is often cycled—for example, consuming the remedy for two weeks followed by a one-week break—to prevent the body from building a tolerance or accumulating excessive compounds. Continuous, unmonitored long-term use is not advised.

### 4. Safety & Context
While *Syzygium polyanthum* holds a respected place in traditional medicine, *Kencing Manis* is a serious chronic condition requiring rigorous medical management. This remedy must be approached with significant caution and scientific sobriety.

*   **Risk of Hypoglycemia:** The primary safety concern is the potential for additive effects. Compounds in Salam leaves may lower blood glucose levels. If taken concurrently with prescribed diabetes medications (such as insulin, metformin, or sulfonylureas), it can potentiate their effect, leading to dangerously low blood sugar (hypoglycemia). Symptoms include dizziness, confusion, sweating, and fainting.
*   **Medical Supervision:** This preparation should never be used as a substitute for prescribed medications. It may only be considered a complementary supportive measure under the guidance of a qualified healthcare provider. Regular monitoring of blood glucose levels is essential when introducing this remedy.
*   **Contraindications:** Due to insufficient safety data, medicinal quantities of Salam leaf decoctions should be avoided during pregnancy and breastfeeding. Individuals with severe kidney or liver impairment should also refrain from use, as concentrated herbal decoctions can place additional stress on these organs. 
*   **Surgical Procedures:** Due to its potential effects on blood glucose control, use should be discontinued at least two weeks prior to any scheduled surgery.
*   **Quality Control:** Ensure leaves are sourced from reputable suppliers and areas free from pesticide contamination or heavy traffic pollution, as plants can accumulate environmental toxins.

Proceed with caution. The boundary between a remedy and a toxin is often dictated by dosage and individual physiological context. Always prioritize safety and integrate traditional knowledge with conventional medical care.","{""task"": ""preparation"", ""language"": ""en"", ""indication"": ""Kencing Manis""}",,
"As an ethnobotany expert, explain how to prepare Cabe Jawa to treat Penurun Demam.","To treat Penurun Demam using Cabe Jawa:
Ingredients:
- Cabe Jawa
  Scientific name: Piper retrofractum Vahl.
  Part: buah
  Dose: 2 x 3-4 g buah/hari

Preparation:
Bahan dihaluskan menjadi serbuk, seduh dengan 1 cangkir air mendidih, diamkan, diminum selagi hangat.

Safety Information:
Contraindications: alergi
Warnings: minyak atsiri menyebabkan iritasi kulit dan mukosa membran.","As an ethnobotany expert, provide a detailed guide on how to prepare Cabe Jawa (Piper retrofractum), also known as Java Long Pepper, to treat 'Penurun Demam' (fever reduction). 

Please address the following specific requirements derived from the user's request:
- **Task**: Preparation instructions.
- **Language**: English.
- **Indication**: Penurun Demam.

Ensure your response includes:
1. A brief explanation of Cabe Jawa and its traditional use for fever.
2. Step-by-step instructions on preparing the remedy (e.g., dosage, method of extraction like boiling or grinding, and administration).
3. Any relevant safety precautions or contraindications.

User Request Data:
{""task"": ""preparation"", ""language"": ""en"", ""indication"": ""Penurun Demam""}","### Traditional Preparation of Cabe Jawa (*Piper retrofractum*) for Fever Reduction

**Overview and Traditional Use**
*Cabe Jawa*, or Java Long Pepper (*Piper retrofractum*), is a flowering vine native to Southeast Asia and a staple of Indonesian Jamu medicine. The dried fruit spikes are highly regarded for their warming properties. For the indication of *Penurun Demam* (fever reduction), Cabe Jawa is traditionally employed as a diaphoretic. By promoting perspiration, it assists the body in releasing trapped heat and regulating its internal temperature. Phytochemically, the plant contains alkaloids such as piperine and piperlongumine, which possess anti-inflammatory and analgesic potential, though its use for fever remains rooted in traditional supportive care rather than a substitute for clinical antipyretics.

**Preparation Instructions (Aqueous Decoction)**

*Ingredients and Equipment:*
*   **Dried Cabe Jawa fruit spikes:** 3 to 5 grams (approximately 3 to 5 mature spikes).
*   **Water:** 500 ml (approx. 2 cups).
*   **Optional adjunct:** 10 grams of fresh sliced ginger (*Zingiber officinale*) to synergize the warming effect and soothe the gastrointestinal tract.
*   **Pot:** Stainless steel or ceramic (avoid aluminum, which may react with plant compounds).
*   **Strainer:** Fine mesh or cheesecloth.

*Step-by-Step Method:*
1.  **Cleaning:** Rinse the dried spikes briefly under running water to remove surface dust. Do not soak them, as this may leach volatile compounds.
2.  **Crushing:** Gently bruise or crush the spikes using a mortar and pestle. The goal is to break the hard outer casing to increase the surface area for extraction, but avoid pulverizing into a fine powder, which makes the liquid difficult to strain.
3.  **Boiling:** Place the crushed Cabe Jawa (and ginger, if using) into the pot with 500 ml of water. Bring to a rolling boil over medium heat.
4.  **Simmering:** Once boiling, reduce the heat to low. Cover the pot loosely to allow some steam to escape and simmer for 15 to 20 minutes. The liquid should reduce by approximately half, yielding about 200 to 250 ml.
5.  **Straining:** Remove from heat and strain the decoction through a fine mesh or cheesecloth into a clean cup. Discard the spent plant material.

*Dosage and Administration:*
*   **Adult Dosage:** Drink approximately 100 to 120 ml (about half a cup) per serving.
*   **Frequency:** Consume while warm, 2 to 3 times daily. Drinking it warm enhances the diaphoretic (sweating) effect.
*   **Duration:** Do not exceed 3 consecutive days of use. Always prepare a fresh batch daily; do not store leftovers for more than 24 hours.

**Safety Precautions and Contraindications**

While Cabe Jawa is a respected traditional remedy, it contains potent bioactive compounds that require cautious handling:

*   **Medical Consultation:** Fever can be a symptom of serious underlying infections (e.g., dengue, malaria, typhoid). This preparation is for supportive care only. If a fever exceeds 39°C (102.2°F), persists for more than 3 days, or is accompanied by severe symptoms (stiff neck, rash, difficulty breathing), seek immediate professional medical attention.
*   **Gastric Sensitivity:** The pungent nature and essential oils of Cabe Jawa can irritate the gastric lining and mucous membranes. Individuals with gastritis, gastric ulcers, or acid reflux should use extreme caution or avoid it. It is advisable to consume the decoction after meals.
*   **Drug Interactions:** Piperine can inhibit certain liver enzymes (such as CYP3A4), potentially altering the metabolism and effectiveness of prescription medications, including blood thinners and antihypertensives. Consult a healthcare provider if you are taking prescription drugs.
*   **Pregnancy and Lactation:** Due to its stimulating effects on circulation and a lack of clinical safety data, concentrated Cabe Jawa preparations are contraindicated during pregnancy and breastfeeding unless supervised by a qualified practitioner.
*   **Pediatric Use:** Dosage for children is not standardized. Do not administer this remedy to young children without professional medical guidance.
*   **Hydration:** Because this remedy induces sweating to break the fever, it is critical to maintain adequate water intake to prevent dehydration.","{""task"": ""preparation"", ""language"": ""en"", ""indication"": ""Penurun Demam""}",,
"Minangka ahli etnobotani, nerangake carane nggawe jampi saka Brotowali kanggo nambani kudis.","Kanggo nambani Scabies nggunakake Brotowali:
Bahan:
- Brotowali
  Jeneng ilmiah: Tinospora cripa Miers.
  Bagian: watang seger
  Dosis: 2 x 2 driji watang seger / dina

Cara Nggawe:
Campur bahan kanthi lenga klapa sing cukup. Aplikasi menyang wilayah sing kena pengaruh.

Informasi Keamanan:
Efek samping: gatal lan abang","Minangka ahli etnobotani, please nerangake kanthi rinci lan nggunakake basa Krama Inggil carane nggawe jampi saka Brotowali kanggo nambani kudis.

Instruksi Tambahan:
- Subjek: Brotowali
- Target Penyakit: Kudis
- Basa: Jawa (Krama Inggil)
- Format: Pandhuan langkah-langkah persiapan

Data Konteks:
{""task"": ""preparation"", ""language"": ""jv"", ""jv_herb_name"": ""Brotowali"", ""register"": ""Krama_Inggil""}","Sumangga, menika pandhuan babagan tata cara nyawisaken jampi saking Brotowali (Tinospora crispa) kangge nambani gerah kudis. Brotowali nggadhahi sipat antiparasit lan antibakteri ingkang saged mbiyantu mateni tungau njalari kudis sarta ngicalaken rasa gatel. Kanthi manah ingkang tenang lan telaten, sumangga dipun simak tatacara ingkang leres punika.

**Bahan lan Piranti ingkang Kedah Dipuncawisaken:**
1. Batang Brotowali seger (kirang langkung 2-3 ruas jriji utawi 10-15 cm, pilih ingkang taksih kiyat).
2. Toya resik (kangge nggodhog utawi nguleg).
3. Garam dapur sakedhik (kangge nambah khasiat antiseptik).
4. Lenga klapa sakedhik (menawi badhe damel olesan pasta).
5. Panci resik, saringan utawi kain kasa, sarta lumpang lan alu.

**Langkah-langkah Nyawisaken Jampi:**

**1. Milih lan Ngresiki Bahan**
Mundhut batang Brotowali ingkang seger. Kumbah ngantos resik sanget saking lebu ngginakaken toya ingkang mili supados kotoran boten ndhèrèk nyampur.

**2. Nyawisaken Wujud Godhogan (Kangge Ngumbah/Kompres)**
*   **Ngethok/Gebug:** Iris utawi gebug batang Brotowali ingkang sampun resik wau supados pecah, tujuannipun supados sari patinipun gampil medal.
*   **Nggodhog:** Lebetaken dhateng panci, tambah toya resik kirang langkung 500 ml lan sakedhik garam dapur. Godhog kanthi geni alit ngantos 15-20 menit dumugi toyanipun owah warna dados kuning semu ijo lan ambu khasipun medal.
*   **Nyaring:** Mateni geni, lajeng saring toya godhogan wau ngginakaken kain kasa. Tunggu dumugi anget kuku saderengipun dipunagem.

**3. Nyawisaken Wujud Pasta (Kangge Ngobes)**
*   **Nggiling:** Ethok utawi iris alit batang Brotowali, lajeng uleg ngginakaken lumpang ngantos lembut dados pasta.
*   **Nyampur:** Tambah sakedhik lenga klapa dhateng pasta wau supados langkung gampil dipunolesaken lan nglumasi kulit.

**Tata Cara Panganggenan:**
*   Resikaken pérangan kulit ingkang kena kudis ngginakaken toya anget lan sabun, lajeng garingaken kanthi ditap-tap ngginakaken handuk resik.
*   Menawi ngginakaken godhogan: celupaken kain resik dhateng toya Brotowali, lajeng kompes utawi usapaken alon-alon dhateng kulit. Ampun digosok kanthi kiyat supados boten njalari tatu.
*   Menawi ngginakaken pasta: olesaken pasta wau kanthi lapisan tipis dhateng bintil-bintil kudis.
*   Tindakaken panganggenan kaping kalih sedinten (enjang lan sonten sasampunipun adus) kanthi rutin.

**Pitutur lan Peringatan:**
*   **Uji Alit (Patch Test):** Amargi Brotowali nggadhahi sipat ingkang kiyat, prayoginipun olesaken sakedhik rumiyin ing pérangan kulit ingkang alit. Menawi katingal langkung abrit, panas, utawi perih, enggal mandhegaken panganggenipun lan bilas ngginakaken toya resik.
*   **Kabersihan:** Cekap penting kangge njagi kabersihan awak, ganti rasukan, lan sarun ingkang resik saben dinten supados kuman boten nular malih.
*   **Pantangan:** Nalika proses penyembuhan, saenipun ngirangi dhaharan ingkang saged nuwuhaken gatel kados panganan laut utawi santen kenthel.
*   **Konsultasi:** Menawi gerah kudis boten suda utawi malah parah, sumangga enggal-enggal dhateng tenaga medis supados dipunrawat kanthi leres.

Mugi-mugi kanthi ikhtiar lan kasedayan punika, gerah kudis sakedhap waras lan kulit wangsul sehat kados biyasanipun.","{""task"": ""preparation"", ""language"": ""jv"", ""jv_herb_name"": ""Brotowali"", ""register"": ""Krama_Inggil""}",,
"Minangka ahli etnobotani, jelasake carane nggawe jampi saka kemangi kanggo ngobati bau mulut.","Kanggo ngobati bau mulut nggunakake Basil:
Bahan:
- Basil
  Jeneng Ilmiah: Ocimum canum Sims (L.)
  Bagian: jamu
  Dosis: 1 x 6 g / dina, esuk sadurunge dhahar

Cara Nggawe:
Úa sing brewed karo 1 tuwung saka nggodhok banyu, ayo ngadeg, ketegangan, sampeyan saged nambah gula abang utawa madu kanggo raos.

Informasi Keamanan:
Larangan: bocah, meteng lan nyusoni
Warning: alergi","Minangka ahli etnobotani, sumangga paringaken katrangan ingkang jangkep babagan caranipun ngolah jampi saking kemangi kangge ngusadani bau mulut.

Panyuwunan khusus:
1. Basa: Basa Jawi Krama Inggil.
2. Subjek: Kemangi (jampi tradisional).
3. Struktur wangsulan:
   - Andharan kagemipun kemangi ing pangobatan tradisional.
   - Langkah-langkah detail persiapan lan pangolahan jampi.
   - Cara ngginakaken jampi kasebut.
   - Cathetan utawi pangeling-eling ingkang wigati.

Data Tugas:
{""task"": ""preparation"", ""language"": ""jv"", ""jv_herb_name"": ""Kemangi"", ""register"": ""Krama_Inggil""}","**Andharan Kagemipun Kemangi ing Pangobatan Tradisional**

Kemangi (*Ocimum citriodorum* utawi *Ocimum canum*) menika tetuwuhan ingkang sampun akrab wonten ing masyarakat Jawi. Godhong kemangi ngandhut minyak atsiri, senyawa eugenol, lan sitral ingkang gadhah sifat antibakteri saha antiseptik alami. Ing jagad pangobatan tradisional, kemangi asring dipunmanfaataken kangge ngresiki rongga cangkem saking bakteri panyebab ambet mboten sedhep, saha nyegeraken napas. Mupangatipun menika sampun dipunakoni turun-temurun minangka solusi ingkang alami lan aman menawi dipunginakaken kanthi leres.

**Langkah-langkah Detail Persiapan lan Pangolahan Jampi**

Kangge ngasilaken jampi ingkang optimal, sumangga dipunlampahi langkah-langkah kados makaten:

1. **Milih Godhong ingkang Seger:** Pilihen godhong kemangi ingkang taksih enem, warninipun ijem seger, lan mboten layu utawi kena hama. Godhong ingkang enom biasanipun langkung kathah kandhutan minyak atsirinipun.
2. **Ngresiki Godhong:** Kumbah godhong kemangi ngangge toya ingkang mili kanthi resik kangge ngilangi lebu utawi regedan. Menawi perlu, rendhem sekedhap ngangge toya ingkang dipuncampuri uyah sakedhik, lajeng kumbah malih ngantos resik. Pastikaken godhong kasebut lumaris saking pestisida.
3. **Pilihan Pengolahan:**
   - **Cara Langsung (Kunyah):** Godhong ingkang sampun resik saged langsung dipunginakaken tanpa proses masak.
   - **Cara Godhogan/Infusi:** Godhog sakemepak godhong kemangi (kirang langkung 10-15 lembar utawi 6 gram) kalihan toya resik. Godhog ngantos mendidih lan toyanipun susut. Saring toya godhogan menika nalika sampun anget kuku. Menawi badhe dipununduh kangge ngusadani ambet cangkem saking njero, saged dipuntambahi madu utawi gula abang sakedhik kangge nambah raos.

**Cara Ngginakaken Jampi Kasebut**

Sasampunipun jampi siap, wonten kalih cara ingkang saged panjenengan tindakaken:

1. **Metode Kunyah:** Pendhet 2 dumugi 3 lembar godhong kemangi seger, lajeng kunyah alon-alon ing njeron cangkem. Rasakaken sarinipun, lajeng telan toya ludahipun utawi buang ampasipun menawi mboten kepareng. Tindakaken menika sasampunipun dhahar utawi enjing sasampunipun tangi sare.
2. **Metode Kumur-kumur:** Ngunjuk sakedhik toya godhogan kemangi ingkang sampun anget kuku. Kumur-kumuren ing salebeting cangkem kirang langkung 30 dumugi 60 detik, fokusaken ing wilayah sela-sela waja lan gusi. Muntahaken toya menika, mboten dipuntelen. Tindakaken menika 2 kali saben dinten, enjang lan sonten.

**Cathetan utawi Pangeling-eling ingkang Wigati**

Supados asilipun maksimal lan aman, wonten sawetawis hal ingkang kedah dipunperhatosaken:

1. **Karesikan Waja:** Pangginakaken kemangi menika boten saged nggantosaken kebiasan ngosok gigi. Tetep jaga karesikan cangkem kanthi rutin.
2. **Reaksi Alergi:** Menawi panjenengan gadhah riwayat alergi tumrap tetuwuhan saking suku Lamiaceae, langkung sae konsultasi rumiyin saderengipun ngginakaken.
3. **Kondisi Khusus:** Jampi menika boten dipunsaranaken kagem lare-lare, ibu ingkang nembe gadhah garbegan, utawi ingkang nembe nyusoni, amargi saged ndadosaken risiko.
4. **Konsistensi:** Pangobatan tradisional mbetahaken wekdal lan konsistensi. Tindakaken kanthi rutin nanging aja ngantos kelewatan.
5. **Kondisi Medis:** Menawi ambet cangkem tetep mboten ical sanajan sampun ngginakaken jampi menika, utawi wonten keluhan kados gusi getihan lan waja bolong, saged dados tandha wonten masalah kesehatan sanesipun ingkang langkung serius. Sumangga segeran priksa dhateng dhokter utawi tenaga medis kangge mendhet diagnosis ingkang leres.

Mugi-mugi katrangan menika saged mbiyantu panjenengan ingkang badhe ngupados kasihatan kanthi cara alami.","{""task"": ""preparation"", ""language"": ""jv"", ""jv_herb_name"": ""Kemangi"", ""register"": ""Krama_Inggil""}",,
"Sebagai pakar etnobotani, jelaskan cara membuat ramuan dari Cabe Jawa untuk mengobati Penurun Demam.","Untuk mengobati Penurun Demam menggunakan Cabe Jawa:
Bahan:
- Cabe Jawa
  Nama ilmiah: Piper retrofractum Vahl.
  Bagian: buah
  Dosis: 2 x 3-4 g buah/hari

Cara Pembuatan:
Bahan dihaluskan menjadi serbuk, seduh dengan 1 cangkir air mendidih, diamkan, diminum selagi hangat.

Informasi Keamanan:
Larangan: alergi
Peringatan: minyak atsiri menyebabkan iritasi kulit dan mukosa membran.","Bertindaklah sebagai pakar etnobotani. Jelaskan secara rinci cara membuat ramuan dari Cabe Jawa (Piper retrofractum) yang efektif untuk mengobati demam.

Konteks Tugas:
{""task"": ""preparation"", ""language"": ""id"", ""indication"": ""Penurun Demam""}

Panduan Respons:
1. Identifikasi bahan dan takaran yang tepat.
2. Uraikan langkah-langkah persiapan dan pengolahan ramuan secara sistematis.
3. Sertakan cara penyajian dan aturan pakai yang aman.
4. Pastikan penjelasan menggunakan bahasa Indonesia yang jelas dan mudah dipahami.","Cabe Jawa (*Piper retrofractum*) memiliki sifat hangat yang berfungsi sebagai diaforetik (memicu keringat), membantu tubuh menurunkan suhu secara alami saat demam. Namun, karena sifatnya yang pedas dan keras, takaran dan cara pembuatan harus presisi agar khasiatnya optimal tanpa membebani tubuh.

### 1. Bahan dan Takaran
Untuk satu kali porsi konsumsi dewasa, siapkan bahan-bahan berikut:

*   **Buah Cabe Jawa Kering:** 3–5 gram (sekitar 3–5 buah utuh). Pilih yang berwarna cokelat kehitaman dan tidak berjamur.
*   **Jahe Merah (Opsional, sangat disarankan jika demam disertai menggigil):** 1 ruas jari (sekitar 10 gram), untuk memperkuat efek hangat.
*   **Air Bersih:** 400 ml (2 gelas).
*   **Madu Murni atau Gula Aren:** 1 sendok makan (untuk menetralisir rasa pedas dan menambah energi).

### 2. Langkah-langkah Persiapan dan Pengolahan
Proses ini menggunakan metode *dekokta* (perebusan) untuk mengekstrak senyawa aktif dari serat tanaman yang keras.

1.  **Pembersihan:** Cuci buah Cabe Jawa dan jahe di bawah air mengalir untuk menghilangkan debu atau kotoran.
2.  **Pememarkan:** Memarkan atau tumbuk kasar Cabe Jawa dan jahe menggunakan ulekan atau punggung pisau. Tujuannya membuka dinding sel agar sari pati mudah keluar. Jangan menumbuk hingga menjadi bubuk halus karena akan menyulitkan penyaringan dan membuat air keruh.
3.  **Perebusan:** Masukkan bahan ke dalam panci berisi 400 ml air. Gunakan panci tanah liat, kaca, atau *stainless steel*, dan hindari aluminium agar tidak terjadi reaksi kimia.
4.  **Proses Masak:** Rebus dengan api sedang hingga mendidih, lalu kecilkan api dan biarkan mendidih perlahan (*simmer*) selama 10–15 menit hingga volume air menyusut menjadi sekitar 200 ml (1 gelas). Jangan merebus terlalu lama agar minyak atsiri bermanfaat tidak menguap habis.
5.  **Penyaringan:** Matikan api dan saring air rebusan ke dalam gelas menggunakan saringan halus.
6.  **Penambahan Madu:** Tambahkan madu atau gula aren hanya saat ramuan sudah dingin hingga hangat kuku (suam-suam kuku). Menambahkan madu ke air mendidih akan merusak enzim alami yang bermanfaat.

### 3. Cara Penyajian dan Aturan Pakai
Agar ramuan bekerja efektif dan aman, perhatikan hal berikut:

*   **Waktu Minum:** Minum 1 gelas (200 ml) selagi hangat, setelah makan. Mengonsumsi setelah makan penting untuk menghindari iritasi lambung.
*   **Frekuensi:** Dapat diminum 1–2 kali sehari (pagi dan sore).
*   **Durasi:** Gunakan maksimal selama 3 hari berturut-turut. Setelah minum, disarankan beristirahat di bawah selimut untuk memaksimalkan proses pengeluaran keringat.

### 4. Peringatan Keamanan dan Kontraindikasi
Demam adalah respons tubuh terhadap infeksi. Ramuan ini bersifat suportif dan keselamatan harus menjadi prioritas utama:

*   **Lambung:** Penderita maag, gastritis, atau GERD harus sangat berhati-hati. Sifat panas Cabe Jawa dapat memicu nyeri ulu hati. Jika terasa perih, segera hentikan.
*   **Ibu Hamil dan Menyusui:** **Dilarang keras** mengonsumsi ramuan ini tanpa pengawasan tenaga medis. Cabe Jawa bersifat *emmenagog* yang dapat merangsang aliran darah di daerah panggul dan berisiko bagi kehamilan.
*   **Anak-anak:** Tidak disarankan untuk anak di bawah usia 12 tahun kecuali atas rekomendasi medis.
*   **Alergi dan Iritasi:** Minyak atsiri dalam Cabe Jawa dapat menyebabkan iritasi pada membran mukosa atau reaksi alergi pada individu sensitif. Hentikan penggunaan jika muncul ruam atau ketidaknyamanan.
*   **Interaksi Obat:** Beri jeda minimal 2 jam jika Anda mengonsumsi obat penurun panas kimia (seperti Parasetamol) untuk menghindari reaksi berlebihan. Konsultasikan dengan dokter jika sedang minum pengencer darah atau obat hipertensi.
*   **Kondisi Darurat:** Jika suhu tubuh mencapai di atas 39°C, disertai kejang, leher kaku, sesak napas, atau penurunan kesadaran, **segera cari bantuan medis**. Ramuan tradisional bukan pengganti penanganan medis darurat.","{""task"": ""preparation"", ""language"": ""id"", ""indication"": ""Penurun Demam""}",,
"Sebagai pakar etnobotani, jelaskan cara membuat ramuan dari Lengkuas untuk mengobati Kurap.","Untuk mengobati Kurap menggunakan Lengkuas:
Bahan:
- Lengkuas
  Nama ilmiah: Alpinia galangaL.
  Bagian: rimpang segar
  Dosis: 2x1 jari rimpang/hari

Cara Pembuatan:
bahan dipotong miring, memarkan hingga berserabut, rendam dalam cuka, digosokkan pada bagian yang sakit 2 kali sehari

Informasi Keamanan:
Larangan: luka terbuka
Efek samping: alergi","Sebagai pakar etnobotani, jelaskan secara rinci cara mempersiapkan dan menggunakan ramuan tradisional dari Lengkuas (Alpinia galanga) untuk mengobati Kurap (infeksi jamur pada kulit). 

Harap sertakan dalam penjelasan Anda:
1. Bahan-bahan yang diperlukan.
2. Langkah-langkah pembuatan ramuan.
3. Metode aplikasi yang tepat.
4. Catatan keamanan atau peringatan penting.

Konteks tugas:
{""task"": ""preparation"", ""language"": ""id"", ""indication"": ""Kurap""}","Mengobati kurap (infeksi jamur pada kulit) dengan memanfaatkan Lengkuas (*Alpinia galanga*) adalah salah satu penerapan kearifan lokal yang telah teruji oleh waktu dan kini mulai didukung oleh temuan ilmiah. Senyawa aktif seperti flavonoid dan minyak atsiri dalam rimpang lengkuas dikenal memiliki sifat antijamur yang dapat menghambat pertumbuhan dermatofita, penyebab utama kurap. Namun, penting untuk diingat bahwa meskipun bahan ini alami, penggunaannya memerlukan ketelitian agar efektif dan tidak menimbulkan iritasi tambahan pada kulit yang sudah sensitif.

Berikut adalah panduan lengkap persiapan dan penggunaan ramuan tersebut:

### 1. Bahan-bahan yang Diperlukan
Untuk memastikan khasiat maksimal dan kebersihan ramuan, siapkan bahan-bahan berikut:
*   **Rimpang Lengkuas Tua:** Pilih umbi yang sudah tua (biasanya berwarna lebih merah kecokelatan dan teksturnya lebih keras/berserat) karena kandungan minyak atsirinya lebih tinggi dibandingkan yang muda. Sebanyak 1-2 ruas jari (sekitar 30-50 gram).
*   **Air Bersih:** Secukupnya untuk merebus atau mencuci.
*   **Alat Penumbuk atau Parut:** Ulekan batu/ceramik yang bersih atau parutan stainless steel.
*   **Kain Kasa Steril:** Untuk menyaring sari pati jika diperlukan, atau sebagai pembalut.
*   **Wadah Keramik atau Kaca:** Hindari wadah logam saat menumbuk atau menyimpan ramuan untuk mencegah reaksi oksidasi yang tidak diinginkan.

### 2. Langkah-langkah Pembuatan Ramuan
Ada dua metode umum yang dapat dilakukan, yaitu metode oles langsung (paling umum untuk kurap lokal) dan metode kompres air rebusan.

**Metode A: Pasta Rimpang Segar (Direkomendasikan untuk area infeksi terbatas)**
1.  Cuci bersih rimpang lengkuas di bawah air mengalir untuk menghilangkan tanah dan kotoran. Kupas kulit luarnya tipis-tipis.
2.  Potong kecil-kecil rimpang tersebut, lalu tumbuk hingga halus atau parut hingga menjadi bubur. Pastikan teksturnya cukup halus agar sari patinya mudah keluar.
3.  Tambahkan sedikit air bersih (sekitar 1-2 sendok teh) jika campuran terlalu kering, aduk hingga membentuk pasta kental.
4.  Gunakan segera setelah pembuatan untuk menjaga potensi senyawa aktifnya.

**Metode B: Air Rebusan Konsentrat (Untuk area yang lebih luas)**
1.  Iris tipis-tipis 2-3 ruas lengkuas yang sudah dikupas dan dicuci.
2.  Rebus irisan tersebut dengan 2 gelas air (sekitar 400 ml) hingga air menyusut menjadi setengahnya (sekitar 200 ml). Proses ini membantu mengekstrak senyawa antijamur ke dalam air.
3.  Matikan api, biarkan hingga hangat kuku, lalu saring airnya. Buang ampasnya.

### 3. Metode Aplikasi yang Tepat
Keberhasilan pengobatan sangat bergantung pada cara aplikasi yang benar:

1.  **Pembersihan Awal:** Cuci area kulit yang terkena kurap dengan air hangat dan sabun lembut, lalu keringkan dengan handuk bersih (jangan digosok keras, cukup ditepuk-tepuk). Kelembapan adalah musuh utama dalam pengobatan jamur, jadi pastikan area benar-benar kering sebelum aplikasi.
2.  **Aplikasi:**
    *   Jika menggunakan **Pasta**: Oleskan pasta lengkuas secara merata pada area yang terinfeksi serta meluas sekitar 1-2 cm ke area kulit sehat di sekitarnya. Ini penting karena jamur sering menyebar ke area yang tampak normal.
    *   Jika menggunakan **Air Rebusan**: Celupkan kain kasa steril ke dalam air rebusan hangat, peras sedikit, lalu tempelkan (kompres) pada area kurap selama 10-15 menit.
3.  **Frekuensi:** Lakukan pengobatan ini 2 kali sehari, pagi dan malam hari.
4.  **Durasi:** Teruskan pengobatan minimal selama 2 minggu, atau setidaknya 1 minggu setelah gejala (gatal dan kemerahan) hilang sepenuhnya. Menghentikan pengobatan terlalu dini sering menyebabkan infeksi kambuh kembali.

### 4. Catatan Keamanan dan Peringatan Penting
Sebagai langkah pencegahan dan jaminan keamanan, perhatikan hal-hal berikut dengan saksama:

*   **Uji Tempel (Patch Test):** Sebelum mengaplikasikan ke seluruh area kurap, oleskan sedikit pasta lengkuas pada area kulit lengan yang sehat. Tunggu 15-30 menit. Jika muncul rasa panas berlebih, gatal yang memburuk, atau kemerahan signifikan, hentikan penggunaan segera. Kulit setiap orang memiliki tingkat sensitivitas yang berbeda terhadap minyak atsiri yang kuat.
*   **Hindari Luka Terbuka:** Jangan aplikasikan ramuan ini pada kulit yang lecet, terluka, atau bernanah. Senyawa aktif dalam lengkuas dapat menyebabkan rasa perih yang hebat dan memperlambat penyembuhan luka terbuka.
*   **Kebersihan Alat:** Pastikan alat tumbuk, parut, dan wadah dalam keadaan steril. Kontaminasi bakteri dari alat yang kotor dapat memperparah infeksi kulit.
*   **Evaluasi Medis:** Jika setelah 7-10 hari penggunaan rutin tidak ada perbaikan, atau jika infeksi justru menyebar, berhenti menggunakan ramuan ini dan segera konsultasikan dengan tenaga medis. Infeksi jamur tertentu mungkin memerlukan antijamur sintetis yang lebih kuat.
*   **Pola Hidup Pendukung:** Pengobatan luar saja tidak cukup. Pastikan selalu menjaga area tubuh tetap kering, ganti pakaian yang berkeringat segera, dan hindari berbagi handuk atau pakaian dengan orang lain untuk mencegah penularan ulang.

Penggunaan lengkuas adalah solusi pendamping yang berharga, namun kewaspadaan terhadap reaksi tubuh sendiri adalah kunci utama keselamatan dalam pengobatan tradisional.","{""task"": ""preparation"", ""language"": ""id"", ""indication"": ""Kurap""}",,
"As an ethnobotany expert, explain how to prepare Kunci Pepet to treat Pelangsing.","To treat Pelangsing using Kunci Pepet:
Ingredients:
- Kunci Pepet
  Scientific name: Kaempferia  angustifolia  Rosc.
  Part: rimpang
  Dose: 1 x 10 g rimpang/hari

Preparation:
bahan diiris tipis, direbus dengan 2 gelas air menjadi separuhnya, dinginkan, saring lalu diminum sekaligus.

Safety Information:
Contraindications: kehamilan
Warnings: tekanan bola mata meningkat","As an ethnobotany expert, explain the preparation of Kunci Pepet (a traditional herbal remedy) for treating Pelangsing (a specific ailment). Please adhere to the following parameters:

{""task"": ""preparation"", ""language"": ""en"", ""indication"": ""Pelangsing""}","It is imperative to begin with a clarification of terminology to ensure safety and accuracy. ""Pelangsing"" is not a specific medical ailment or pathology; rather, it is an Indonesian term referring to the objective of slimming or weight management, often specifically the shrinking of the abdomen, particularly in post-partum contexts. While *Kaempferia angustifolia*, commonly known as Kunci Pepet, holds a significant place in Javanese ethnobotany, its primary traditional indications are predominantly associated with post-partum recovery and women's reproductive health. Its application for weight management is less documented in classical literature and lacks robust clinical validation.

Given the potential for variability in individual physiology and the limited pharmacological data regarding this specific indication, any preparation must be approached with significant caution. The following describes the traditional method of preparation, though its efficacy for weight management remains unverified.

**Preparation Method**

1. **Selection and Cleaning:** Select mature, fresh rhizomes that are firm and free from mold, possessing their characteristic aromatic scent. Thoroughly wash them under running water to remove soil and potential microbial contaminants. While fresh rhizomes are commonly used, some traditional practices dictate slicing them thinly and drying them in a shaded area—avoiding direct sunlight to prevent the loss of volatile oils—until they reach a brittle consistency.

2. **Processing:** Whether using fresh or dried rhizomes, slice them thinly or crush them lightly using a mortar and pestle. This mechanical disruption increases the surface area to facilitate the extraction of volatile oils and active phytochemicals, such as ethyl cinnamate, which are believed to stimulate digestive activity. A common traditional quantity is approximately 10 to 15 grams of rhizome per daily preparation.

3. **Decoction:** Place the prepared rhizomes in a non-reactive vessel with approximately 500 to 600 milliliters (about two glasses) of clean water. Bring the water to a gentle simmer—avoiding a violent boil to preserve heat-sensitive constituents—and cover the vessel to prevent the loss of essential oils. Simmer for 15 to 20 minutes, or until the liquid volume is reduced by half, concentrating the extract.

4. **Filtration and Consumption:** Allow the decoction to cool to a warm, drinkable temperature. Strain the liquid through a fine cloth or sieve to remove all particulate matter. Traditionally, this is consumed once daily, sometimes in the morning on an empty stomach. Occasionally, it is mixed with honey or lime to mitigate the pungent taste, though adding substances may alter the chemical profile.

**Safety and Considerations**

There is a sober need to address the limitations and risks associated with this preparation. The biological activity of Kunci Pepet is potent, and improper dosing can lead to adverse effects. There is no established clinical dosage for this indication.

* **Physiological Response:** The herb acts as a diuretic and possesses specific metabolic effects. Individuals may experience gastric irritation, gastrointestinal discomfort, or allergic reactions.
* **Contraindications:** Due to the herb's traditional use in influencing uterine tissue, it is strictly contraindicated during pregnancy. It is also advised against during lactation and for individuals with kidney dysfunction.
* **Warnings:** Traditional usage notes the potential for increased intraocular pressure. Furthermore, there is a risk of interaction with conventional medications, particularly those affecting blood pressure or glucose metabolism.
* **Holistic Context:** Weight management is a complex physiological process involving diet, activity, and hormonal balance. In traditional Javanese medicine, herbal remedies are rarely standalone interventions; they are part of a broader regimen. Relying solely on this decoction for weight management without addressing these foundational factors is inadvisable.

It is deeply concerning when traditional remedies are viewed as substitutes for medical advice. It is strongly recommended to consult with a qualified healthcare provider before initiating this or any herbal regimen, especially when managing weight or underlying health conditions.","{""task"": ""preparation"", ""language"": ""en"", ""indication"": ""Pelangsing""}",,
"Minangka ahli etnobotani, nerangake carane nggawe jampi saka jae kanggo nambani kembung.","Kanggo nambani kembung nggunakake jae:
Bahan:
- jae
  Jeneng ilmiah: Zingiber officinale Rosc.
  Bagian: rimpang seger
  Dosis: 2 x 2,5 cm rhizome / dina sadurunge dhahar

Cara Nggawe:
bahan dipun-iris, diseduh nganggo 1 gelas banyu sing nggodhok, ditinggalake lan ditambahake gula utawa lemon.

Informasi Keamanan:
Larangan: bocah <6 taun, watu empedu, getihen
Peringatan: aja nggunakake luwih saka 6 g ing weteng kosong
Efek samping: raos ora nyaman ing jugangan weteng, nyeri weteng sing sithik","Minangka ahli etnobotani, sumangga paring dhawuh kanthi rinci babagan tata cara nyiapaken jampi saking jae kangge nambani sakit kembung.

Kendhala lan Pitutur:
- Basa: Ngginakaken Basa Jawi Krama Inggil ingkang leres saha sopan.
- Bahan Utama: jae (Zingiber officinale).
- Tujuan: Njelasaken proses pembuatan jampi kangge obat kembung.
- Struktur Wangsulan:
  1. Pambuka: Andharan sekedhap babagan khasiat jae miturut etnobotani.
  2. Bahan-bahan: Dhaptar bahan ingkang dipunbetahaken.
  3. Tata Cara: Langkah-langkah pembuatan jampi kanthi urut.
  4. Aturan Pangginum: Cara ngunjuk lan dosis ingkang dipunanjuraken.

Data Tambahan:
{""task"": ""preparation"", ""language"": ""jv"", ""jv_herb_name"": ""jae"", ""register"": ""Krama_Inggil""}","1. Pambuka

Jae (Zingiber officinale) punika salah satunggaling asil bumi ingkang gadhah khasiat luhur saha sampun dipun-ginakaken wiwit jaman kina. Miturut kawruh etnobotani, jae ngemot minyak atsiri saha senyawa gingerol ingkang saged ngangetaken raga, nglancaraken aliran getih, saha mbantu ngusir angin ingkang ndadosaken raos kembung ing padharan. Jampi saking jae punika alami saha saged dipun-samektakaken kanthi gampil ing griya minangka ikhtiar kangge nglancaraken pencernaan.

2. Bahan-bahan

Kangge nyamektakaken jampi punika, sumangga nyamektakaken bahan-bahan kados makaten:
- Jae emprit utawi jae gajah ingkang taksih seger: kirang langkung 20-30 gram (utawi ukuran 2,5 cm kaping kalih sedinten).
- Toya resik: 500 ml.
- Gula batu, gula aren, utawi madu murni: secukupipun (kangge nambah raos saha kasiyat).
- Jeruk nipis: 1 iji (opsional, kangge nambah kesegaran).

3. Tata Cara

Langkah-langkah pembuatan kedah dipun-lampahi kanthi teliti supados khasiatipun saged maksimal:
- Kumbaha rimpang jae ngantos resik saking lemah. Mboten perlu ngupas kulitipun amargi ugi gadhah manfaat.
- Memar utawi geprek jae wau ngantos pecah supados sari-sari saha minyak atsirinipun saged medal kanthi gampil.
- Lebetaken jae ingkang sampun dipun-memar wonten ing panci ingkang isinipun toya resik, lajeng godhoga ngantos umub kanthi api sedheng.
- Sasampunipun umub, alitaken api saha biyara ngantos 10-15 menit. Mboten pareng nggodhog kanthi lami amargi saged ngirangi khasiatipun.
- Mateni api, saringa toya jampi wonten ing gelas, saha pisahaken saking ampasipun.
- Nambahaken gula utawi madu nalika taksih anget, saged ugi dipun-sesekaken jeruk nipis manawi kersa.

4. Aturan Pangginum

Kangge asil ingkang saé saha keamanan ingkang terjaga, sumangga mangertos aturan pangginum kados ing ngandhap punika:
- Ngunjuka jampi nalika taksih anget-anget hangget, kanthi dosis setunggel gelas alit (150-200 ml), kaping kalih sedinten. Langkung saé dipun-unjuk sasampunipun dhahar supados padharan mboten keraos perih.
- Mboten dipun-anjuraken ngunjuk nalika weteng kosong kanthi dosis langkung saking 6 gram, amargi saged ndadosaken weteng mboten nyaman utawi nyeri alit.
- Jampi punika dipun-pantangaken kangge laré ing ngandhap umur 6 taun, tiyang ingkang gadhah lelara watu empedu, utawi tiyang ingkang saweg getihen.
- Menawi raos kembung mboten ical sasampunipun 3 dinten utawi wonten gejala sanes ingkang nyuwaraaken kuwatos, mugi sumangga konsultasi dhateng tenaga kesehatan.

Mugi-mugi jampi tradhisional punika saged mbantu ngenthengaken raos sakit ingkang Panjenengan raosaken. Jaga kasehatan kanthi pola gesang ingkang saé.","{""task"": ""preparation"", ""language"": ""jv"", ""jv_herb_name"": ""jae"", ""register"": ""Krama_Inggil""}",,
"Minangka ahli etnobotani, nerangake carane nggawe jampi saka lengkuas kanggo nambani kurap.","Kanggo nambani Ringworm nggunakake Lengkuas:
Bahan:
- Galang
  Jeneng ilmiah: Alpinia galangaL.
  Bagian: rimpang seger
  Dosis: 2 x 1 driji rhizome / dina

Cara Nggawe:
Cut materi ing sudhut, bruise nganti dadi stringy, rendhem ing cuka, gosok ing wilayah sing kena 2 kaping dina.

Informasi Keamanan:
Larangan: mbukak tatu
Efek samping: alergi","Minangka ahli etnobotani, sumangga nerangaken kanthi rinci lan jangkep babagan tata cara damel jampi saking lengkuas kangge nambani penyakit kurap.

Kangge ngemban tugas menika, mangga dipun tindakaken miturut paramèter ingkang sampun ditemtokaken:
{""task"": ""preparation"", ""language"": ""jv"", ""jv_herb_name"": ""Lengkuas"", ""register"": ""Krama_Inggil""}

Sumangga dipun pastikan bilih:
1. Basa ingkang dipunginakaken inggih menika Basa Jawi kanthi tataran Krama Inggil (alus).
2. Penjelasan kalebet langkah-langkah persiapan bahan, proses pembuatan, lan cara ngginakaken jampi kasebut.
3. Informasi ingkang dipunwedalaken akurat miturut kawruh etnobotani.","Monggo, keparenga kula aturaken tata cara damel jampi saking lengkuas kangge nambani penyakit kurap kanthi titi lan premati. Lengkuas menika nggadhahi kandhutan minyak atsiri lan flavonoid ingkang saged mbiyantu ngicalaken jamur ing kulit, saéngga saged dados tamba ingkang alami lan aman.

**1. Milih lan Nyamektakaken Bahan**
*   **Lengkuas Sepuh:** Pilih rimpang lengkuas ingkang sampun sepuh, kanthi ciri kulit aringipun warninipun abrit semu coklat lan dagingipun padhet. Rimpang sepuh gadhah kandhutan zat aktif ingkang langkung kathah tinimbang ingkang nem. Cukup nyamektakaken kirang langkung 50-100 gram.
*   **Ngresiki:** Kumbah rimpang wau ngantos resik sanget ngginakaken toya ingkang mili supados lebu lan kuman ingkang nempel saged ical. Sasampunipun resik, kupas kulit aringipun tipis-tipis kanthi ngginakaken pisau ingkang resik.

**2. Proses Damel Jampi**
*   Parut utawi tumbuk rimpang lengkuas ngantos alus dados pasta. Menawi namung dipuniris, sari-sarinipun boten badhe medal kanthi maksimal, saéngga dipunparut utawi dipuntumbuk langkung efektif amargi sel-sel tanduran pecah.
*   Ampas parutan ingkang sampun alus saged langsung dipunagem, utawi saged dipunperas sarinipun ngginakaken kain kasa resik kangge njupuk toya sari lengkuasipun kemawon.

**3. Tata Cara Ngginakaken Jampi**
*   **Ngresiki Kulit:** Sadèrèngipun dipunolesaken, kumbah rumiyin perangan kulit ingkang gerah kurap ngginakaken toya anget lan sabun ingkang lembut. Lajeng dipunlap garing ngginakaken andhuk utawi kain resik.
*   **Ngolesaken Jampi:** Olesaken jampi wau kanthi alus lan rata ing sakabèhing bagéan kulit ingkang kena kurap. Boten perlu dipunurut kanthi kiyat.
*   **Wektu Panganggenan:** Biarken jampi manempel kirang langkung 15-30 menit ngantos garing lan meresap. Sasampunipun garing, kumbah malih ngginakaken toya anget supados resik.
*   **Kekerapan:** Tindakaken pangobatan menika kanthi rutin, kaping kalih ngantos tiga sedinten, inggih menika wekdal enjang lan dalu sadèrèngipun sare.

**4. Piweling Tambahan**
*   **Kesabaran lan Konsistensi:** Penyembuhan mbetahaken wekdal. Sumangga dipuntindakaken kanthi sabar lan rutin, amargi asilipun biasanipun katingal sasampunipun seminggu. Jogi ugi kebersihan badan, sandhangan, lan amben supados kurap boten menular dhateng tiyang sanes utawi kambuh malih.
*   **Kaamanan:** Jampi menika boten dipunagem ing tatu ingkang mbikak. Menawi sasampunipun dipunolesaken kulit kraos benter sanget, gatel ingkang mindhak parah, utawi wonten reaksi alergi, sumangga dipunstop panganggenipun. Menawi gerah boten ugi sarta utawi langkung parah, sumangga pados konsultasi dhateng tenaga medis kangge pikantuk penanganan ingkang langkung tepat.

Mugi-mugi kanthi ikhtiar menika, panjenengan enggal pinaringan kesembuhan lan kulit saged wangsul sehat kados wingi uni.","{""task"": ""preparation"", ""language"": ""jv"", ""jv_herb_name"": ""Lengkuas"", ""register"": ""Krama_Inggil""}",,
"As an ethnobotany expert, explain how to prepare Jeruk Nipis to treat Nyeri Haid (Dysmenorrhoea).","To treat Nyeri Haid (Dysmenorrhoea) using Jeruk Nipis:
Ingredients:
- Jeruk Nipis
  Scientific name: Citrus aurantifolia (Christm. et Panz.)
  Part: buah segar
  Dose: 2 x 5 sdm air perasan jeruk/hari

Preparation:
bahan ditambahkan minyak kayu putih 2 sdm dan kapur sirih sebesar biji asam. Aduk sampai rata. Balurkan pada bagian perut dan punggung dan biarkan sampai kering.","Act as an expert in ethnobotany. Provide a detailed explanation on how to prepare Jeruk Nipis (Citrus aurantifolia) to treat Nyeri Haid (Dysmenorrhoea).

Please structure your response to include:
1. **Ingredient Preparation**: Specific steps for selecting and preparing the Jeruk Nipis.
2. **Recipe/Method**: Clear instructions on how to combine ingredients (if any) and the administration method.
3. **Usage Guidelines**: Recommended dosage and frequency for treating dysmenorrhoea.
4. **Mechanism of Action**: A brief explanation of why this preparation is effective based on ethnobotanical knowledge.
5. **Safety & Contraindications**: Any potential side effects or groups who should avoid this remedy.

Context Parameters:
{""task"": ""preparation"", ""language"": ""en"", ""indication"": ""Nyeri Haid (Dysmenorrhoea)""}","### 1. Ingredient Preparation
The efficacy of this remedy relies heavily on the quality and freshness of the fruit. 

*   **Selection:** Choose *Jeruk Nipis* that are firm, heavy for their size, and boast a vibrant green to slightly yellowish skin. Avoid fruits with soft spots or shriveled skin, as these indicate diminished juice and potency. Organic produce is preferred to minimize pesticide residue.
*   **Cleaning:** Wash the fruit thoroughly under running water. Gently scrub the skin with a soft brush and a small amount of salt or baking soda to remove any wax or chemical residues, preserving the valuable essential oils in the zest.
*   **Extraction:** Roll the lime firmly against a countertop before cutting to break the internal juice sacs. Cut horizontally and squeeze the juice using a non-reactive press (such as glass or wood) to prevent oxidation. Strain the liquid to remove seeds and large pulp, which can be harsh on the digestive system.

### 2. Recipe/Method
In traditional Indonesian (*Jamu*) practice, *Jeruk Nipis* is rarely consumed concentrated due to its high acidity. It is balanced with warming agents to counteract the citrus's ""cooling"" nature and better target menstrual cramps.

**Traditional Warm Lime Elixir:**
*   **Ingredients:**
    *   1–2 tablespoons of fresh *Jeruk Nipis* juice
    *   200 ml warm water (approximately 40–50°C, not boiling)
    *   1 tablespoon of pure honey (to soothe the stomach and provide energy)
    *   A thin slice of fresh ginger (optional, recommended for its warming properties)

*   **Instructions:**
    1.  Warm the water until it is comfortable to the touch. If using ginger, steep it in the warm water for 5 minutes to release its volatile oils, then remove the slice.
    2.  Allow the water to cool slightly before adding the fresh lime juice. Adding juice to boiling water can degrade heat-sensitive vitamins and volatile compounds.
    3.  Stir in the honey until fully dissolved. 
    4.  Drink the mixture while still warm. Do not prepare large batches in advance, as oxidation reduces potency.

### 3. Usage Guidelines
*   **Timing:** For best results, begin consuming this elixir one to two days before the expected onset of menstruation or at the first sign of cramping.
*   **Dosage & Frequency:** One cup (200 ml) per serving, taken once or twice daily (morning and/or evening) during the first two to three days of the menstrual period.
*   **Administration:** Drink slowly, preferably after a light meal to buffer the acidity against the stomach lining. Avoid taking it on a completely empty stomach if you have sensitive digestion.

### 4. Mechanism of Action
The effectiveness of this preparation is understood through both modern phytochemistry and traditional ethnobotanical principles:

*   **Anti-inflammatory & Antispasmodic:** *Jeruk Nipis* is rich in flavonoids (such as hesperidin and diosmin) and essential oils (like limonene and citral). These compounds exhibit anti-inflammatory effects that may help reduce the production of prostaglandins—hormone-like substances responsible for uterine contractions—while gently relaxing smooth muscle tissue.
*   **Nutritional Support:** High levels of Vitamin C help reduce oxidative stress and support iron absorption, countering the fatigue often associated with menstrual blood loss.
*   **Traditional Energetics:** In *Jamu*, menstrual pain is often viewed as a stagnation of energy. While lime is ""cooling,"" combining it with warm water and ginger creates a balanced remedy that promotes circulation (*lancar*) and vasodilation, helping to ""move"" stagnation and ease cramping without shocking the system.

### 5. Safety & Contraindications
While natural, this remedy is potent and requires mindful use:

*   **Gastric Sensitivity:** The citric acid can irritate the stomach lining. Individuals with gastritis, acid reflux (GERD), or peptic ulcers should exercise caution or avoid this remedy. If consumed, ensure it is well-diluted and taken after food.
*   **Dental Health:** Citrus acids can erode tooth enamel. It is advisable to rinse your mouth with plain water after drinking or to use a straw.
*   **Medication Interactions:** Citrus juices can interact with certain medications by affecting liver enzymes. Consult a healthcare provider if you are taking prescription drugs.
*   **Underlying Conditions:** This preparation is intended for primary dysmenorrhoea (common menstrual cramps). If pain is severe, sudden, or accompanied by heavy bleeding, it may indicate secondary dysmenorrhoea (such as endometriosis or fibroids). In such cases, this remedy is not a substitute for professional medical diagnosis and care.","{""task"": ""preparation"", ""language"": ""en"", ""indication"": ""Nyeri Haid (Dysmenorrhoea)""}",,
"Sebagai pakar etnobotani, jelaskan cara membuat ramuan dari Sereh untuk mengobati Encok /Pegal Linu.","Untuk mengobati Encok /Pegal Linu menggunakan Sereh:
Bahan:
- Sereh
  Nama ilmiah: Cymbopogon nardus (L) Rendle
  Bagian: herba
  Dosis: 2 x 2 g bonggol/hari

Cara Pembuatan:
bahan direbus dengan 2 gelas air sampai menjadi 1 gelas, dinginkan, saring dan diminum selagi hangat.

Informasi Keamanan:
Larangan: alergi
Efek samping: alergi kulit","Sebagai pakar etnobotani, jelaskan secara rinci cara membuat ramuan dari Sereh untuk mengobati Encok atau Pegal Linu. Pastikan penjelasan Anda mencakup:

1. **Bahan-bahan**: Daftar bahan yang diperlukan beserta takarannya.
2. **Langkah Pembuatan**: Instruksi langkah demi langkah yang jelas dan mudah diikuti.
3. **Cara Penggunaan**: Petunjuk tentang bagaimana ramuan tersebut harus digunakan untuk hasil optimal.
4. **Catatan Keamanan**: Peringatan atau saran keamanan terkait penggunaan ramuan ini.

Konteks tambahan dari pengguna:
{""task"": ""preparation"", ""language"": ""id"", ""indication"": ""Encok /Pegal Linu""}","Sereh (Cymbopogon citratus) telah lama menjadi andalan dalam tradisi pengobatan kita di Jawa untuk meredakan rasa nyeri pada sendi dan otot, atau yang sering kita sebut encok dan pegal linu. Kandungan minyak atsiri, khususnya sitral dan geraniol di dalamnya, bekerja secara alami sebagai anti-inflamasi dan analgesik yang hangat, membantu melancarkan peredaran darah di area yang kaku.

Berikut adalah panduan lengkap meracik obat luar dari sereh yang efektif dan aman untuk Anda praktikkan di rumah.

### 1. Bahan-bahan
Untuk mendapatkan khasiat maksimal, pastikan Anda menggunakan sereh yang masih segar dan beraroma tajam. Berikut adalah takaran untuk sekali pemakaian (cukup untuk memijat satu area tubuh seperti lutut, punggung, atau bahu):

*   **Sereh Segar**: 5–7 batang ukuran sedang. Pilih bagian batang bawah (dekatan akar) karena kandungan minyak atsirinya paling tinggi.
*   **Minyak Pembawa (Carrier Oil)**: 3–4 sendok makan. Anda bisa menggunakan minyak kelapa murni (VCO), minyak wijen, atau minyak zaitun. Minyak wijen sangat disarankan dalam tradisi Jamu karena sifatnya yang menghangatkan.
*   **Air Bersih**: Secukupnya (sekitar 200 ml) untuk merebus.
*   **Alat Tambahan (Opsional)**: Sejumput garam kasar atau irisan tipis jahe jika ingin efek hangatnya lebih terasa.

### 2. Langkah Pembuatan
Proses ini bertujuan mengekstrak minyak atsiri dari sereh ke dalam minyak pembawa tanpa merusak kandungannya akibat panas berlebih.

1.  **Persiapan Sereh**: Cuci bersih batang sereh untuk menghilangkan debu atau tanah. Memarkan (geprek) setiap batang sereh hingga agak pipih dan pecah seratnya. Ini langkah krusial agar minyak atsirinya mudah keluar. Potong-potong menjadi bagian sepanjang 3–4 cm.
2.  **Ekstraksi Awal**: Rebus air hingga mendidih, masukkan sereh yang sudah dimemarkan. Biarkan mendidih selama 5–7 menit hingga air berubah warna menjadi agak kekuningan dan aroma sereh menyebar kuat. Angkat dan tiriskan serehnya, sisihkan air rebusan (bisa diminum sebagai teh jika suka, tapi tidak dipakai untuk ramuan oles ini).
3.  **Infusi Minyak**: Dalam wajan kecil atau panci tahan panas, panaskan minyak pembawa dengan api **sangat kecil**. Jangan sampai minyak berasap.
4.  **Penggabungan**: Masukkan sereh yang sudah direbus tadi (dalam keadaan masih hangat) ke dalam minyak yang sedang dipanaskan. Jika ingin menambahkan jahe atau garam, masukkan sekarang.
5.  **Penyaringan Hangat**: Biarkan sereh tersangrai dalam minyak selama 3–5 menit sambil sesekali diaduk perlahan. Matikan api sebelum sereh menjadi cokelat gelap atau gosong. Selagi minyak masih hangat, saring menggunakan kain katun bersih atau saringan halus ke dalam botol kaca kecil. Buang ampas serehnya.
6.  **Penyimpanan**: Tutup rapat botol kaca tersebut. Minyak ini bisa disimpan di suhu ruang dan tahan hingga 2–3 minggu.

### 3. Cara Penggunaan
Agar hasil optimal, ikuti prosedur berikut saat menggunakan ramuan:

*   **Waktu Terbaik**: Gunakan saat pagi hari setelah bangun tidur atau malam hari sebelum istirahat, saat otot sedang kaku.
*   **Aplikasi**: Tuangkan sedikit minyak sereh ke telapak tangan, lalu gosokkan kedua tangan hingga terasa hangat.
*   **Teknik Pijat**: Oleskan pada area yang sakit (lutut, pinggang, leher). Lakukan pijatan memutar dengan tekanan sedang selama 5–10 menit. Fokuskan pada titik-titik yang terasa paling nyeri. Gerakan memijat membantu minyak meresap lebih dalam ke jaringan otot.
*   **Penutupan**: Setelah dipijat, disarankan untuk menutup area tersebut dengan kain hangat atau handuk selama 15–20 menit untuk menjebak panas dan memaksimalkan penyerapan.
*   **Frekuensi**: Ulangi 2–3 kali sehari hingga rasa nyeri berkurang.

### 4. Catatan Keamanan
Meskipun berbahan alami, kehati-hatian tetap diperlukan demi keselamatan Anda:

*   **Uji Tempel (Patch Test)**: Sebelum digunakan secara luas, oleskan sedikit minyak pada area kulit kecil (misalnya lengan bawah) dan tunggu 15–30 menit. Jika muncul kemerahan, gatal hebat, atau iritasi, segera hentikan penggunaan dan cuci dengan air sabun.
*   **Hindari Luka Terbuka**: Jangan pernah mengoleskan ramuan ini pada kulit yang terluka, lecet, atau sedang meradang parah, karena akan menyebabkan perih dan iritasi.
*   **Suhu Minyak**: Pastikan minyak tidak terlalu panas saat dioleskan untuk menghindari luka bakar pada kulit. Uji suhu di punggung tangan sebelum memijat area sakit.
*   **Konsultasi Medis**: Ramuan ini bersifat simptomatik (meredakan gejala). Jika nyeri sendi disertai bengkak yang tidak kunjung kempes, demam, atau terjadi setelah cedera berat, segera hubungi tenaga medis profesional. Penggunaan herbal ini adalah pendamping, bukan pengganti penanganan medis darurat.
*   **Ibu Hamil dan Menyusui**: Meskipun untuk pemakaian luar, ibu hamil disarankan berkonsultasi dulu dengan bidan atau dokter sebelum menggunakan minyak atsiri konsentrasi tinggi secara rutin.

Semoga ramuan sederhana ini dapat membawa kelegaan dan mengembalikan kelenturan gerak Anda. Lakukan dengan hati yang tenang, karena ketenangan pikiran juga membantu tubuh merespons penyembuhan dengan lebih baik.","{""task"": ""preparation"", ""language"": ""id"", ""indication"": ""Encok /Pegal Linu""}",,
"Sebagai pakar etnobotani, jelaskan cara membuat ramuan dari Kunyit untuk mengobati Sakit Pinggang.","Untuk mengobati Sakit Pinggang menggunakan Kunyit:
Bahan:
- Kunyit
  Nama ilmiah: Curcuma domestica Val
  Bagian: rimpang segar
  Dosis: 1 x 3-9 g rimpang/hari.

Cara Pembuatan:
bahan diparut, ditempelkan pada bagian yang sakit,dan didiamkan sampai kering.

Informasi Keamanan:
Larangan: alergi
Efek samping: alergi","Sebagai pakar etnobotani, jelaskan secara rinci cara membuat ramuan dari Kunyit untuk mengobati Sakit Pinggang. Harap sertakan bahan-bahan yang diperlukan, langkah-langkah pembuatan, dosis yang disarankan, dan cara penggunaannya.

Konteks Tugas:
{""task"": ""preparation"", ""language"": ""id"", ""indication"": ""Sakit Pinggang""}","Kunyit, atau dalam bahasa ilmiah dikenal sebagai *Curcuma longa*, telah lama menjadi pilar utama dalam pengobatan tradisional Nusantara, khususnya untuk meredakan nyeri sendi dan otot, termasuk sakit pinggang. Khasiat utamanya berasal dari senyawa aktif bernama kurkumin, yang memiliki sifat anti-inflamasi (anti-peradangan) dan analgesik (pereda nyeri) yang kuat. Namun, agar ramuan ini efektif, kita harus memperhatikan cara pengolahannya karena kurkumin sulit diserap oleh tubuh jika dikonsumsi sendirian.

Berikut adalah panduan lengkap menyiapkan ramuan kunyit yang dioptimalkan untuk meredakan sakit pinggang, menggabungkan kearifan leluhur dengan pemahaman ilmiah mengenai penyerapan nutrisi.

### Bahan-bahan yang Diperlukan

Untuk satu kali sajian yang efektif, siapkan bahan-bahan berikut:

1.  **Rimpang Kunyit Segar**: 2 ruas jari (sekitar 20-30 gram). Pilih kunyit yang tua (daging berwarna oranye pekat) dan segar, bukan yang sudah layu atau berjamur. Kunyit segar mengandung minyak atsiri yang lebih lengkap dibandingkan bubuk kering.
2.  **Lada Hitam Bubuk**: Sejumput kecil (sekitar 1/8 sendok teh). Ini adalah komponen krusial. Lada hitam mengandung piperin yang dapat meningkatkan penyerapan kurkumin oleh tubuh hingga 2000%. Tanpa ini, sebagian besar khasiat kunyit akan terbuang percuma.
3.  **Lemak Sehat**: 1 sendok teh minyak kelapa murni (VCO) atau santan kental. Kurkumin bersifat larut dalam lemak, bukan air. Penambahan lemak memastikan senyawa aktif terserap optimal ke dalam aliran darah.
4.  **Air Bersih**: 2 gelas (sekitar 400 ml).
5.  **Pemanis Alami (Opsional)**: Madu murni atau gula aren secukupnya untuk menyeimbangkan rasa pahit dan hangat dari kunyit.

### Langkah-langkah Pembuatan

Proses pembuatan ini dirancang untuk mengekstrak senyawa aktif secara maksimal tanpa merusaknya akibat panas berlebih.

1.  **Persiapan Rimpang**: Cuci bersih kunyit di bawah air mengalir. Gosok perlahan kulitnya menggunakan sikat sayur yang lembut untuk menghilangkan tanah, namun tidak perlu mengupas habis kulitnya jika kunyit organik, karena banyak nutrisi berada tepat di bawah kulit. Jika tidak yakin dengan kebersihannya, kupas tipis saja.
2.  **Penghalusan**: Parut kunyit hingga halus, atau potong kecil-kecil lalu tumbuk hingga hancur. Metode tradisional menumbuk dengan lumpang batu seringkali lebih baik karena tidak menghasilkan panas gesekan yang bisa merusak enzim, namun memarut juga dapat diterima.
3.  **Perebusan**: Masukkan kunyit yang telah dihaluskan ke dalam panci (disarankan panci kaca, keramik, atau *stainless steel*, hindari aluminium). Tambahkan 2 gelas air. Nyalakan api sedang dan biarkan mendidih.
4.  **Simmering (Api Kecil)**: Setelah air mendidih, kecilkan api hingga mencapai tahap *simmering* (mendidih perlahan). Biarkan selama 10–15 menit. Jangan merebus terlalu lama (lebih dari 20 menit) karena panas berlebih dapat menurunkan potensi kurkumin.
5.  **Penambahan Kunci Absorpsi**: Matikan api. Segera masukkan lada hitam bubuk dan minyak kelapa (atau santan). Aduk rata. Penambahan ini dilakukan setelah api mati atau saat api sangat kecil untuk menjaga kualitas minyak dan piperin.
6.  **Penyaringan**: Saring air rebusan menggunakan kain katun bersih atau saringan teh halus ke dalam cangkir. Peras ampas kunyit dengan kuat untuk mendapatkan sari patinya yang paling kental.
7.  **Penyajian**: Tambahkan madu saat ramuan sudah hangat kuku (bukan saat mendidih) agar enzim dalam madu tidak rusak. Aduk hingga larut.

### Dosis dan Cara Penggunaan

*   **Dosis Harian**: Minum 1 cangkir (sekitar 200 ml) ramuan ini 2 kali sehari. Waktu terbaik adalah pagi hari setelah sarapan dan sore hari. Mengonsumsinya setelah makan membantu mengurangi risiko iritasi lambung yang mungkin dialami sebagian orang akibat sifat kunyit yang agak tajam.
*   **Durasi**: Untuk nyeri akut (tiba-tiba), ramuan ini dapat diminum selama 5–7 hari berturut-turut hingga nyeri berkurang. Untuk kondisi kronis (sakit pinggang menahun), dapat dikonsumsi secara rutin selama 2–4 minggu, kemudian beri jeda 1 minggu sebelum melanjutkan, untuk membiarkan tubuh beristirahat.
*   **Cara Konsumsi**: Minum dalam keadaan hangat. Sensasi hangat dari ramuan akan membantu melancarkan sirkulasi darah di area pinggang yang kaku.

### Catatan Penting dan Kehati-hatian

Meskipun alami, ramuan ini adalah bentuk terapi yang kuat dan memerlukan kehati-hatian:

*   **Interaksi Obat**: Jika Anda sedang mengonsumsi obat pengencer darah (seperti warfarin atau aspirin) atau obat diabetes, konsultasikan dengan dokter sebelum mengonsumsi ramuan ini secara rutin, karena kunyit juga memiliki efek mengencerkan darah dan menurunkan gula darah.
*   **Kondisi Tertentu**: Hindari konsumsi berlebihan jika Anda memiliki riwayat batu empedu atau penyumbatan saluran empedu, karena kunyit merangsang produksi empedu. Ibu hamil sebaiknya membatasi konsumsi kunyit hanya dalam jumlah wajar sebagai bumbu masakan dan menghindari dosis terapeutik seperti ini tanpa pengawasan ahli.
*   **Reaksi Tubuh**: Perhatikan respons tubuh Anda. Jika muncul gejala nyeri ulu hati, mual, atau ruam kulit, hentikan penggunaan segera.
*   **Pendekatan Holistik**: Ramuan ini bekerja paling baik jika dibarengi dengan istirahat yang cukup, kompres hangat pada area pinggang, dan gerakan peregangan ringan. Sakit pinggang seringkali merupakan sinyal dari postur tubuh atau beban kerja otot yang perlu dievaluasi secara menyeluruh.

Semoga ramuan warisan leluhur ini membawa kelegaan dan memulihkan kenyamanan gerak Anda. Kesabaran dan konsistensi adalah kunci dalam penyembuhan alami.","{""task"": ""preparation"", ""language"": ""id"", ""indication"": ""Sakit Pinggang""}",,
"Minangka ahli etnobotani, nerangake carane nggawe jampi saka lengkuas kanggo nambani postpartum.","Kanggo nambani postpartum nggunakake lengkuas:
Bahan:
- Galang
  Jeneng ilmiah: Alpinia galanga L.
  Bagian: rimpang seger
  Dosis: 1 x 30 g rimpang enom / dina

Cara Nggawe:
Bahan-bahan kasebut dipun-iris dadi potongan-potongan, digodhog nganggo banyu 2 gelas nganti dadi 1 gelas, adhem, saring lan ngunjuk bebarengan.","Minangka ahli etnobotani, panjenengan nyuwun diterangake kanthi rinci lan jangkep babagan caranipun ngolah utawi damel jampi saking lengkuas kangge nambani ibu ingkang nembe wae nglairaken (postpartum).

Mangga tindakaken dhawuh ing ngandhap kanthi teliti:
1. **Subjek**: Fokus mligi ing tetanduran ""Lengkuas"".
2. **Gaya Basa**: Ginakaken Basa Jawi Krama Inggil ingkang leres, alus, lan pakurmatan.
3. **Isi**: Terangake bahan-bahan ingkang dipunbetahake, langkah-langkah pangolahan, lan cara panganggenipun.
4. **Konteks Tambahan**: Dados referensi, mangga consider data ing ngandhap:
{""task"": ""preparation"", ""language"": ""jv"", ""jv_herb_name"": ""Lengkuas"", ""register"": ""Krama_Inggil""}","Sugeng siang, Ibu. Mugi-mugi Ibu lan putra alit tansah pinaringan rahayu saha kasarasan ingkang sewadya. Masa pascanlairan punika wekdal ingkang wigati sanget kangge pulihaken kahanan salira Ibu ingkang nembe lemes. Lengkuas utawi ingkang asring dipunwastani laos, gadhah sipat anget ingkang sae sanget kangge ngawontenaken kehangatan ing badan, nglancaraken peredaran rah, mbantu ngresiki getih sasampunipun nglairaken, sarta nyuda rasa pegel-pegel.

Kula badhe ngaturaken pandhuan kanthi rinci babagan caranipun ngolah lengkuas dados jampi, ingkang kapérang dados kalih wujud, inggih punika kangge unjukan (wedang) lan kangge panganggenipun ing njawi (param utawi siraman).

**1. Jampi Unjukan (Wedang Lengkuas)**

**Bahan-bahan ingkang dipunbetahaken:**
*   Lengkuas seger (langkung sae lengkuas abrit ingkang sampun sepuh amargi kandhutan sarinipun langkung kathah), kirang langkung 2-3 ruas jari utawi 100-150 gram.
*   Jahe emprit utawi jahe merah, kirang langkung 1 ruas jari (kagem nambah khasiat anget).
*   Sereh, 1 batang (kagem nambah aroma ingkang nentenake manah).
*   Gula jawi utawi gula batu secukupipun (kagem nambah energi saha nambah raos).
*   Toya resik, kirang langkung 3 gelas.

**Langkah-langkah pangolahan:**
1.  **Ngresiki:** Sepisan, lengkuas, jahe, lan sereh dipunumbah ngantos resik sanget saking lemah utawi regedan ingkang nempel. Ginakaken toya ingkang mili supados kuman saged ical. Mboten perlu dipunkupas kulitipun menawi sampun resik, amargi ing kulit ugi wonten khasiatipun.
2.  **Ngiris utawi Ngeprek:** Bahan-bahan wau lajeng dipuniris tipis-tipis utawi dipungeprek (dipunremuk) supados sarinipun saged medal kanthi gampil nalika dipungodhog.
3.  **Ngodhog:** Lebetaken irisan lengkuas, jahe, lan sereh wonten ing panci ingkang resik. Tuangaken toya resik 3 gelas. Godhog ngantos toya umob kanthi geni ingkang alon. Menawi sampun umob, kecilaken geni lan tutup panci. Biyarakaken ngantos 15-20 menit supados sari lengkuas nyawiji kaliyan toya. Toya badhe owah warnanipun dados kuning enom lan ambunipun wangi khas.
4.  **Nambah Gula:** Lebetaken gula jawi utawi gula batu, dipunaduk ngantos larut.
5.  **Nyaring:** Sasampunipun dingin sakedhik, saring toya godhogan menika supados resik saking ampasipun.

**Cara panganggenipun:**
Ngunjuk wedang lengkuas nalika taksih anget-anget hanget, kinten-kinten satunggal gelas ing wekdal enjing lan satunggal gelas malih ing wekdal sonten. Rasa angetipun saged nembus dalem badan, mbantu ngresiki rahim, lan damel badan kraos langkung seger.

---

**2. Jampi Kagem Param lan Siraman (Wonten ing Njawi)**

Kangge nambani pegel-pegel otot saking njawi, lengkuas ugi saged dipundadosaken param utawi toya siraman.

**Bahan-bahan:**
*   Lengkuas seger, kirang langkung 5-10 ruas jari (kagem param) utawi 250 gram (kagem siraman).
*   Toya resik secukupipun.
*   Kain resik utawi waslap.

**Langkah-langkah pangolahan lan panganggenipun:**

*   **Kangge Param (Kompres):** 
    Lengkuas dipunparut utawi dipuntumbuk ngantos alus, lajeng dipuncampuraken toya anget sekedhik supados dados pasta. Pasta menika dipunolesaken kanthi alus wonten ing pérangan badan ingkang kraos pegel, kados ta geger, pundhak, utawi sakiwa tengenipun weteng (mboten angsal dipunagem wonten luka ingkang mbikak). Tutup ngginakaken kain resik lan biyarakaken kirang langkung 20-30 menit ngantos raos angetipun nresep, lajeng dipunumbah ngginakaken toya anget.

*   **Kangge Siraman (Adus):** 
    Menawi badhe kagem siraman, lengkuas saged dipuniris lajeng digodhog kaliyan 2 liter toya ngantos 15 menit. Toya godhogan ingkang sampun dingin sakedhik lajeng dipuncampuraken kaliyan toya adus ingkang suhunipun pas (mboten kepanasen). Ginakaken toya menika kangge adus utawi siraman ingkang sakojur awak. Menika saged mbantu nghangataken awak, ngendhorken otot-otot ingkang kaku, lan ngresiki kulit. Lakoni menika sepindha utawi kaping kalih saben dinten nalika masa nifas.

---

**Cathetan ingkang Perlu Digatosaken:**

*   **Kasucian:** Mastikaken sadaya peralatan ingkang dipunginakaken, wiwit saking pisau, panci, ngantos wadah, kedah resik sanget supados mboten wonten kuman ingkang mlebet.
*   **Respon Badan:** Manahaken reaksi badan Ibu. Menawi wonten raos mboten kepenak ing weteng, kados dados panas, utawi alergi, sumangga dipunpundheti panganggenipun.
*   **Istirahat:** Jampi punika namung piranti pamong. Ingkang paling utami inggih punika istirahat ingkang cekap lan nutrisi ingkang sae.
*   **Konsultasi:** Menawi Ibu ngalami pendarahan ingkang boten normal utawi demam ingkang tinggi, sumangga enggal-enggal nyuwun pitulungan dhumateng bidan utawi dokter kangge pamriksan langkung lanjut.

Mugi-mugi ikhtiar menika saged mbantu proses pulihing kesehatan Ibu. Saben proses pamulihan mbutuhaken wekdal lan kesabaran, mula monggo dipunlakoni kanthi manah ingkang tentrem. Mugi-mugi Ibu cepur waras lan saged ngrembakakaken putra kanthi kebak katresnan.","{""task"": ""preparation"", ""language"": ""jv"", ""jv_herb_name"": ""Lengkuas"", ""register"": ""Krama_Inggil""}",,
"As an ethnobotany expert, explain how to prepare Lengkuas to treat Terkilir.","To treat Terkilir using Lengkuas:
Ingredients:
- Lengkuas
  Scientific name: Alpinia galanga L.
  Part: rimpang segar
  Dose: 1 x 1 rimpang /hari

Preparation:
bahan dihaluskan, tambahkan air secukupnya dan oleskan pada bagian yang sakit.","As an ethnobotany expert, explain how to prepare Lengkuas (Galangal) to treat Terkilir (a sprain or twisted joint).

Please address the following:
1. **Preparation Method**: Step-by-step instructions on how to process the plant for this specific indication.
2. **Application**: How the prepared remedy should be applied to the injury.
3. **Context**: Briefly explain the traditional reasoning behind this usage.

Reference Data:
{""task"": ""preparation"", ""language"": ""en"", ""indication"": ""Terkilir""}","### Preparation Method

To prepare Lengkuas (Galangal, *Alpinia galanga L.*) for a sprain, fresh rhizomes are preferred over dried ones due to their higher concentration of volatile oils.

1.  **Selection and Cleaning:** Select a firm, fresh rhizome segment, approximately 5 to 10 centimeters in length. Thoroughly wash the outer skin under running water to remove soil and debris.
2.  **Peeling:** Using a clean knife, gently peel away the thin, reddish-brown outer skin, which can be fibrous and may cause irritation if left on.
3.  **Processing:** Cut the rhizome into small chunks. Place them into a mortar and pound firmly with a pestle until a coarse, moist paste is formed. Alternatively, a fine grater may be used. The goal is to rupture the plant cells to release the juices and essential oils.
4.  **Mixture:** Transfer the paste to a small bowl. Mix in a pinch of fine salt to help draw out moisture and act as a mild antiseptic. If the paste is too dry, add a few drops of warm water or a carrier oil (such as coconut oil) to achieve a spreadable consistency.

### Application

1.  **Precautions and Skin Test:** Do not apply this remedy to broken skin or open wounds. Before full application, test a small amount of the paste on a healthy patch of skin to check for allergic reaction or excessive irritation.
2.  **Placement:** Spread the prepared paste evenly over the affected joint. Alternatively, you may spread the paste onto a piece of clean cotton cloth or gauze and place it over the injury, which can facilitate easier removal.
3.  **Bandaging:** Cover the area with a clean cloth or bandage to hold the poultice in place. Secure it snugly enough to maintain contact, but not so tight as to restrict blood circulation.
4.  **Duration and Frequency:** Leave the poultice on for 30 to 60 minutes. If the warming sensation becomes uncomfortable or painful, remove it immediately. Wash the area with warm water afterward. This process may be repeated once or twice daily until the swelling subsides.

### Context and Traditional Reasoning

In traditional Indonesian medicine, Lengkuas is classified as having a ""warming"" (*hangat*) nature. A sprain (*Terkilir*) is often understood not just as physical damage, but as a disruption in the flow of blood or energy, sometimes accompanied by the entry of ""wind"" (*angin*) into the joint, leading to stagnation, swelling, and pain.

The rationale for using Galangal rests on these traditional observations:
*   **Circulation and Penetration:** The warming sensation caused by essential oils (such as 1,8-cineole, galangin, and alpha-pinene) is believed to stimulate local blood circulation, relax surrounding muscles, and help the remedy penetrate deep into the tissues to disperse stagnation.
*   **Anti-inflammatory Properties:** The rhizome is traditionally valued for its ability to reduce the swelling and pain associated with musculoskeletal strain.

**Important Note:** While this remedy is a common household tradition, a sprain can sometimes mimic a fracture or involve severe ligament damage. If pain is severe, swelling does not subside, or you cannot bear weight on the limb, please consult a qualified healthcare professional for proper diagnosis. Discontinue use immediately if skin irritation occurs.","{""task"": ""preparation"", ""language"": ""en"", ""indication"": ""Terkilir""}",,
"Minangka ahli etnobotani, nerangake carane nggawe racikan kayu manis kanggo nambani nyeri haid (Dysmenorrhoea).","Kanggo nambani Nyeri Menstruasi (Dysmenorrhoea) nggunakake Kayu Manis:
Bahan:
- Kayu manis
  Jeneng Ilmiah: Cinnamomum burmanii (Ness & Th. Nees)
  Bagean: babakan
  Dosis: 2 x 2 g babakan / dina

Cara Nggawe:
Bahan kasebut digodhog nganggo 2 gelas banyu nganti mung 1 gelas, adhem, saring lan dibagi dadi 2 bagean.

Informasi Keamanan:
Larangan: ulkus weteng/duodenum, mriyang sing ora dingerteni sababe, meteng, nyusoni, alergi
Pènget: ati-ati karo diabetes, sampeyan kudu taken dhokter dhisik.
Efek samping: alergi","Minangka ahli etnobotani, sumangga nerangaken kanthi rinci langkah-langkah nyiyapaken racikan Kayu Manis kangge ngatasi nyeri haid (Dysmenorrhoea).

Instruksi Khusus:
- Basa ingkang dipunginakaken: Basa Jawi Krama Inggil.
- Jeneng jamu: Kayu Manis.
- Fokus tugas: Persiapan (preparation).

Monggo dipunjlentrehaken:
1. Bahan-bahan ingkang dipunbetahaken.
2. Cara nyiyapaken lan ngolah.
3. Aturan konsumsi ingkang aman.

Konteks Tambahan:
{""task"": ""preparation"", ""language"": ""jv"", ""jv_herb_name"": ""Kayu Manis"", ""register"": ""Krama_Inggil""}","Sugeng pangestu. Mugi panjenengan tansah pinaringan kasarasan lan ketentreman. Nyeri haid utawi dysmenorrhoea memang asring ndadosaken raga lesu saha ngganggu aktivitas. Miturut warisan leluhur, Kayu Manis gadhah sipat anget, anti-inflamasi, lan antispasmodik ingkang saged mbantu nglancaraken peredaran rah sarta nyuda kontraksi otot rahim, saengga rasa nyeri saged suda.

Sumangga dipunpirsani tata cara nyiyapaken racikan Kayu Manis kanthi rinci:

**1. Bahan-bahan ingkang dipunbetahaken**
Kangge ngasilaken khasiat ingkang optimal, sumangga dipunsiyapaken bahan ingkang alami saha resik kados makaten:
*   **Kayu Manis Batang:** 2 dumugi 3 ruas (kirang langkung 5 cm). Langkung sae ngginakaken batang tinimbang serbuk supados sari-sarinipun langkung murni lan toyanipun mboten keruh.
*   **Toya Resik:** 2 gelas (kirang langkung 400-500 ml).
*   **Madu Murni utawi Gula Jawi:** Secukupipun, minangka pamanis alami kangge nambah ènergi.
*   **Jahe Emprit (Opsional):** 1 ruas alit ingkang dipungeprek, kangge nambah raos anget ing awak.

**2. Cara Nyiyapaken lan Ngolah**
Proses ngolah punika mbutuhaken kasabaran supados sari-sari Kayu Manis saged medal kanthi sempurna:
*   **Ngresikaken Bahan:** Kumbahaken batang Kayu Manis (lan jahe menawi ngginakaken) kanthi toya mili ngantos resik saking lebu. Menawi wonten jahe, dipungeprek alon-alon.
*   **Nggodhog Toya:** Lebetaken toya resik dhateng panci ingkang resik. Nyalakaken geni kanthi ukuran sedheng ngantos toya umup.
*   **Mgodhog Kayu Manis:** Menawi toya sampun umup, lebetaken Kayu Manis lan jahe. Alitaken geni lajeng tutup panci. Biyarakaken godhogan kanthi geni alit (simmer) kirang langkung 10 dumugi 15 menit, ngantos warni toya malih coklat enom lan gandanipun wangi.
*   **Nyaring:** Mateni geni. Saring toya godhogan wau dhateng gelas utawi cangkir ingkang resik.
*   **Nambah Pamanis:** Nalika toya taksih anget (mboten panas sanget), dipuntambahaken madu utawi gula jawi secukupipun lajeng diaduk rata. Mbucal madu nalika toya taksih mendidih saged ngirangi khasiatipun.

**3. Aturan Konsumsi ingkang Aman**
Supados racikan punika migunani lan mboten nuwuhaken efek ingkang mboten dipunkersakaken, sumangga dipunperhatosaken panduan menika:
*   **Wektu lan Dosis Ngunjuk:** Wedang punika saenipun dipununjuk nalika taksih anget. Cukup 1 gelas alit (kirang langkung 200 ml) saben dintenipun. Saged dipunwiwiti ngunjuk 1-2 dinten sadurungipun haid dhateng, lan dipunlanjutaken nalika dinten kapisan haid. Ampun ngunjuk kanthi keluwihan amargi saged paring beban dhumateng organ ati.
*   **Pepeling Khusus:**
    *   Ibu ingkang nembe garbini (hamil) **mboten kenging** ngunjuk ramuan punika kanthi rutin, amargi sipat angetipun saged mengaruhi kontraksi rahim.
    *   Menawi panjenengan gadhah riwayat maag utawi asam lambung, sumangga ngunjuk sasampunipun dhahar supados weteng mboten krasa perih.
    *   Menawi gadhah riwayat diabetes utawi nembe ngunjuk obat pengencer rah, sumangga konsultasi rumiyin kaliyan dhokter.
    *   Menawi rasa nyeri mboten suda utawi malah tambah parah, sumangga sareng segera pariksa dhumateng tenaga medis.

Mugi-mugi kanthi perhatian ingkang leres nalika nyiyapaken ramuan punika, panjenengan saged ngraosaken katentreman saha rasa nyeri saged suda. Raga punika kedah dipunrawat kanthi lembut. Mugi panjenengan enggal saras kados sedia kala.","{""task"": ""preparation"", ""language"": ""jv"", ""jv_herb_name"": ""Kayu Manis"", ""register"": ""Krama_Inggil""}",,
"As an ethnobotany expert, explain how to prepare Sirih to treat Jerawat.","To treat Jerawat using Sirih:
Ingredients:
- Sirih
  Scientific name: Piper bettleL
  Part: daun segar
  Dose: 2 x 7-10 daun/hari

Preparation:
bahan direbus dengan 2 gelas air sampai mendidih, dinginkan, airnya dipakai untuk mencuci kulit (wajah).

Safety Information:
Warnings: dapat menyebabkan iritasi pada kulit dan selaput lendir
Side effects: iritasi kemerahan","As an ethnobotany expert, provide a detailed explanation on how to prepare Sirih (betel leaf) to treat Jerawat (acne). Adhere to the following specifications:

- **Task**: Preparation
- **Language**: English (en)
- **Indication**: Jerawat

Ensure your response includes:
1. A brief definition of Sirih and its traditional relevance to skin health.
2. Step-by-step instructions for preparing the remedy.
3. Safety considerations and proper usage guidelines.
4. Clarification that ""Jerawat"" refers to acne.","### Sirih (Betel Leaf) for the Treatment of Jerawat (Acne)

**Definition and Traditional Relevance**
Sirih, known botanically as *Piper betle*, is a perennial vine native to Southeast Asia. For centuries, its aromatic leaves have been utilized in traditional medicine for their potent antiseptic, antibacterial, and anti-inflammatory properties. These characteristics are attributed to essential oils and phenolic compounds—primarily eugenol and chavicol—which exhibit antimicrobial activity against bacteria like *Cutibacterium acnes*. In this guide, the term ""Jerawat"" refers to acne vulgaris, a common skin condition characterized by pimples, blackheads, and inflammation. Traditionally, Sirih is valued for its ability to cleanse the skin, reduce inflammation, and inhibit bacterial growth without the harshness of synthetic chemicals.

**Preparation Instructions**
Depending on the severity of the acne and individual skin sensitivity, Sirih can be prepared as either a topical wash or a concentrated paste.

**Method 1: Infused Topical Wash (Decoction)**
1. **Selection and Cleaning:** Select 5 to 10 fresh, mature Sirih leaves, ensuring they are deep green and free from holes, discoloration, or pest damage. Rinse thoroughly under running water. For added safety, soak the leaves in a mild saltwater solution for 10 minutes, then rinse again.
2. **Extraction:** Tear the leaves into smaller pieces to increase the surface area. Place them in a stainless steel or glass pot (avoid aluminum to prevent chemical reactions) with 500 ml of filtered water. Bring to a boil, then reduce the heat and simmer for 10 to 15 minutes until the water turns a light amber or yellowish-green hue.
3. **Cooling and Straining:** Remove from heat and allow the liquid to cool naturally to room temperature. Strain through a fine mesh sieve or cheesecloth into a sterilized glass container, discarding the leaves.
4. **Storage:** Store the sealed container in the refrigerator. The preparation remains viable for 3 to 4 days; discard if it develops an off odor or cloudiness.

**Method 2: Concentrated Paste (Spot Treatment)**
1. **Selection:** Take 2 to 3 fresh Sirih leaves.
2. **Grinding:** Wash the leaves thoroughly and crush them using a mortar and pestle or blender until a smooth, thick paste forms.

**Application Guidelines**
*   **As a Toner:** After cleansing the face with a mild soap, apply the cooled Sirih water to affected areas using a clean cotton pad. Allow it to air dry before applying moisturizer. Alternatively, the liquid can be used as a final facial rinse. Limit application to once or twice daily.
*   **As a Compress:** Soak a clean cloth in the liquid and apply to inflamed areas for 5 to 10 minutes.
*   **As a Spot Treatment:** Apply a small amount of the paste directly onto the acne lesions. Leave on for 10 to 15 minutes, then rinse thoroughly with lukewarm water.

**Safety Considerations and Usage Guidelines**
While Sirih is a natural remedy, it contains potent bioactive compounds that require the same caution as any active skincare ingredient.

*   **Patch Testing:** Before full facial application, apply a small amount of the preparation to the inner forearm or behind the ear. Wait 24 hours to check for allergic reactions, such as redness, itching, or swelling.
*   **Skin Sensitivity and Overuse:** Sirih has astringent properties that can strip the skin of natural oils. If excessive dryness or irritation occurs, discontinue use immediately or dilute the infusion with distilled water. Over-application should be avoided to prevent disrupting the skin's moisture barrier.
*   **Open Wounds:** Do not apply the solution or paste to open wounds, popped pimples, or severely inflamed cystic acne lesions that are bleeding, as this may cause stinging or further irritation.
*   **Sun Sensitivity:** Some botanical extracts can increase skin sensitivity to UV rays. It is recommended to apply sunscreen during the day when using herbal treatments.
*   **Medical Limitations:** This preparation is intended for mild to moderate acne support and is not a substitute for professional dermatological treatment. If you are using prescription medications (such as retinoids or benzoyl peroxide), consult a healthcare provider to avoid potential drug-herb interactions. If acne is severe, persistent, or accompanied by significant pain or scarring, seek medical advice.","{""task"": ""preparation"", ""language"": ""en"", ""indication"": ""Jerawat""}",,
"Sebagai pakar etnobotani, jelaskan cara membuat ramuan dari Kayu Putih untuk mengobati Encok /Pegal Linu.","Untuk mengobati Encok /Pegal Linu menggunakan Kayu Putih:
Bahan:
- Kayu Putih
  Nama ilmiah: Melaleuca leucadendra (L)
  Bagian: daun
  Dosis: 6-10 g daun/hari

Cara Pembuatan:
bahan direbus dengan 2 gelas air sampai menjadi separuhnya, dinginkan, saring dan diminum sekaligus.

Informasi Keamanan:
Larangan: anak, gangguan pencernaan, gangguan kandung empedu, gangguan hati. pada kehamilan, menyusui harus dengan supervisi dokter.
Peringatan: jauhkan dari jangkauan anak.
Efek samping: rasa terbakar di ulu hati, mual, muntah, pusing.","Bertindaklah sebagai pakar etnobotani. Jelaskan secara rinci cara pembuatan ramuan tradisional dari Kayu Putih untuk mengobati Encok atau Pegal Linu.

Konteks Tugas:
{""task"": ""preparation"", ""language"": ""id"", ""indication"": ""Encok /Pegal Linu""}

Dalam penjelasan Anda, pastikan untuk:
1. Mengidentifikasi bagian tanaman Kayu Putih yang digunakan.
2. Menjelaskan langkah-langkah persiapan dan pembuatan ramuan secara urut.
3. Menyertakan cara penggunaan dan dosis yang umum diterapkan dalam praktik etnobotani.
4. Memberikan catatan keamanan atau kontraindikasi jika ada.","Salam hangat dan sehat bagi Anda. Merasakan nyeri sendi atau pegal linu memang sangat mengganggu kenyamanan, namun alam Nusantara telah lama menyediakan sahabat setia untuk meredakannya: Kayu Putih (*Melaleuca cajuputi*). Tanaman ini bukan sekadar memberikan sensasi hangat, melainkan memiliki khasiat analgesik dan anti-inflamasi yang telah dipercaya turun-temurun. Berikut adalah panduan rinci pemanfaatan Kayu Putih untuk mengobati encok atau pegal linu, dengan menggabungkan kearifan tradisional dan prinsip keamanan pengobatan herbal.

### 1. Bagian Tanaman yang Digunakan
Bagian utama yang dimanfaatkan adalah **daun segar** beserta **ujung ranting muda**. Daun Kayu Putih mengandung minyak atsiri yang kaya akan senyawa aktif *1,8-cineole* (eucalyptol) dan *alfa-terpineol*. Senyawa inilah yang memberikan efek hangat (rubefacient), melancarkan peredaran darah setempat, serta membantu meredakan peradangan dan sinyal nyeri pada otot maupun sendi.

### 2. Langkah-langkah Persiapan dan Pembuatan
Untuk keluhan pegal linu, metode yang paling efektif dan aman adalah pembuatan **Minyak Gosok Infusi** (pemakaian luar). Metode ini mengekstrak khasiat daun ke dalam minyak pembawa sehingga mudah diserap kulit.

**Bahan-bahan:**
*   1 genggam daun Kayu Putih segar (sekitar 30–50 gram).
*   100 ml minyak kelapa murni (VCO) atau minyak zaitun sebagai minyak pembawa.
*   Panci kecil tahan panas (sebaiknya kaca atau stainless steel, hindari aluminium).
*   Kain saring bersih atau kain katun tipis.
*   Botol kaca gelap untuk penyimpanan.

**Proses Pembuatan:**
1.  **Pembersihan dan Pelayuan:** Cuci bersih daun dengan air mengalir, lalu tiriskan. Jemur di tempat teduh selama 1–2 jam hingga layu. Langkah ini penting untuk mengurangi kadar air pada daun agar minyak tidak mudah tengik, tanpa menguapkan minyak atsiri akibat sinar matahari langsung.
2.  **Penghancuran:** Remas-remas atau tumbuk perlahan daun yang sudah layu hingga memar. Cukup hingga sel-sel daun pecah; tidak perlu hingga menjadi pasta, agar minyak atsiri keluar namun ampas mudah disaring.
3.  **Infusi Panas:** Masukkan minyak pembawa ke dalam panci dengan api sangat kecil. Masukkan daun yang sudah diremas. Hangatkan campuran secara perlahan selama 20–30 menit. Jangan biarkan minyak mendidih atau merokok, karena suhu terlalu tinggi akan merusak senyawa aktif *cineol*. Aduk perlahan hingga aroma khas kayu putih tercium kuat dan warna minyak sedikit berubah.
4.  **Penyaringan:** Matikan api dan biarkan minyak hangat kuku. Saring menggunakan kain bersih, lalu peras ampas daun hingga sisa minyaknya keluar maksimal.
5.  **Penyimpanan:** Tuangkan minyak saringan ke dalam botol kaca gelap, tutup rapat, dan simpan di tempat sejuk terhindar dari cahaya matahari. Minyak ini dapat bertahan hingga 2–3 bulan jika tidak terkontaminasi air.

### 3. Cara Penggunaan dan Dosis
*   **Aplikasi:** Tuangkan 1–2 sendok teh minyak infusi ke telapak tangan, gosokkan hingga hangat, lalu oleskan pada area sendi atau otot yang nyeri.
*   **Teknik Pijat:** Lakukan pemijatan lembut dengan gerakan memutar selama 5–10 menit. Pijatan lembut membantu penyerapan sambil melancarkan sirkulasi darah. Hindari pijatan keras jika sendi sangat sensitif.
*   **Frekuensi:** Gunakan 2–3 kali sehari, terutama pada pagi hari saat bangun tidur dan malam hari sebelum istirahat.
*   **Catatan Khusus Encok:** Jika sendi sedang mengalami radang akut (terasa panas, merah, dan bengkak), oleskan minyak secara tipis tanpa dipijat kuat-kuat. Efek hangat membantu nyeri kronis, namun pada peradangan akut yang parah, kompres dingin kadang lebih diutamakan di fase awal.

### 4. Catatan Keamanan dan Kontraindikasi
Meskipun alami, penggunaan ramuan herbal tetap memerlukan kehati-hatian:
*   **Uji Sensitivitas:** Sebelum penggunaan pertama, lakukan uji tempel (*patch test*) dengan mengoleskan sedikit minyak pada kulit lengan dalam. Tunggu 24 jam; jika muncul kemerahan atau gatal, hentikan penggunaan.
*   **Luka Terbuka:** Jangan mengoleskan pada kulit yang lecet, luka terbuka, atau selaput lendir (mata, hidung) karena dapat menyebabkan iritasi hebat.
*   **Penggunaan Internal:** **Dilarang menelan** ramuan minyak ini. Konsumsi internal Kayu Putih tanpa takaran farmakologis ketat dapat bersifat toksik bagi sistem saraf dan pencernaan, serta memicu mual, muntah, atau gangguan hati.
*   **Ibu Hamil, Menyusui, dan Anak-anak:** Ibu hamil dan menyusui sebaiknya berkonsultasi dengan tenaga kesehatan sebelum menggunakan rutin. Untuk anak di bawah 5 tahun, hindari pengolesan di area dada dan hidung karena aroma kuat dapat memicu gangguan pernapasan.
*   **Sifat Simptomatik:** Ramuan ini berfungsi meredakan gejala nyeri (simptomatik). Jika Anda menderita encok akibat asam urat (gout), ramuan ini membantu meringankan nyeri namun tidak menurunkan kadar asam urat dalam darah. Tetap jalani pengobatan medis utama Anda.

Merawat tubuh dengan tanaman obat adalah bentuk keharmonisan yang membutuhkan kesabaran. Semoga ramuan sederhana ini dapat membawa kehangatan dan kelegaan bagi tubuh Anda. Jika nyeri berlanjut, jangan ragu untuk mencari bantuan medis profesional.","{""task"": ""preparation"", ""language"": ""id"", ""indication"": ""Encok /Pegal Linu""}",,
"Sebagai pakar etnobotani, jelaskan cara membuat ramuan dari Lengkuas untuk mengobati Nifas.","Untuk mengobati Nifas menggunakan Lengkuas:
Bahan:
- Lengkuas
  Nama ilmiah: Alpinia galanga L.
  Bagian: rimpang segar
  Dosis: 1 x 30 g rimpang muda/hari

Cara Pembuatan:
bahan dipotong-potong, direbus dengan 2 gelas air hingga menjadi 1 gelas, dinginkan, saring dan diminum sekaligus.","Berperanlah sebagai pakar etnobotani. Jelaskan secara rinci cara membuat ramuan dari Lengkuas untuk mengobati Nifas (masa pemulihan pasca-persalinan).

Konteks Tugas:
{""task"": ""preparation"", ""language"": ""id"", ""indication"": ""Nifas""}

Panduan Respons:
1. Identifikasi bagian Lengkuas yang digunakan dan metode persiapannya.
2. Uraikan langkah-langkah pembuatan ramuan secara sistematis.
3. Jelaskan cara penggunaan dan dosis yang umum dalam tradisi etnobotani.
4. Sertakan catatan keamanan atau kontraindikasi jika ada.

Pastikan penjelasan menggunakan bahasa Indonesia yang jelas, akurat, dan menghormati kearifan lokal.","Masa nifas adalah periode yang sangat istimewa dan rentan bagi seorang ibu. Dalam kearifan lokal, perawatan masa ini bertujuan untuk mengembalikan kebugaran, menghangatkan tubuh, dan membantu pemulihan organ reproduksi. Lengkuas (*Alpinia galanga*) sering dipercaya karena sifatnya yang menghangatkan dan melancarkan peredaran darah.

Berikut panduan rinci pemanfaatan lengkuas untuk perawatan nifas:

### 1. Bagian Tanaman dan Persiapan Awal
Bagian yang digunakan adalah **rimpang tua**. Ciri rimpang yang baik adalah yang berukuran besar, kulitnya berwarna cokelat kemerahan atau gelap, teksturnya keras dan padat, serta mengeluarkan aroma tajam khas saat dipotong (menandakan kandungan minyak atsiri yang tinggi).

Sebelum diolah, cuci bersih rimpang di bawah air mengalir. Sikat atau kupas tipis untuk menghilangkan sisa tanah dan kotoran pada celah-celah ruas.

### 2. Langkah-Langkah Pembuatan Ramuan
1. **Penyiapan Bahan:** Ambil sekitar 30-50 gram (2-3 ruas jari) rimpang lengkuas. Iris tipis-tipis atau memarkan (geprek) hingga pecah agar sari pati mudah keluar saat direbus.
2. **Bahan Tambahan (Opsional):** Dapat ditambahkan 1 batang serai dan 1 ruas jahe merah untuk meningkatkan efek hangat dan relaksasi.
3. **Perebusan:** Masukkan lengkuas ke dalam panci tanah liat atau stainless steel (hindari aluminium). Tambahkan 600 ml air bersih.
4. **Proses Masak:** Rebus dengan api sedang hingga mendidih, lalu kecilkan api. Biarkan mendidih perlahan hingga air tersisa sekitar 300 ml.
5. **Penyaringan:** Matikan api dan saring air rebusan menggunakan kain bersih atau saringan teh.
6. **Penyajian:** Tambahkan sedikit madu murni atau gula merah setelah air agak dingin agar khasiatnya tidak rusak. Ramuan siap diminum dalam keadaan hangat.

### 3. Cara Penggunaan dan Dosis Tradisional
* **Untuk Minum (Internal):** Dosis umum adalah 150 ml (setengah gelas), diminum 2 kali sehari (pagi setelah sarapan dan sore hari). Hindari minum saat perut kosong untuk mencegah iritasi lambung. Konsumsi tradisional biasanya dilakukan pada masa nifas awal (7-14 hari pertama).
* **Untuk Kompres atau Cuci (Eksternal):** Air rebusan yang didinginkan hingga suam-suam kuku dapat digunakan untuk membasuh area luar kelamin atau sebagai kompes hangat pada perut bawah untuk membantu mengurangi pegal dan nyeri kontraksi rahim.

### 4. Catatan Keamanan dan Kontraindikasi
Kehati-hatian tetap utama mengingat kondisi ibu nifas yang spesifik:
* **Konsultasi Medis:** Selalu konsultasikan dengan bidan atau dokter sebelum mengonsumsi ramuan herbal, terutama jika ada riwayat komplikasi persalinan.
* **Risiko Pendarahan:** Lengkuas melancarkan peredaran darah. Jika ibu mengalami pendarahan pasca-persalinan yang hebat, hindari konsumsi ramuan ini tanpa pengawasan medis karena dikhawatirkan dapat memperparah pendarahan.
* **Luka Operasi/Jahitan:** Bagi ibu bersalin caesar atau memiliki jahitan episiotomi yang belum kering sempurna, hindari mengompres langsung pada luka terbuka tanpa sterilisasi medis untuk mencegah infeksi. Konsumsi internal juga sebaiknya dikonsultasikan dahulu karena dapat memengaruhi penyembuhan luka.
* **Menyusui:** Perhatikan reaksi bayi. Beberapa bahan herbal dapat mengubah rasa ASI atau membuat bayi rewel dan kembung. Hentikan penggunaan jika bayi menunjukkan ketidaknyamanan.
* **Reaksi Alergi dan Iritasi:** Konsumsi berlebihan dapat menyebabkan rasa panas di lambung. Hentikan penggunaan segera jika muncul reaksi alergi seperti gatal, ruam, atau mual berlebihan.

Dengarkan selalu sinyal yang diberikan oleh tubuh, dan utamakan keseimbangan antara tradisi dengan anjuran kesehatan modern demi keselamatan Ibu dan buah hati.","{""task"": ""preparation"", ""language"": ""id"", ""indication"": ""Nifas""}",,
"Minangka ahli etnobotani, nerangake carane nggawe jampi saka tombol pepet kanggo nambani slimming.","Kanggo nambani slimming nggunakake kunci pepet:
Bahan:
- kunci pepet
  Jeneng ilmiah: Kaempferia angustifolia Rosc.
  Bagian: rhizome
  Dosis: 1 x 10 g rhizome / dina

Cara Nggawe:
Bahan-bahan kasebut dipun-iris tipis, digodhog dadi setengah karo banyu 2 gelas, adhem, dipun-saring lan diombe bebarengan.

Informasi Keamanan:
Larangan: meteng
Warning: tambah tekanan mripat","Minangka ahli etnobotani, sumangga nerangaken kanthi rinci lan teliti babagan caranipun nyiapaken jamu saking ""kunci pepet"" kangge ngirangi bobot badan (slimming). Pambiyantu kedah ngginakaken Basa Jawi Krama Inggil ingkang leres lan sopan.

Mangga tindakaken dhedhasar paramèter ingkang sampun dipuntemtokaken:
{""task"": ""preparation"", ""language"": ""jv"", ""jv_herb_name"": ""kunci pepet"", ""register"": ""Krama_Inggil""}

Wangsulan panjenengan kedah ngemot:
1. Pangertosan ringkes babagan khasiat ""kunci pepet"" (Curcuma zedoaria) ing konteks etnobotani.
2. Langkah-langkah sistematis lan jelas kangge nyiapaken jamu kasebut.
3. Cathetan penting babagan dosis utawi peringatan kaséhatan ingkang gegayutan.

Pastekaken bilih sadaya istilah teknis dipunjlentrehaken kanthi basa ingkang gampil dipunmangertosi nanging tetep ngajeni paugeran Basa Krama Inggil.","Sumangga, kula badhe ngaturaken katerangan kanthi rinci babagan tata cara nyiyapaken jamu saking kunci pepet (Curcuma zedoaria) kangge mbiyantu ngirangi bobot badan. Mugi-mugi pandhuan punika saged migunani lan dipuntindakaken kanthi temen.

**1. Pangertosan Babagan Khasiat Kunci Pepet**
Ing donyaning etnobotani, kunci pepet utawi *Curcuma zedoaria* menika kalebet jinis empon-empon ingkang gadhah sipat anget. Umbi punika ngandhut minyak atsiri lan kurkuminoid ingkang saged mbantu nglancaraken sistem pencernaan, ningkataken metabolisme raga, sarta mbiyantu ngedalaken toya ingkang kelangkung kathah (diuretik). Kanthi lancaripun metabolisme lan sistem pembuangan, pembakaran lemak saged kalampahan kanthi saé saha bobot badan sakedhik-sakedhik saged sudha kanthi alami.

**2. Langkah-Langkah Nyiyapaken Jamu Kunci Pepet**
Kangge pikantuk asil ingkang saé, sumangga tindakaken langkah-langkah kados makaten:

*   **Nyawisaken Bahan:** Pilih rimpang kunci pepet ingkang taksih seger, wernanipun kuning resik, lan boten busuk (kirang langkung 20-30 gram). Sedyani toya resik kirang langkung 500-600 ml, sarta madu utawi gula aren sakedhik minangka pamanis.
*   **Ngresiki lan Ngiris:** Resikaken umbi saking lemah ngginakaken toya ingkang mili. Sasampunipun resik, iris umbi menika tipis-tipis utawi dipunparut kasar supados sari-sari ingkang mangfaat saged medal kanthi gampil nalika dipungodhog.
*   **Panggodhogan:** Lebetaken irisan kunci pepet dhateng panci ingkang resik (dipunsaranaken ngginakaken panci lempung utawi stainless steel, ampun ngginakaken aluminium supados mboten wonten reaksi kimia). Godhog kanthi geni alit dumugi toya menika nyuda saking 500-600 ml dados kirang langkung 200 ml. Proses decoksi punika kagem mendhet zat aktif saking rimpang kanthi sampurna.
*   **Penyaringan lan Panyajian:** Saring toya godhogan ngginakaken kain kasa utawi saringan resik. Tambahaken madu utawi gula aren sakedhik nalika jamu taksih anget (boten mendidih) supados khasiatipun boten risak. Jamu sampun siyap dipununjuk nalika anget.

**3. Cathetan Penting Babagan Dosis lan Pepeling Kaséhatan**
Sanajan saking bahan alami, kehati-hatian tetep kedah dipunutamakaken:

*   **Dosis:** Cukup ngunjuk 1 gelas alit (kirang langkung 100-150 ml) sepisan sedinten, saged nalika enjang utawi sonten. Ampun ngunjuk kanthi kelangkung kathah amargi saged njalari weteng perih.
*   **Ibu Ngandhut lan Nyusoni:** Boten dipunsaranaken ngunjuk jamu punika amargi sipatipun ingkang anget saged mengaruhi kondisi janin lan produksi toya susu.
*   **Gangguan Lambung lan Ginjel:** Panjenengan ingkang gadhah riwayat maag, asam lambung sensitif, utawi gangguan ginjel kedah ngatos-atos. Sumangga ngunjuk sasampunipun dhahar. Menawi kaserang raos boten kepenak, enggal mandhegaken panggunaanipun.
*   **Interaksi Obat:** Menawi saweg ngunjuk obat saking dhokter (kados ta obat pengencer getih utawi diabetes), sumangga konsultasi rumiyin supados mboten wonten interaksi ingkang mboten saé.
*   **Polah Urip:** Jamu namung pambiyantu. Kangge asil ingkang optimal, kedah diimbangi kaliyan pola dhahar ingkang sehat lan olah raga ingkang teratur.

Mugi-mugi ikhtiar panjenengan saged kalampahan kanthi lancar lan raga tansah pinaringan kasarasan.","{""task"": ""preparation"", ""language"": ""jv"", ""jv_herb_name"": ""kunci pepet"", ""register"": ""Krama_Inggil""}",,
"As an ethnobotany expert, explain how to prepare Brotowali to treat Kudis.","To treat Kudis using Brotowali:
Ingredients:
- Brotowali
  Scientific name: Tinospora cripa Miers.
  Part: batang segar
  Dose: 2 x 2 jari batang segar/hari

Preparation:
bahan dihaluskan bersama minyak kelapa secukupnya. Oleskan pada bagian yang sakit.

Safety Information:
Side effects: gatal dan kemerahan","As an ethnobotany expert, explain how to prepare Brotowali (Tinospora crispa) to treat Kudis (scabies).

Please structure your response as follows:
1. **Identification**: Briefly confirm the botanical identity of Brotowali and the nature of Kudis.
2. **Preparation Method**: Provide step-by-step instructions on how to prepare the plant for this specific indication.
3. **Application**: Describe the correct method of application.
4. **Safety & Disclaimer**: Include necessary safety warnings and emphasize that this information is for educational purposes and not a substitute for professional medical advice.

Context Parameters:
{""task"": ""preparation"", ""language"": ""en"", ""indication"": ""Kudis""}","1. **Identification**
*Tinospora crispa*, commonly known as Brotowali, is a woody climbing vine characterized by its bitter taste and greenish-brown, warty stems. Kudis, or scabies, is a highly contagious skin infestation caused by the microscopic mite *Sarcoptes scabiei*. The mites burrow into the upper layer of the skin, causing intense itching and pimple-like eruptions. If left untreated, scratching can lead to serious secondary bacterial infections.

2. **Preparation Method**
There are two traditional methods for preparing Brotowali for this indication: a topical decoction for washing, and a concentrated paste for direct application. 

*Decoction Method:*
*   **Harvesting and Cleaning:** Select a mature stem segment, approximately 10 to 15 centimeters in length. Thoroughly wash the stem under running water, using a brush to remove soil and debris from the warty surface.
*   **Processing:** Slice the stem into smaller pieces, roughly 2 to 3 centimeters each. Lightly crushing or pounding the pieces helps release the active compounds.
*   **Boiling:** Place the stem pieces into a pot with 1 liter of clean water. Bring to a boil, then reduce the heat and simmer uncovered for 15 to 20 minutes. The liquid should reduce slightly and take on a yellowish-brown hue.
*   **Straining and Cooling:** Remove from heat and allow the liquid to cool to a lukewarm temperature. Strain through a clean cloth or sieve to remove all plant matter. The decoction must be used fresh on the same day.

*Paste Method:*
*   **Processing:** Take a segment of fresh stem (approximately two finger-lengths). Wash thoroughly, then crush or pound the stem using a mortar and pestle until it forms a coarse, moist paste. 
*   **Mixing:** Blend the crushed paste with a small amount of coconut oil to create a smooth consistency suitable for spreading.

3. **Application**
*   **Decoction Wash:** Gently wash the affected areas with the lukewarm decoction. Do not scrub vigorously, as broken skin increases the risk of infection. Pay close attention to areas where mites commonly burrow, such as between the fingers, wrists, and skin folds. This wash may be applied twice daily, morning and evening.
*   **Paste Application:** If using the paste, apply a thin, even layer directly onto the lesions and surrounding itchy areas. Leave it on the skin for 30 to 60 minutes, then rinse thoroughly with clean water. 
*   **Environmental Hygiene:** Treating the skin alone is insufficient. All clothing, bedding, and towels used by the affected individual must be washed in hot water and dried in direct sunlight or a hot dryer to kill remaining mites and prevent re-infestation.

4. **Safety & Disclaimer**
*   **Skin Sensitivity:** Before full application, perform a patch test on a small area of healthy skin. Discontinue use immediately if redness, burning, or increased itching occurs. Avoid applying the paste to deep, open sores or severely broken skin.
*   **Toxicity Warning:** *Tinospora crispa* contains alkaloids that can be toxic to the liver if ingested in large quantities. These preparations are for **external use only**. Do not consume the decoction or paste unless under the direct supervision of a qualified practitioner.
*   **Vulnerable Groups:** Extra caution is advised for children, pregnant women, and individuals with compromised immune systems. Professional guidance is strongly recommended before use.
*   **Medical Consultation:** Scabies is a stubborn infestation that often requires prescription acaricidal medications (such as permethrin or ivermectin) to fully eradicate the mites. This information is provided for educational purposes based on traditional ethnobotanical knowledge and is not a substitute for professional medical advice, diagnosis, or treatment. If symptoms persist, worsen, or show signs of infection (pus, excessive heat, swelling), seek immediate assistance from a healthcare provider.","{""task"": ""preparation"", ""language"": ""en"", ""indication"": ""Kudis""}",,
"As an ethnobotany expert, explain how to prepare Patah tulang to treat Sakit Gigi.","To treat Sakit Gigi using Patah tulang:
Ingredients:
- Patah tulang
  Scientific name: Euphorbia tirucalli L.
  Part: batang segar
  Dose: 1 x 1-3 tetes getah/hari

Preparation:
Patahkan batang, tampung getah 1-3 tetes pada kapas, sisipkan pada gigi yang sakit .

Safety Information:
Contraindications: jangan ditelan
Warnings: jangan kena mata karena menyebabkan erosi hingga kebutaan
Side effects: iritasi pada mukosa dan/atau kulit","As an ethnobotany expert, provide a detailed explanation on how to prepare Patah tulang (Euphorbia hirta) to treat Sakit Gigi (toothache). Adhere strictly to the following parameters:

{""task"": ""preparation"", ""language"": ""en"", ""indication"": ""Sakit Gigi""}

Ensure your response covers:
1. Identification of the plant parts used.
2. Step-by-step preparation instructions.
3. Method of application for the indicated condition.
4. Relevant safety precautions or traditional dosage notes.","**1. Identification of Plant Parts Used**
The plant specified is *Patah tulang*, scientifically classified here as *Euphorbia hirta* (often known globally as asthma plant or garden spurge). It is a small, hairy, erect herb with opposite, oblong to lance-shaped leaves and stems that may exhibit a reddish tint. A critical identifying feature is the milky white latex that exudes when the plant is broken. For treating *Sakit Gigi* (toothache), the **fresh aerial parts—specifically the leaves and tender stems**—are utilized. It is vital to ensure correct identification, as other *Euphorbia* species vary significantly in toxicity, and the plant must be harvested from areas free of pesticides or industrial pollutants.

**2. Step-by-Step Preparation Instructions**
Because the raw latex of *Euphorbia* species can be highly irritating to mucous membranes, preparing a diluted decoction for a mouth rinse is generally safer than using the plant raw.

*For a Mouth Rinse (Decoction):*
1. **Harvest & Clean:** Take approximately 10 to 15 grams of fresh leaves and tender stems. Rinse thoroughly under clean, running water to remove soil and debris.
2. **Chop:** Cut the plant material into small pieces. Avoid crushing it into a paste, as this releases excessive latex into the water.
3. **Simmer:** Place the chopped material in a pot with 2 cups (about 500 ml) of clean water. Bring to a boil, then reduce the heat and simmer gently for 10 to 15 minutes. The liquid will reduce slightly and take on a pale yellow or greenish hue.
4. **Strain & Cool:** Remove from heat and strain the liquid through a clean cloth or fine sieve to remove all plant particles. Allow the decoction to cool to a lukewarm or room temperature.

*For Direct Application (Poultice):*
If a localized application is preferred, take 3 to 5 fresh, cleaned leaves and gently bruise or crush them using a mortar and pestle or between clean fingers to release their juices, forming a small mass.

**3. Method of Application**
* **Rinse Method:** Before full use, test a small drop of the cooled liquid on the inner lip to check for any immediate burning or allergic reaction. If tolerated, take a small sip, swish it gently around the mouth—focusing on the aching tooth and surrounding gums—for 30 to 60 seconds. Spit the liquid out completely; **do not swallow**. This may be repeated 2 to 3 times a day.
* **Poultice Method:** Place the bruised leaf mass directly against the affected tooth or gum. Leave it in place for 5 to 10 minutes, then remove the plant material and rinse the mouth thoroughly with clean water. **Do not swallow** the sap or the plant material.

**4. Relevant Safety Precautions and Traditional Dosage Notes**
Extreme caution is required when using any *Euphorbia* species due to the potent compounds present in their latex.
* **Latex Irritation:** The milky sap can cause severe irritation to mucous membranes and skin. Crucially, avoid any contact with the eyes, as Euphorbia latex can cause severe corneal erosion or even blindness. If you experience burning, swelling, or increased pain in the mouth, discontinue use immediately and rinse with plenty of clean water.
* **Ingestion Hazard:** These preparations are strictly for topical oral use. Swallowing the latex, plant material, or concentrated decoction can lead to gastrointestinal distress, nausea, or more severe toxicity affecting the kidneys.
* **Contraindications:** Do not use this remedy if you are pregnant or breastfeeding, or on children, due to the risk of toxicity and accidental swallowing. Individuals with pre-existing kidney conditions should also avoid it.
* **Duration and Medical Limitation:** Do not use this remedy for more than one day. A toothache frequently signals an underlying issue such as an abscess, deep decay, or nerve damage. This preparation only temporarily manages pain and inflammation; it does not cure the underlying infection. If pain persists for more than 24 hours, or if it is accompanied by fever or significant jaw swelling, seek professional dental intervention immediately to prevent systemic infection.","{""task"": ""preparation"", ""language"": ""en"", ""indication"": ""Sakit Gigi""}",,
"Sebagai pakar etnobotani, jelaskan cara membuat ramuan dari Minyak Kelapa untuk mengobati Kulit Kering Bersisik.","Untuk mengobati Kulit Kering Bersisik menggunakan Minyak Kelapa:
Bahan:
- Minyak Kelapa
  Nama ilmiah: Cocos nucifera L.
  Bagian: daging buah
  Dosis: 1 butir kelapa tua

Cara Pembuatan:
bahan diparut, ditambahkan 4 gelas air, diperas, saring lalu dimasak sampai menjadi minyak, selanjutnya dioleskan pada bagian yang sakit.","Bertindaklah sebagai pakar etnobotani. Tugas Anda adalah menjelaskan secara rinci cara mempersiapkan ramuan dari Minyak Kelapa untuk mengobati kondisi ""Kulit Kering Bersisik"".

Harap ikuti langkah-langkah berikut dalam respons Anda:
1. **Identifikasi Bahan**: Sebutkan bahan-bahan alami tambahan (jika ada) yang umum digunakan dalam etnobotani untuk meningkatkan khasiat minyak kelapa bagi kulit kering bersisik.
2. **Proses Preparasi**: Jelaskan langkah demi langkah cara membuat ramuan tersebut, termasuk metode ekstraksi, pencampuran, dan pemanasan jika diperlukan.
3. **Cara Penggunaan**: Berikan instruksi jelas tentang cara mengaplikasikan ramuan ini pada kulit yang terkena.
4. **Catatan Keamanan**: Sertakan peringatan atau kontraindikasi yang relevan.

Konteks tugas:
{""task"": ""preparation"", ""language"": ""id"", ""indication"": ""Kulit Kering Bersisik""}","Merawat kulit yang kering dan bersisik memerlukan kesabaran dan pendekatan yang lembut, seolah-olah kita sedang memulihkan keseimbangan alam pada tubuh Anda. Minyak kelapa, yang telah lama menjadi andalan dalam tradisi perawatan kulit di Nusantara, memiliki kemampuan luar biasa untuk menembus lapisan kulit dan memberikan kelembapan mendalam. Namun, untuk kondisi kulit yang sangat kering hingga bersisik, kita dapat memperkuat khasiatnya dengan memadukannya bersama bahan-bahan alami lain yang bersifat emolien dan regeneratif.

Berikut adalah panduan lengkap untuk mempersiapkan ramuan tradisional ini:

### 1. Identifikasi Bahan
Untuk meningkatkan efektivitas minyak kelapa murni (*Virgin Coconut Oil* atau VCO) dalam mengatasi kulit kering bersisik, kita akan menambahkan dua bahan alami yang umum ditemukan dalam praktik etnobotani lokal:

*   **Minyak Kelapa Murni (VCO):** Sebagai basis utama. Pilihlah yang diproses secara dingin (*cold-pressed*) untuk mempertahankan asam laurat dan antioksidan alaminya yang berfungsi sebagai antibakteri dan pelembap intensif.
*   **Getah Lidah Buaya (Aloe Vera):** Dikenal karena kemampuannya menenangkan peradangan dan memberikan hidrasi tanpa rasa berminyak yang berlebihan. Getah segarnya membantu mengelupas sel kulit mati secara halus saat digosokkan.
*   **Minyak Biji Bunga Matahari atau Minyak Zaitun (Opsional):** Jika kulit terasa sangat kencang, penambahan sedikit minyak ini dapat meningkatkan kandungan asam linoleat yang membantu memperbaiki penghalang kulit (*skin barrier*). Namun, untuk kesederhanaan dan kemurnian tradisi, kita akan fokus pada kombinasi VCO dan Lidah Buaya.

### 2. Proses Preparasi
Pembuatan ramuan ini tidak memerlukan alat yang rumit, namun memerlukan ketelitian dalam menjaga suhu agar nutrisi tanaman tidak rusak.

1.  **Persiapan Lidah Buaya:**
    *   Ambil satu batang lidah buaya yang tua dan dagingnya tebal. Cuci bersih hingga lendir di bagian luar kulit hilang.
    *   Kupas kulit hijau dengan hati-hati menggunakan pisau keramik atau stainless steel (hindari besi yang mudah berkarat).
    *   Kerok daging beningnya (fillet) dan masukkan ke dalam mangkuk kaca.
    *   Hancurkan daging lidah buaya tersebut menggunakan garpu atau blender hingga menjadi gel halus. Jika memungkinkan, saring sedikit untuk membuang serat kasar yang mungkin mengiritasi kulit yang sedang sensitif, meskipun tekstur sedikit berserat bisa membantu eksfoliasi ringan.

2.  **Pencairan Minyak Kelapa:**
    *   Jika minyak kelapa Anda berbentuk padat, ambil sekitar 4 sendok makan dan letakkan dalam wadah tahan panas.
    *   Panaskan dengan metode *au bain-marie* (tim). Letakkan wadah minyak di atas panci berisi air mendidih dengan api kecil. Jangan pernah memanaskan minyak kelapa langsung di atas api atau dalam microwave, karena suhu tinggi dapat merusak struktur asam lemaknya. Cukup hangatkan hingga mencair sepenuhnya.

3.  **Pencampuran:**
    *   Setelah minyak kelapa mencair dan suhunya turun menjadi hangat kuku (bukan panas), tuangkan perlahan ke dalam gel lidah buaya yang telah disiapkan. Perbandingannya adalah 2 bagian minyak kelapa untuk 1 bagian gel lidah buaya.
    *   Aduk campuran tersebut secara perlahan namun konsisten selama 2-3 menit menggunakan sendok kayu atau kaca hingga terbentuk emulsi yang homogen (menyatu sempurna).
    *   Diamkan ramuan hingga mencapai suhu ruang. Teksturnya akan berubah menjadi sedikit lebih kental dan berwarna putih susu kekuningan.

4.  **Penyimpanan:**
    *   Pindahkan ramuan ke dalam toples kaca steril yang tertutup rapat. Simpan di tempat sejuk dan terhindar dari sinar matahari langsung. Ramuan ini terbaik digunakan dalam waktu 1-2 minggu karena tidak mengandung pengawet buatan.

### 3. Cara Penggunaan
Pengaplikasian yang tepat sangat menentukan keberhasilan perawatan ini. Lakukan ritual ini dengan penuh kesadaran untuk hasil terbaik:

*   **Waktu Terbaik:** Gunakan segera setelah mandi air hangat, saat pori-pori kulit masih terbuka dan kulit dalam kondisi setengah lembap. Malam hari sebelum tidur juga merupakan waktu yang ideal untuk regenerasi.
*   **Aplikasi:**
    1.  Ambil sejumlah ramuan secukupnya (sekitar ukuran koin) dan hangatkan di telapak tangan Anda selama beberapa detik hingga meleleh.
    2.  Oleskan pada area kulit yang kering dan bersisik dengan gerakan memutar yang lembut. Jangan menggosok terlalu keras; biarkan tekstur gel lidah buaya bekerja secara alami mengangkat sisik kulit mati.
    3.  Pijat perlahan selama 3-5 menit hingga minyak meresap sepenuhnya. Fokuskan pada area yang paling kasar seperti siku, lutut, atau tumit.
    4.  Biarkan ramuan menyerap selama minimal 20 menit. Jika digunakan malam hari, Anda bisa membiarkannya semalaman. Jika terasa terlalu berminyak setelah 30 menit, Anda dapat mengelap kelebihannya dengan kain katun hangat yang lembap.
*   **Frekuensi:** Lakukan perawatan ini 2 kali sehari (pagi dan malam) hingga tekstur kulit membaik dan sisik-sisik hilang. Setelah itu, kurangi frekuensinya menjadi 2-3 kali seminggu untuk perawatan.

### 4. Catatan Keamanan
Meskipun bahan-bahan ini alami dan umumnya aman, ada beberapa hal penting yang perlu diperhatikan demi keselamatan Anda:

*   **Uji Tempel (Patch Test):** Sebelum mengaplikasikan ke area luas, oleskan sedikit ramuan di bagian belakang telinga atau lipatan siku bagian dalam. Tunggu 24 jam. Jika muncul kemerahan, gatal, atau iritasi, hentikan penggunaan segera.
*   **Kondisi Kulit Terbuka:** Jika kulit kering Anda hingga retak-retak (fisura) yang berdarah atau terluka, hindari penggunaan lidah buaya segar langsung karena dapat menimbulkan rasa perih. Dalam kondisi ini, gunakan minyak kelapa murni saja sampai luka tertutup.
*   **Jerawat:** Bagi pemilik kulit yang rentan berjerawat di area tubuh (seperti punggung), gunakan dengan hati-hati. Minyak kelapa bersifat komedogenik (dapat menyumbat pori) pada sebagian orang. Jika muncul jerawat, hentikan penggunaan atau kurangi takaran minyak kelapanya.
*   **Kebersihan:** Karena ramuan ini tidak mengandung pengawet, pastikan selalu mengambil produk dari toples menggunakan alat yang bersih dan kering untuk mencegah pertumbuhan bakteri atau jamur di dalam wadah.

Semoga ramuan sederhana ini membawa kenyamanan dan mengembalikan kehalusan alami kulit Anda. Ingatlah bahwa kesabaran adalah kunci dalam penyembuhan alami; biarkan alam bekerja perlahan namun pasti.","{""task"": ""preparation"", ""language"": ""id"", ""indication"": ""Kulit Kering Bersisik""}",,
"Sebagai pakar etnobotani, jelaskan cara membuat ramuan dari Bawang Putih untuk mengobati Gangguan Penimbunan Lemak.","Untuk mengobati Gangguan Penimbunan Lemak menggunakan Bawang Putih:
Bahan:
- Bawang Putih
  Nama ilmiah: Allium sativum  Linn.
  Bagian: umbi lapis
  Dosis: 2 x 1 siung/hari

Cara Pembuatan:
bahan tanpa kulit dikunyah lalu dimakan.

Informasi Keamanan:
Larangan: alergi
Peringatan: meningkatkan resiko pendarahan pascaoperasi, kehamilan dan menyusui.
Efek samping: tukak lambung.","Berperanlah sebagai pakar etnobotani. Tugas Anda adalah menjelaskan secara rinci cara mempersiapkan ramuan dari Bawang Putih untuk mengatasi Gangguan Penimbunan Lemak.

Harap ikuti struktur berikut dalam respons Anda:
1. **Pendahuluan**: Jelaskan singkat konteks etnobotani penggunaan bawang putih untuk kondisi ini.
2. **Bahan dan Alat**: Daftar bahan dan peralatan yang diperlukan.
3. **Langkah Pembuatan**: Uraikan proses pembuatan ramuan secara langkah demi langkah.
4. **Cara Penggunaan**: Jelaskan dosis dan metode konsumsi yang umum.
5. **Peringatan Keamanan**: Sertakan catatan penting mengenai efek samping atau kontraindikasi.

Konteks Tugas:
{""task"": ""preparation"", ""language"": ""id"", ""indication"": ""Gangguan Penimbunan Lemak""}","1. **Pendahuluan**
Dalam tradisi etnobotani Nusantara, bawang putih (*Allium sativum*) telah lama dihargai tidak hanya sebagai bumbu dapur, melainkan juga sebagai agen pendukung kesehatan metabolik dan pelancar sirkulasi darah. Secara ilmiah, efektivitas bawang putih dalam konteks gangguan penimbunan lemak (seperti dislipidemia) terletak pada senyawa sulfur organiknya, terutama alisin. Senyawa ini berpotensi memodulasi profil lipid dan menghambat sintesis kolesterol di hati. Penting untuk dipahami bahwa penggunaan bawang putih bersifat komplementer—bukan pengganti terapi medis standar—dan harus menjadi bagian dari pendekatan holistik yang konsisten.

2. **Bahan dan Alat**
**Bahan:**
*   2-3 siung bawang putih lokal segar (pilih yang padat, kulit kering, dan tidak bertunas).
*   1 sendok makan madu murni (berfungsi sebagai pelarut alami dan pelindung lambung).
*   150 ml air hangat suam-suam kuku (suhu sekitar 40-50°C; hindari air mendidih agar enzim tidak rusak).
*   Perasan lemon (opsional, untuk menambah antioksidan dan menyeimbangkan rasa).

**Alat:**
*   Pisau stainless steel atau ulekan keramik (hindari logam reaktif jika memungkinkan).
*   Gelas kaca atau wadah kecil.
*   Sendok pengaduk.

3. **Langkah Pembuatan**
Proses ini dirancang untuk memaksimalkan pembentukan alisin, yang hanya terbentuk ketika jaringan bawang putih rusak:
1.  **Persiapan:** Kupas kulit bawang putih hingga bersih, cuci sebentar, dan keringkan.
2.  **Aktivasi Enzim:** Memarkan, iris tipis, atau tumbuk kasar bawang putih hingga hancur. Langkah ini mempertemukan enzim *alliinase* dengan senyawa *alliin*.
3.  **Waktu Tunggu (Krusial):** Diamkan bawang putih yang telah dihancurkan selama **10 hingga 15 menit** pada suhu ruang sebelum dicampur dengan bahan lain. Jeda ini mutlak diperlukan agar reaksi pembentukan alisin berlangsung optimal.
4.  **Pencampuran:** Masukkan bawang putih ke dalam gelas kaca. Tambahkan madu murni dan air hangat, lalu aduk rata. Masukkan perasan lemon jika diinginkan. Ramuan sebaiknya dikonsumsi segera untuk mencegah oksidasi senyawa aktif.

4. **Cara Penggunaan**
*   **Dosis:** Konsumsi setara 1 hingga 2 siung bawang putih per hari.
*   **Waktu:** Pagi hari sekitar 30 menit sebelum sarapan untuk penyerapan optimal. Bagi individu dengan lambung sensitif, konsumsilah setelah makan.
*   **Siklus:** Lakukan secara rutin selama 2 hingga 4 minggu, lalu istirahatkan 1 minggu. Jeda ini bertujuan mencegah iritasi lambung kumulatif dan mengevaluasi respons tubuh.
*   **Pendamping:** Ramuan ini baru menunjukkan hasil optimal jika diimbangi dengan pengaturan pola makan rendah lemak jenuh dan aktivitas fisik yang teratur.

5. **Peringatan Keamanan**
Meskipun alami, bawang putih memiliki efek farmakologis yang kuat dan memerlukan kehati-hatian:
*   **Interaksi Obat:** Bawang putih bersifat antiplatelet (mengencerkan darah). Wajib berkonsultasi dengan dokter jika Anda mengonsumsi obat pengencer darah (seperti warfarin atau aspirin), obat hipertensi, atau obat diabetes, karena dapat memperkuat efek obat tersebut.
*   **Gangguan Pencernaan:** Konsumsi bawang putih mentah dapat memicu iritasi lambung, mulas, atau refluks asam (GERD) pada individu sensitif. Hentikan penggunaan jika timbul nyeri ulu hati.
*   **Tindakan Medis:** Hentikan konsumsi minimal 2 minggu sebelum jadwal operasi atau prosedur gigi untuk mengurangi risiko perdarahan berlebih.
*   **Kondisi Khusus:** Tidak disarankan untuk ibu hamil dan menyusui dalam dosis terapeutik tanpa pengawasan medis. Gangguan penimbunan lemak dapat menjadi indikator kondisi medis serius, sehingga diagnosis dan pengawasan profesional kesehatan tetap menjadi prioritas utama.","{""task"": ""preparation"", ""language"": ""id"", ""indication"": ""Gangguan Penimbunan Lemak""}",,
"Sebagai pakar etnobotani, jelaskan cara membuat ramuan dari Sambiloto untuk mengobati Mencret.","Untuk mengobati Mencret menggunakan Sambiloto:
Bahan:
- Sambiloto
  Nama ilmiah: Andrographis paniculata (Burm. f) Nees
  Bagian: herba
  Dosis: 2x10 g herba/hari

Cara Pembuatan:
bahan direbus dengan 3 gelas air sampai menjadi 1 gelas, dinginkan, saring, bagi menjadi 2 bagian.

Informasi Keamanan:
Larangan: kehamilan, menyusui, alergi, anak
Peringatan: air perasan dapat menimbulkan bengkak pada mata.
Efek samping: alergi, pernah dilaporkan timbul urtikaria setelah minum rebusan sambiloto.","Sebagai pakar etnobotani, jelaskan secara rinci cara menyiapkan ramuan dari tanaman Sambiloto (Andrographis paniculata) untuk mengobati mencret (diare akut). Pastikan penjelasan mencakup langkah-langkah persiapan, dosis yang disarankan, dan metode konsumsi.

Konteks Tambahan:
{""task"": ""preparation"", ""language"": ""id"", ""indication"": ""Mencret""}","Sambiloto (*Andrographis paniculata*) memang telah lama menjadi andalan dalam tradisi pengobatan Nusantara untuk mengatasi gangguan pencernaan, termasuk mencret atau diare akut. Khasiat utamanya berasal dari senyawa andrografolid yang bersifat antimikroba dan anti-inflamasi, namun penggunaannya memerlukan ketelitian agar efektif tanpa menimbulkan efek samping yang tidak diinginkan. Berikut adalah panduan praktis dan aman dalam menyiapkan ramuan ini.

**Pemilihan dan Persiapan Bahan**
Kunci efektivitas ramuan terletak pada kualitas bahan baku. Gunakan daun sambiloto yang sudah tua namun masih berwarna hijau segar, hindari daun yang menguning atau berjamur. Untuk satu kali proses pembuatan obat (cukup untuk konsumsi 1-2 hari), siapkan:
*   7 hingga 10 lembar daun sambiloto segar (atau setara dengan 3-5 gram daun kering).
*   2 gelas air bersih (sekitar 400-500 ml).
*   Sedikit madu atau garam (opsional, untuk menyeimbangkan rasa yang sangat pahit dan mengganti elektrolit).

Cuci daun hingga bersih di bawah air mengalir untuk menghilangkan debu atau residu tanah. Jangan merebus daun dalam keadaan kotor karena dapat memperparah iritasi usus.

**Metode Perebusan**
Metode ekstraksi yang paling tepat untuk kasus diare adalah perebusan (dekok), bukan sekadar penyeduhan, untuk memastikan senyawa aktif tersari maksimal.
1.  Masukkan daun sambiloto yang telah dicuci ke dalam panci keramik, kaca, atau *stainless steel* (hindari panci aluminium atau besi yang dapat bereaksi dengan senyawa tanaman).
2.  Tuangkan air bersih sebanyak 2 gelas.
3.  Rebus dengan api sedang hingga air mendidih.
4.  Setelah mendidih, kecilkan api dan biarkan mendidih perlahan selama 10–15 menit hingga air berkurang menjadi sekitar 1 gelas (konsentrasi meningkat).
5.  Matikan api, saring air rebusan ke dalam wadah bersih untuk memisahkan ampas daun. Biarkan hingga hangat kuku sebelum dikonsumsi.

**Dosis dan Cara Konsumsi**
Mengingat sifat sambiloto yang sangat dingin dan pahit, serta potensi iritasi lambung jika berlebihan, disiplin dosis sangat krusial.
*   **Dosis Dewasa:** Minum 1/2 gelas (sekitar 100-125 ml) air rebusan, 2 kali sehari (pagi dan sore) setelah makan. Jangan melebihi takaran ini karena dosis tinggi dapat menyebabkan mual, pusing, atau penurunan tekanan darah.
*   **Durasi:** Konsumsi hanya selama 2-3 hari berturut-turut. Jika gejala diare tidak membaik dalam 24 jam pertama atau justru memburuk (demam tinggi, tinja berdarah, dehidrasi parah), segera hentikan penggunaan dan cari pertolongan medis profesional.
*   **Cara Minum:** Teguk perlahan saat kondisi hangat. Rasa pahit yang menyengat adalah hal yang wajar; Anda boleh menambahkan sedikit madu jika perlu, namun hindari gula pasir berlebihan karena gula dapat memicu fermentasi di usus yang memperparah diare.

**Peringatan Penting**
Ramuan ini tidak disarankan untuk ibu hamil, ibu menyusui, atau individu dengan riwayat tekanan darah rendah (hipotensi) tanpa pengawasan ahli. Selain itu, sambiloto bersifat menyerap cairan; pastikan Anda tetap minum banyak air putih atau larutan oralit di sela-sela konsumsi ramuan untuk mencegah dehidrasi, yang merupakan risiko utama dari diare akut. Penggunaan herbal ini adalah langkah pertolongan pertama berbasis alam, bukan pengganti penanganan medis darurat jika kondisi pasien kritis.","{""task"": ""preparation"", ""language"": ""id"", ""indication"": ""Mencret""}",,
"Sebagai pakar etnobotani, jelaskan cara membuat ramuan dari Mengkudu untuk mengobati Encok /Pegal Linu.","Untuk mengobati Encok /Pegal Linu menggunakan Mengkudu:
Bahan:
- Mengkudu
  Nama ilmiah: Morinda citrifolia (L)
  Bagian: buah segar
  Dosis: 2 x 2-3 buah (100 ml)/hari

Cara Pembuatan:
buah yang sudah menguning tapi belum menjadi lembut dihaluskan, peras, saring, dan diminum sekaligus.

Informasi Keamanan:
Larangan: kehamilan, menyusui, anak, kadar kalium darah yg tinggi, alergi
Peringatan: gangguan lambung karena berasa asam, obat antidiabetes dan obat penurun tekanan darah. buang air kecil dapat berwarna merah muda sampai merah kecoklatan.
Efek samping: mengantuk, mual, muntah, alergi, peningkatan kadar kalium darah.","Berperanlah sebagai pakar etnobotani. Jelaskan secara rinci cara menyiapkan dan membuat ramuan dari buah Mengkudu untuk mengobati Encok atau Pegal Linu.

Konteks Tugas:
{""task"": ""preparation"", ""language"": ""id"", ""indication"": ""Encok /Pegal Linu""}

Pastikan penjelasan Anda mencakup:
1. Bahan-bahan yang dibutuhkan.
2. Langkah-langkah pembuatan secara urut.
3. Cara penggunaan ramuan tersebut.
4. Catatan keamanan atau efek samping yang perlu diperhatikan.","Mengatasi encok atau pegal linu dengan buah Mengkudu (*Morinda citrifolia*) adalah warisan pengetahuan leluhur yang telah terbukti manfaatnya secara turun-temurun. Buah ini mengandung senyawa aktif seperti skopoletin dan proxeronine yang dikenal memiliki sifat anti-inflamasi (anti-peradangan) dan analgesik (pereda nyeri) alami. Namun, sebagai bentuk kehati-hatian, pengobatan herbal memerlukan ketelitian dalam persiapan dan kesadaran penuh akan kondisi tubuh masing-masing individu.

Berikut adalah panduan lengkap menyiapkan ramuan Mengkudu untuk meredakan nyeri sendi:

### 1. Bahan-bahan yang Dibutuhkan
Untuk mendapatkan khasiat maksimal dengan rasa yang lebih dapat diterima, siapkan bahan-bahan berikut:
*   **1 buah Mengkudu matang:** Pilih buah yang sudah berwarna putih kekuningan, agak lunak saat ditekan, namun tidak busuk atau berlendir berlebihan.
*   **1 sendok makan madu murni:** Berfungsi sebagai pemanis alami dan juga memiliki sifat anti-inflamasi tambahan.
*   **Air perasan jeruk nipis atau jahe (opsional):** Setengah sendok teh air jeruk nipis atau parutan jahe dapat membantu menyamarkan aroma tajam Mengkudu dan menambah efek hangat untuk melancarkan peredaran darah.
*   **200 ml air matang hangat:** Untuk melarutkan sari buah.

### 2. Langkah-langkah Pembuatan
Ikuti urutan berikut dengan teliti untuk menjaga kebersihan dan kualitas ramuan:

1.  **Pencucian:** Cuci bersih buah Mengkudu di bawah air mengalir. Gosok permukaannya secara lembut untuk menghilangkan debu atau kotoran yang menempel. Keringkan dengan kain bersih.
2.  **Ekstraksi Sari Buah:**
    *   Potong buah Mengkudu menjadi beberapa bagian.
    *   Anda dapat menghaluskannya menggunakan blender tanpa tambahan air, lalu peras daging buah yang telah halus menggunakan kain saring bersih atau kain kasa steril untuk mengambil sarinya.
    *   Alternatif tradisional: Parut buah Mengkudu, lalu peras parutan tersebut dengan kuat menggunakan kain saring hingga keluar semua air sarinya.
3.  **Pencampuran:** Tuangkan sekitar 30-50 ml sari buah Mengkudu murni ke dalam gelas. Tambahkan madu murni dan air perasan jeruk nipis atau air jahe jika diinginkan.
4.  **Pengenceran:** Tambahkan air matang hangat secukupnya (sekitar 150 ml) dan aduk hingga rata. Ramuan siap dikonsumsi segera setelah dibuat agar kandungan nutrisinya tidak berkurang akibat oksidasi.

### 3. Cara Penggunaan
*   **Dosis:** Minum ramuan ini sebanyak 1 kali sehari, sebaiknya pada pagi hari setelah makan atau malam hari sebelum tidur.
*   **Durasi:** Untuk hasil yang optimal dalam meredakan nyeri akut, konsumsi secara rutin selama 5 hingga 7 hari. Jika digunakan untuk pencegahan atau kondisi kronis, dapat dikonsumsi 2-3 kali seminggu dengan jeda hari.
*   **Pendamping:** Selama masa pengobatan, perbanyak minum air putih dan hindari makanan pemicu asam urat tinggi (seperti jeroan atau daging merah berlebih) untuk memaksimalkan efek penyembuhan.

### 4. Catatan Keamanan dan Efek Samping
Meskipun alami, ramuan ini memiliki potensi efek samping yang perlu diwaspadai:

*   **Gangguan Pencernaan:** Sari buah Mengkudu murni bersifat sangat asam dan dapat menyebabkan iritasi lambung, mual, atau diare pada sebagian orang. Pastikan selalu mengencerkannya dengan air dan jangan pernah meminumnya dalam keadaan perut kosong.
*   **Kandungan Kalium:** Mengkudu kaya akan kalium. Penderita penyakit ginjal kronis atau mereka yang sedang menjalani diet rendah kalium **dilarang** mengonsumsi ramuan ini tanpa konsultasi dokter, karena dapat membebani kerja ginjal.
*   **Interaksi Obat:** Jika Anda sedang mengonsumsi obat pengencer darah (seperti warfarin) atau obat tekanan darah, konsultasikan dahulu dengan tenaga medis. Senyawa dalam Mengkudu dapat berinteraksi dengan obat-obatan tersebut.
*   **Reaksi Alergi:** Hentikan penggunaan segera jika muncul ruam kulit, gatal-gatal, atau sesak napas setelah mengonsumsi ramuan ini.
*   **Kehamilan dan Menyusui:** Tidak disarankan bagi ibu hamil atau menyusui untuk mengonsumsi ramuan ini karena belum adanya data keamanan yang cukup mengenai pengaruhnya terhadap janin atau bayi.

Pengobatan herbal adalah proses yang membutuhkan kesabaran. Jika nyeri sendi tidak berkurang setelah seminggu, atau justru semakin parah disertai pembengkakan hebat dan demam, segeralah mencari pertolongan medis profesional. Semoga ramuan ini membawa kelegaan bagi tubuh Anda.","{""task"": ""preparation"", ""language"": ""id"", ""indication"": ""Encok /Pegal Linu""}",,
"Sebagai pakar etnobotani, jelaskan cara membuat ramuan dari Temu Hitam untuk mengobati Nifas.","Untuk mengobati Nifas menggunakan Temu Hitam:
Bahan:
- Temu Hitam
  Nama ilmiah: Curcuma aeruginosa Roxb.
  Bagian: rimpang segar
  Dosis: 1 x 2 jari rimpang /hari, selama 3 hari

Cara Pembuatan:
bahan dihaluskan,diseduh dengan 1 cangkir air mendidih, diamkan, saring, dinginkan dan diminum sekaligus.","Berperanlah sebagai pakar etnobotani. Jelaskan secara rinci cara mempersiapkan ramuan dari Temu Hitam (Curcuma aeruginosa) untuk pengobatan Nifas (masa pemulihan pasca-persalinan).

Konteks Tugas:
{""task"": ""preparation"", ""language"": ""id"", ""indication"": ""Nifas""}

Instruksi spesifik:
1. Definisikan singkat apa itu Temu Hitam dan relevansinya dalam konteks Nifas.
2. Uraikan langkah-langkah pembuatan ramuan secara sistematis (bahan, takaran, metode pengolahan).
3. Sertakan catatan keamanan atau kontraindikasi jika ada.
4. Pastikan penjelasan menggunakan bahasa Indonesia yang jelas, akurat, dan mudah dipahami.","**Temu Hitam (*Curcuma aeruginosa*) untuk Pemulihan Masa Nifas**

Temu Hitam adalah rimpang khas Nusantara yang dapat dikenali dari daging bagian dalamnya yang berwarna biru kehitaman. Dalam tradisi perawatan pasca-persalinan, herbal ini dihargai karena sifatnya yang menghangatkan, membantu membersihkan sisa darah lahir (lochia), mendukung involusi uterus (pengecilan rahim), serta mengurangi peradangan dan mengembalikan stamina ibu. Namun, karena kondisi tubuh ibu nifas sangat sensitif, penggunaannya harus dilakukan dengan penuh kehati-hatian.

Berikut adalah panduan sistematis untuk mempersiapkan ramuan ini dengan tetap mengutamakan keamanan:

### Bahan dan Takaran
Untuk satu kali konsumsi, siapkan bahan-bahan berikut:
*   **Rimpang Temu Hitam segar:** 10–15 gram (sekitar 1–2 ruas jari). Pastikan rimpang masih keras, tidak busuk, dan berwarna khas di dalamnya.
*   **Air bersih:** 400–500 ml (sekitar 2 gelas).
*   **Bahan pendamping (opsional):** 1 ruas kecil jahe merah untuk menambah efek hangat, atau sedikit gula aren/madu untuk menetralkan rasa pahit dan menambah energi (hindari gula aren jika ibu memiliki riwayat gula darah tinggi).

### Metode Pengolahan
1.  **Pencucian:** Cuci rimpang di bawah air mengalir dan sikat perlahan untuk menghilangkan tanah. Jangan kupas kulitnya habis karena banyak zat aktif terdapat di dekat kulit, namun pastikan benar-benar bersih.
2.  **Pengirisan:** Iris tipis-tipis atau memarkan (geprek) rimpang agar sari pati keluar maksimal saat direbus.
3.  **Perebusan:** Masukkan bahan ke dalam panci tanah liat, kaca, atau *stainless steel* (hindari aluminium untuk menjaga kemurnian zat herbal). Tuangkan air bersih.
4.  **Pemanasan:** Rebus dengan api sedang hingga mendidih, lalu kecilkan api. Biarkan mendidih perlahan selama 10–15 menit hingga air menyusut menjadi sekitar 1 gelas (200–250 ml).
5.  **Penyaringan:** Matikan api dan saring air rebusan ke dalam gelas bersih.
6.  **Penyajian:** Minum ramuan dalam keadaan hangat kuku. Jangan menunggu hingga dingin.

### Aturan Pakai
Ramuan ini cukup diminum 1 kali sehari, sebaiknya pada pagi atau sore hari setelah makan (hindari perut kosong jika ibu memiliki riwayat maag). Penggunaan tradisional umumnya dilakukan pada 1–2 minggu pertama masa nifas. Tidak disarankan konsumsi berlebihan atau jangka panjang tanpa jeda.

### Catatan Keamanan dan Kontraindikasi
Keselamatan ibu dan bayi adalah prioritas utama. Harap perhatikan hal-hal berikut dengan serius:

*   **Konsultasi Medis:** Selalu konsultasikan dengan bidan atau dokter sebelum mengonsumsi herbal, terutama jika persalinan melalui operasi Caesar atau ada komplikasi medis.
*   **Risiko Pendarahan:** Hentikan penggunaan segera jika terjadi pendarahan pasca-persalinan yang deras (hemoragi), karena sifat pelancar darahnya dikhawatirkan memperburuk kondisi.
*   **Menyusui (ASI):** Senyawa dalam Temu Hitam dapat tersalurkan melalui ASI. Perhatikan reaksi bayi; jika muncul gelisah, ruam, atau diare, hentikan konsumsi.
*   **Riwayat Kesehatan:** Ibu dengan gangguan hati, pembekuan darah, atau alergi tanaman suku Zingiberaceae (jahe-jahean) sebaiknya menghindari ramuan ini.
*   **Interaksi Obat:** Jika mengonsumsi obat medis (seperti pengencer darah atau antibiotik), jarakkan minum herbal minimal 2 jam atau konsultasi dokter untuk menghindari interaksi.
*   **Identifikasi & Kebersihan:** Pastikan tanaman yang digunakan benar-benar spesies *Curcuma aeruginosa* untuk menghindari kesalahan identifikasi, dan pastikan semua alat masak dalam kondisi higienis.

Ramuan tradisional merupakan pendamping yang menenangkan, bukan pengganti perawatan medis profesional. Jika muncul tanda bahaya seperti demam tinggi, nyeri tak tertahankan, atau bau tidak sedap pada darah nifas, segera cari bantuan tenaga kesehatan. Semoga proses pemulihan berjalan dengan lancar dan penuh keberkahan.","{""task"": ""preparation"", ""language"": ""id"", ""indication"": ""Nifas""}",,
"Sebagai pakar etnobotani, jelaskan cara membuat ramuan dari Sirih untuk mengobati Sakit Tenggorokan.","Untuk mengobati Sakit Tenggorokan menggunakan Sirih:
Bahan:
- Sirih
  Nama ilmiah: Piper bettle L
  Bagian: daun segar
  Dosis: 3 x 2 daun/hari

Cara Pembuatan:
bahan dihaluskan, tambah air mendidih1/2 cangkir, diamkan sampai hangat, saring dan kumur-kumur selama 1 menit.

Informasi Keamanan:
Peringatan: jumlah berlebihan mempengaruhi kesehatan gusi, email gigi dan mulut.
Efek samping: merangsang mukosa mulut dan rasa baal","Berperanlah sebagai pakar etnobotani. Tugas Anda adalah menjelaskan secara rinci cara menyiapkan ramuan tradisional dari daun Sirih untuk mengobati Sakit Tenggorokan.

Harap pastikan penjelasan Anda mencakup:
1. Bahan-bahan yang diperlukan.
2. Langkah-langkah pembuatan yang jelas dan terurut.
3. Cara penggunaan yang tepat.
4. Catatan keamanan atau peringatan penting jika ada.

Konteks Tugas:
{""task"": ""preparation"", ""language"": ""id"", ""indication"": ""Sakit Tenggorokan""}

Gunakan bahasa Indonesia yang formal, akurat, dan mudah dipahami.","Daun sirih (*Piper betle*) telah lama menjadi bagian tak terpisahkan dari warisan pengobatan tradisional di Nusantara, khususnya untuk meredakan gangguan pada saluran pernapasan atas seperti sakit tenggorokan. Kandungan minyak atsiri, terutama eugenol dan kavikol, serta senyawa fenolik di dalamnya, memiliki sifat antiseptik dan antiinflamasi yang efektif untuk menenangkan jaringan tenggorokan yang meradang. Berikut adalah panduan lengkap dalam menyiapkan ramuan ini dengan metode yang paling umum dan aman dilakukan di rumah, yaitu melalui proses perebusan untuk dijadikan obat kumur.

### 1. Bahan-bahan yang Diperlukan

Untuk menyiapkan satu kali takaran pemakaian (atau cukup untuk penggunaan sepanjang hari), Anda memerlukan:
*   **Daun Sirih Segar:** 3 hingga 5 lembar. Pilihlah daun yang berwarna hijau tua, tampak segar, tidak layu, dan bebas dari bercak hitam atau kerusakan akibat hama. Sirih hijau (*Sirih Ijo*) biasanya lebih dipilih untuk keperluan ini dibandingkan sirih merah.
*   **Air Bersih:** Sebanyak 2 gelas (sekitar 400–500 ml). Gunakan air minum yang layak atau air matang.
*   **Garam Dapur (Opsional):** ½ sendok teh. Penambahan garam dapat membantu meningkatkan efek osmotik untuk mengurangi pembengkakan dan membersihkan lendir.
*   **Madu Murni (Opsional):** 1 sendok makan. Ditambahkan setelah ramuan dingin jika ingin memberi efek melegakan tambahan dan memperbaiki rasa, namun ini tidak wajib untuk efektivitas utama sebagai antiseptik.

### 2. Langkah-langkah Pembuatan

Proses ekstraksi senyawa aktif dalam daun sirih memerlukan panas yang terkontrol. Ikuti langkah berikut secara berurutan:

1.  **Pencucian Daun:** Cuci bersih lembar daun sirih di bawah air mengalir. Gosok perlahan permukaan daun untuk menghilangkan debu atau kotoran yang menempel. Pastikan tidak ada sisa tanah pada tangkainya.
2.  **Persiapan Rebusan:** Masukkan daun sirih yang telah dicuci ke dalam panci (sebaiknya berbahan stainless steel, kaca, atau tanah liat; hindari aluminium jika memungkinkan). Tuangkan 2 gelas air bersih ke dalam panci tersebut.
3.  **Proses Perebusan:** Nyalakan api sedang. Didihkan air bersama daun sirih. Setelah air mencapai titik didih dan muncul gelembung besar, kecilkan api menjadi rendah. Tutup panci sebagian dan biarkan mendidih perlahan selama 10 hingga 15 menit. Proses ini bertujuan agar sari pati dan minyak atsiri keluar sempurna ke dalam air. Air akan berubah warna menjadi agak kekuningan atau kecokelatan muda dan mengeluarkan aroma khas yang tajam.
4.  **Penyaringan:** Matikan api. Biarkan ramuan dingin sejenak selama 5–10 menit hingga uap panasnya berkurang. Saring air rebusan menggunakan saringan kain bersih atau saringan teh untuk memisahkan ampas daun. Buang ampas daunnya.
5.  **Penambahan Pelengkap (Jika Ada):** Jika Anda memilih untuk menambahkan garam, larutkan saat air masih hangat. Jika ingin menambahkan madu, tunggu hingga air rebusan menjadi hangat kuku (tidak panas) agar enzim dan khasiat madu tidak rusak akibat suhu tinggi.

### 3. Cara Penggunaan yang Tepat

Ramuan ini diformulasikan khusus untuk penggunaan eksternal pada rongga mulut dan tenggorokan (obat kumur/gargle), bukan untuk ditelan dalam jumlah banyak.

*   **Suhu Penggunaan:** Gunakan ramuan dalam kondisi hangat kuku. Suhu yang terlalu panas dapat melukai jaringan tenggorokan yang sedang radang, sedangkan suhu yang terlalu dingin kurang efektif dalam melarutkan lendir.
*   **Teknik Berkumur:** Ambil sekitar 3–4 sendok makan air rebusan ke dalam mulut. Tengadahkan kepala sedikit ke belakang agar air mencapai bagian pangkal tenggorokan. Kumur-kumurkan selama 30–60 detik, fokuskan getaran suara ""ggggurrr"" di tenggorokan agar cairan menyentuh seluruh area yang sakit.
*   **Pembuangan:** Setelah berkumur, **buang (ludahkan)** airnya. Jangan menelan air rebusan ini karena konsentrasi senyawa aktifnya cukup tinggi dan dapat menyebabkan iritasi lambung jika tertelan secara rutin.
*   **Frekuensi:** Lakukan prosedur ini 3 hingga 4 kali sehari, terutama setelah makan dan sebelum tidur, hingga gejala sakit tenggorokan mereda.

### 4. Catatan Keamanan dan Peringatan Penting

Meskipun daun sirih adalah bahan alami, kehati-hatian tetap diperlukan demi keselamatan Anda:

*   **Dilarang Menelan:** Seperti disebutkan sebelumnya, air rebusan pekat ini ditujukan hanya untuk kumur. Menelannya dapat memicu mual, muntah, atau iritasi pada dinding lambung.
*   **Uji Sensitivitas:** Bagi individu yang baru pertama kali menggunakan ramuan ini, lakukan uji coba dengan berkumur dalam jumlah kecil terlebih dahulu. Jika timbul rasa gatal berlebih, sesak napas, atau pembengkakan pada bibir dan lidah, segera hentikan penggunaan. Ini bisa mengindikasikan reaksi alergi terhadap minyak atsiri dalam sirih.
*   **Kondisi Khusus:** Ibu hamil dan menyusui disarankan untuk berkonsultasi dengan tenaga kesehatan sebelum menggunakan obat herbal apa pun, meskipun secara topikal (kumur), risikonya rendah.
*   **Durasi Penggunaan:** Gunakan ramuan ini maksimal selama 5–7 hari. Jika sakit tenggorokan tidak membaik, disertai demam tinggi, sulit menelan secara ekstrem, atau muncul bercak putih yang tidak hilang, segera hentikan pengobatan mandiri dan hubungi dokter. Gejala tersebut mungkin menandakan infeksi bakteri yang memerlukan penanganan medis lebih lanjut.
*   **Kebersihan Alat:** Pastikan panci dan wadah penyimpanan bersih untuk mencegah kontaminasi bakteri baru pada ramuan. Sisa air rebusan sebaiknya tidak disimpan lebih dari 24 jam di suhu ruang; jika ingin disimpan, letakkan dalam wadah tertutup di lemari pendingin dan hangatkan kembali sebelum dipakai.

Semoga panduan ini membantu Anda mempersiapkan ramuan dengan tepat dan lekas mendapatkan kesembuhan.","{""task"": ""preparation"", ""language"": ""id"", ""indication"": ""Sakit Tenggorokan""}",,
"Sebagai pakar etnobotani, jelaskan cara membuat ramuan dari Bengle untuk mengobati Sakit Kepala Tujuh Keliling.","Untuk mengobati Sakit Kepala Tujuh Keliling menggunakan Bengle:
Bahan:
- Bengle
  Nama ilmiah: Zingiber purpureum Roxb
  Bagian: rimpang segar
  Dosis: 2 x 5 g rimpang/hari

Cara Pembuatan:
Bahan dihaluskan, tambahkan sedikit air sampai menjadi adonan seperti bubur, dipakai di pelipis dan biarkan sampai kering.","Bertindaklah sebagai pakar etnobotani. Jelaskan secara rinci cara membuat ramuan dari Bengle (Zingiber officinale var. amarum) untuk mengobati Sakit Kepala Tujuh Keliling.

Konteks Tugas:
{""task"": ""preparation"", ""language"": ""id"", ""indication"": ""Sakit Kepala Tujuh Keliling""}

Panduan Respons:
1. **Identifikasi Bahan**: Sebutkan bagian spesifik dari tanaman Bengle yang digunakan dan bahan pendukung lainnya jika ada.
2. **Proses Pembuatan**: Uraikan langkah-langkah pembuatan ramuan secara sistematis (mulai dari pembersihan, pengolahan, hingga penyajian).
3. **Aturan Pakai**: Jelaskan dosis, frekuensi, dan metode konsumsi yang disarankan dalam tradisi etnobotani.
4. **Catatan Keamanan**: Sertakan peringatan atau kontraindikasi yang relevan.

Pastikan penjelasan menggunakan bahasa Indonesia yang jelas, akurat, dan menghormati kearifan lokal.","Berikut adalah panduan penyiapan ramuan Bengle (*Zingiber officinale var. amarum*) untuk meredakan Sakit Kepala Tujuh Keliling, menggabungkan kearifan tradisi etnobotani dengan kaidah keamanan modern.

### 1. Identifikasi Bahan
Pilih rimpang Bengle segar yang sudah tua (sekitar 10-12 bulan), ditandai dengan kulit sedikit keriput, serat yang kasar, serta aroma yang tajam dan pedas khas varietas *amarum*. 
* **Rimpang Bengle**: 2 ruas jari orang dewasa (sekitar 15–20 gram).
* **Air Bersih**: 2 gelas (sekitar 400 ml).
* **Gula Aren atau Madu Murni**: Secukupnya (opsional, untuk menetralkan rasa getir dan menambah efek hangat).
* **Sejumput Garam Laut**: Opsional, sebagai penyeimbang elektrolit dan penegas rasa.

### 2. Proses Pembuatan
Dalam tradisi lokal, Bengle untuk sakit kepala dapat diolah menjadi rebusan oral maupun boreh (ramuan topikal).

**Metode Rebusan (Oral):**
1. **Pembersihan**: Cuci rimpang di bawah air mengalir. Kerok tipis bagian kulit yang kotor menggunakan sendok atau pisau tumpul tanpa mengupasnya habis, karena minyak atsiri penting terletak tepat di bawah kulit.
2. **Pengolahan**: Memarkan (geprek) rimpang hingga seratnya pecah. Metode ini lebih disarankan karena melepaskan minyak atsiri secara maksimal tanpa membuat air rebusan terlalu keruh.
3. **Perebusan**: Masukkan rimpang ke dalam panci tanah liat atau stainless steel (hindari aluminium). Tuangkan 2 gelas air, nyalakan api sedang hingga mendidih, lalu kecilkan api dan biarkan mendidih perlahan (*simmer*) selama 10–15 menit. Jangan merebus terlalu lama agar komponen volatil tidak menguap habis.
4. **Penyajian**: Matikan api, saring ke dalam gelas. Masukkan gula aren/madu dan garam saat air masih hangat kuku agar larut sempurna tanpa merusak enzim pada madu.

**Metode Boreh (Topikal):**
1. Haluskan 5 gram rimpang Bengle segar.
2. Tambahkan sedikit air hingga membentuk adonan seperti bubur/krim.
3. Oleskan adonan secara merata pada pelipis dan biarkan hingga kering.

### 3. Aturan Pakai
* **Rebusan Oral**: Minum 1 gelas (200 ml) dalam keadaan hangat, 2 kali sehari (pagi setelah makan dan sore hari). Hindari konsumsi pada malam hari menjelang tidur karena efek hangatnya dapat mengganggu istirahat. Setelah minum, beristirahatlah di ruangan tenang dengan pencahayaan redup dan tidak terpapar angin langsung, lalu selimuti tubuh tipis untuk memicu keluarnya keringat ringan. Durasi penggunaan maksimal 3 hari berturut-turut.
* **Boreh Topikal**: Oleskan pada pelipis 2 kali sehari (pagi dan sore), atau saat serangan sakit kepala dirasa sangat kuat.

### 4. Catatan Keamanan
* **Gangguan Lambung**: Bengle bersifat sangat pedas dan hangat. Penderita maag akut, GERD, atau tukak lambung yang sedang kambuh harus berhati-hati; konsumsi rebusan harus dilakukan setelah makan, bukan saat perut kosong, untuk menghindari iritasi.
* **Interaksi Obat**: Jika sedang mengonsumsi obat pengencer darah atau obat hipertensi, beri jeda minimal 2 jam atau konsultasikan dengan tenaga medis, karena kandungan Zingiberaceae dapat berinteraksi dengan obat-obatan tersebut.
* **Kehamilan & Menyusui**: Ibu hamil disarankan berkonsultasi dengan tenaga kesehatan sebelum menggunakan ramuan ini, karena efek pemanasan tubuh yang kuat pada rimpang tertentu dipercaya dapat mempengaruhi sirkulasi panggul dalam tradisi lokal.
* **Tanda Bahaya Medis**: Sakit Kepala Tujuh Keliling dalam konteks tradisional sering dikaitkan dengan masuk angin atau kelelahan. Namun, jika sakit kepala disertai demam tinggi, kaku kuduk, pandangan kabur, atau muntah proyektil, segera hentikan penggunaan ramuan dan cari pertolongan medis profesional untuk menyingkirkan kondisi serius seperti hipertensi krisis atau gangguan neurologis.","{""task"": ""preparation"", ""language"": ""id"", ""indication"": ""Sakit Kepala Tujuh Keliling""}",,
"Minangka ahli etnobotani, nerangake carane nggawe jampi saka Tempuyung kanggo nambani watu kemih.","Kanggo nambani watu kemih nggunakake Tempuyung:
Bahan:
- Tempuyung
  Jeneng Ilmiah: Sonchus arvensis L
  Bagian: godhong
  Dosis: 2x 15 godhong / dina

Cara Nggawe:
Bahan-bahan kasebut digodhog nganggo banyu 2 gelas nganti suda setengah, dipun-saring, diombe nalika anget.

Informasi Keamanan:
Larangan: ati, kelainan ginjel, meteng.","Minangka ahli etnobotani, sumangga nerangaken kanthi rinci lan sistematis caranipun nggawe jampi saking godhong Tempuyung kangge nambani penyakit watu kemih (kalkulus urinarius). Mugi-mugi andharan panjenengan ngrembakani langkah-langkah ingkang cetha, wiwit saking persiapan bahan, proses pengolahan, dosis ingkang dipun anjuraken, dumugi cara panganggenipun. 

Wonten ing andharan menika, mangga tetep ginakaken Basa Jawa Krama Inggil supados trep kaliyan unggah-ungguh basa ingkang luhur.

Data Tugas:
{""task"": ""preparation"", ""language"": ""jv"", ""jv_herb_name"": ""Tempuyung"", ""register"": ""Krama_Inggil""}","Assalamu'alaikum Wr. Wb.

Mugi-mugi panjenengan tansah pinaringan kasarasan. Sumangga, kula badhe ngaturaken pitedah kanthi temenen babagan tata cara ngolah godhong Tempuyung (*Sonchus arvensis*) kangge nambani penyakit watu kemih utawi kalkulus urinarius. Tanduran menika sampun lami dipunwarisaken dening leluhur saha dipunpitados gadhah khasiat ngluruhaken kristal kalsium ing saluran kemih.

Kangge ngasilaken jampi ingkang manjur lan aman, sumangga dipunmanahaken langkah-langkah ing ngandhap menika:

**1. Persiapan Bahan lan Piranti**
*   **Godhong Tempuyung:** Mendhet godhong ingkang taksih seger, enem, lan boten kenang ama. Saenipun dipunpetik nalika enjang dinten nalika embun taksih wonten, amargi kandhutan zat aktifipun taksih optimal. Cacahipun kirang langkung 7 ngantos 10 lembar kangge sakali nggodhog.
*   **Toya Resik:** Siapaken toya resik utawi toya mateng kirang langkung 2 ngantos 3 gelas (500-600 ml).
*   **Piranti:** Ginakaken panci saking tanah liat utawi *stainless steel*. Hindaraken ngginakaken panci aluminium supados boten wonten reaksi kimia kaliyan zat aktif tanduran kasebat. Sediaaken ugi saringan ingkang resik.

**2. Proses Pengolahan**
*   **Ngumbah:** Kumbah godhong Tempuyung kanthi teliti ngginakaken toya mili supados lebu utawi serangga alit ical. Menawi perlu, rendhem sakedhik ngginakaken toya uyah, lajeng bilas malih.
*   **Ngerajang:** Rajang godhong wau kanthi kasar supados sari-sarinipun saged medal kanthi maksimal nalika dipungodhog.
*   **Nggodhog:** Lebetaken godhong wonten ing panci, tuangaken toya 2-3 gelas wau. Godhog ngangge geni ingkang alit kemawon ngantos mendidih lan toya menyusut dados kirang langkung 1 gelas (200 ml). Geni ingkang ageng saged ngrisak kandhutan zat ingkang wigati.
*   **Nyaring:** Menawi warninipun sampun owah dados coklat enom utawi kehijauan peteng, mateni geni. Saring toya godhogan kasebat ngginakaken saringan utawi kain resik. Ampasipun saged dipunbuang.

**3. Dosis lan Cara Panganggenipun**
*   **Aturan Unjuk:** Sari jampi menika saenipun dipununjuk nalika taksih anget-anget hangget. Dosis ingkang dipunanjuraken inggih punika kaping kalih sedinten, inggih punika enjang dinten sasampunipun sarapan lan sonten dinten saderengipun tilem.
*   **Konsistensi:** Lampahi kanthi rutin lan tertib selami 7 ngantos 14 dinten. Proses peluruhan watu mbetahaken wekdal, saéngga panjenengan kedah sabar lan boten ngarepaken asil ingkang instan.

**4. Pitedah Tambahan lan Pepeling Keamanan**
*   **Ngunjuk Toya Putih:** Perbanyak ngunjuk toya putih (minimal 2 liter sedinten) kangge mbantu ngumbah saluran kemih lan medalaken watu alit.
*   **Pantangan:** Nyuda konsumsi panganan ingkang kathah uyah, oksalat (kados bayem), utawi protein hewani ingkang kelebetan supados watu boten mindhak ageng.
*   **Peringatan:** Jampi menika boten dipunanjuraken kangge panjenengan ingkang gadhah kelainan ati, gangguan ginjel ingkang parah, utawi panjenengan ingkang saweg meteng. Menawi sakitipun tambah awrat, wonten demam, utawi toya seni katingal mawi getih, sumangga seger-segera konsultasi dhumateng tenaga medis. Jampi tradisional menika minangka ikhtiar pendamping, nanging pangawasan medis tetep wigati kangge kaselamatan panjenengan.

Mugi-mugi pitedah menika saged paring mupangat lan panjenengan saged enggal waras saking gerah menika. Wassalamu'alaikum Wr. Wb.","{""task"": ""preparation"", ""language"": ""jv"", ""jv_herb_name"": ""Tempuyung"", ""register"": ""Krama_Inggil""}",,
"Minangka ahli etnobotani, nerangake carane nggawe jampi saka Sambiloto kanggo nambani asam urat/rematik.","Kanggo nambani asam urat/rematik nggunakake Sambiloto:
Bahan:
- Sambiloto
  Jeneng ilmiah: Andrographis paniculata (Burm. f) Nees
  Bagian: jamu seger
  Dosis: 15 godhong / dina

Cara Nggawe:
Bahan-bahan kasebut diseduh nganggo 1 gelas banyu sing nggodhok, ditinggalake, dipun-saring lan diombe.

Informasi Keamanan:
Larangan: meteng, nyusoni, alergi, bocah
Pènget: ati-ati ing pasien sing diobati karo pengencer getih
Efek samping: dosis gedhe nyebabake raos ora nyaman ing weteng, mual, muntah, mundhut napsu saged uga amarga raos pait, alergi.","Minangka ahli etnobotani, tugas sampeyan yaiku nerangake kanthi rinci lan trep carane nyiapake jampi tradhisional saka tanduran Sambiloto kanggo ngatasi penyakit asam urat utawa rematik.

Mangga tindakake pandhuan ing ngisor iki:
1. **Basa lan Gaya**: Gunakake Basa Jawa Krama Inggil sing sopan, alus, lan resmi sakabehane.
2. **Isi Penjelasan**: Jelaskan langkah-langkah persiapan wiwit saka milih bahan, ngresiki, ngolah (kayadene godhog utawa tumbuk), nganti cara ngombe lan dosis sing dianjurake.
3. **Konteks Ilmiah**: Selingana kanthi katrangan singkat babagan sifat farmakologis Sambiloto sing relevan karo penyembuhan asam urat/rematik miturut pandangan etnobotani.

Data tugas lan parameter:
{""task"": ""preparation"", ""language"": ""jv"", ""jv_herb_name"": ""Sambiloto"", ""register"": ""Krama_Inggil""}","Sugeng siang. Mugi-mugi panjenengan tansah pinaringan kasarasan lan kawilujengan.

Kagem ngatasi panyakit asam urat utawi rematik, tanduran Sambiloto (*Andrographis paniculata*) sampun dangu dipunginakaken minangka jampi tradhisional ingkang mujarab. Saking kacamatan etnobotani lan farmakologi, Sambiloto nggadhahi kandhungan senyawa aktif ingkang dipunwastani *andrographolide*. Senyawa punika nggadhahi sifat *anti-inflamasi* (anti-peradangan) lan *analgesik* (nyuda rasa sakit) ingkang kuat. Ing kasus asam urat utawi rematik, peradangan wonten ing sendhi nyebabake rasa nyeri lan bengkak. Kandhungan menika mbiyantu menekan produksi zat penyebab peradangan, nyuda pembengkakan, sarta mbiyantu ginjel ngeluarake kelebihan asam urat saking awak. Mula, raos pait ingkang khas saking Sambiloto punika sejatosipun tandha bilih zat khasiatipun taksih jangkep.

Kagem nyiapaken jampi menika, sumangga dipunlampahi kanthi titi lan premati kados pandhuan ing ngandhap menika:

**1. Pamilihan Bahan Ingkang Saé**
Langkah ingkang kapisan inggih punika milih godhong Sambiloto ingkang taksih seger, warninipun ijo peteng, lan mboten kenang hama. Godhong ingkang sampun sepuh nanging taksih ijo nggadhahi raos langkung pait, ingkang nuduhake bilih kadar zat aktifipun sampun jangkep. Menawi saged, padosi tanduran ingkang dereng nggadhahi kembang amargi kadar zat aktifipun langkung optimal wonten ing ron (godhong). Pastikaken njupuk saking sumber ingkang terpercaya lan bebas saking semprotan zat kimia.

**2. Proses Pambresihan**
Godhong Sambiloto ingkang sampun dipunpetik kedah dipunresikaken kanthi seksama. Bilas ngginakaken toya ingkang mili supados lebu utawi regedan ical. Menawi perlu, godhong saged dipunrendhem sekedhap wonten toya ingkang dipuncampuri uyah sakedhik, lajeng dipunbilas malih dumugi resik. Sasampunipun reresik, tirisken wonten wadhah ingkang resik supados toyanipun netes.

**3. Cara Ngolah (Godhog)**
Kangge ngasilaken sari pati ingkang optimal, metode nggodhog punika ingkang paling dipunanjuraken.
*   Siapaken kirang langkung 10 dumugi 15 lembar godhong Sambiloto seger (utawi 3 dumugi 5 gram menawi ngginakaken ingkang garing).
*   Lebetaken wonten panci ingkang resik (langkung sae panci lempung utawi *stainless steel*, nyuwun mboten ngginakaken aluminium supados mboten wonten reaksi kimia ingkang ngrusak zat aktifipun).
*   Tambahan toya resik kirang langkung 2 dumugi 3 gelas (400-600 ml).
*   Godhog kanthi geni ingkang alit supados mendidih kanthi tenang. Terusaken nggodhog dumugi toyanipun nyuda lan sasisa kirang langkung 1 gelas (200 ml). Toya godhogan badhe owah warni dados kuning semu ijo peteng kanthi aroma khas ingkang pait.
*   Sasampunipun mateng, saring toya kasebut supados ampasipun ical.

**4. Aturan Nginum lan Dosis**
Jampi menika sae dipununjuk nalika taksih suam-suam kuku.
*   **Wektu:** Kaping kalih ing sedinten, inggih punika esuk lan sore, langkung sae sasampunipun dhahar supados lambung mboten krasa gerah amargi raos paitipun.
*   **Dosis:** Setunggal gelas alit (100-200 ml) saben kali nginum.
*   **Konsistensi:** Kangge asil ingkang maksimal, lakoni kanthi rutin minimal 1 dumugi 2 minggu. Menawi raos paitipun kirang saged ditampi, panjenengan saged nambahaken sekedhik madu murni sasampunipun jampi dingin supados khasiat madu mboten rusak amargi panas.

**5. Pepeling Keamanan**
Sanajan jampi tradhisional punika alami, tetep kedah dipunmanah kanthi wicaksana. Amargi Sambiloto nggadhahi sifat ingkang ""adem"", mboten dipunanjuraken ngunjuk kanthi kaluwihan dhateng panjenengan ingkang gadhah riwayat panyakit lambung. Jampi menika ugi mboten cocok kangge panjenengan ingkang saweg ngandhut, nyusoni, utawi panjenengan ingkang nembe ngunjuk obat pengencer getih. Menawi gerah asam urat utawi rematik dirasa memberat utawi wonten tandha-tanda ingkang boten biasa ing raga, langkung prayogi konsultasiaken rumiyin kaliyan tenaga medis profesional.

Mugi-mugi kanthi ikhtiar lan kesabaran menika, panyakit panjenengan saged suda lan saged aktivitas malih kanthi sekeca. Pangestu dhumateng panjenengan.","{""task"": ""preparation"", ""language"": ""jv"", ""jv_herb_name"": ""Sambiloto"", ""register"": ""Krama_Inggil""}",,
"As an ethnobotany expert, explain how to prepare Lempuyang Wangi to treat Masuk Angin.","To treat Masuk Angin using Lempuyang Wangi:
Ingredients:
- Lempuyang Wangi
  Scientific name: Zingiber aromaticum Valeton & Van Zijp.
  Part: rimpang segar
  Dose: 2 x 1 ibu jari/hari

Preparation:
bahan dimemarkan, rebus dengan 2 gelas air sampai menjadi 1 gelas, dibagi menjadi 2 bagian.","As an ethnobotany expert, provide a detailed explanation on how to prepare Lempuyang Wangi (a traditional Javanese medicinal plant, scientifically known as Zingiber aromaticum) to treat Masuk Angin (a culturally specific Indonesian syndrome characterized by symptoms such as bloating, dizziness, and fatigue believed to be caused by wind entering the body). 

Please structure your response to include:
1. A brief overview of the plant and the condition.
2. Step-by-step instructions for the preparation method.
3. Any relevant safety precautions or dosage considerations.

User Task Configuration:
{""task"": ""preparation"", ""language"": ""en"", ""indication"": ""Masuk Angin""}","### 1. Overview of Lempuyang Wangi and Masuk Angin

**Lempuyang Wangi (*Zingiber aromaticum*)**
Lempuyang Wangi is a perennial herbaceous plant in the Zingiberaceae (ginger) family, native to Southeast Asia. It is distinguished from common ginger by its potent, pleasant aroma and distinctly bitter, pungent taste. The medicinal value resides primarily in the rhizome (underground stem), which contains essential oils, flavonoids, and terpenoids. These compounds impart carminative (gas-expelling), anti-inflammatory, and digestive-stimulant properties. In Javanese traditional medicine (*Jamu*), it is classified as a ""warm"" herb, making it ideal for conditions associated with internal coldness or stagnation.

**Masuk Angin**
""Masuk Angin"" literally translates to ""wind entering the body."" It is a culturally specific Indonesian syndrome describing a cluster of symptoms—such as abdominal bloating, flatulence, dizziness, nausea, body aches, and fatigue—attributed to exposure to cold wind, sudden temperature changes, or exhaustion. While not a specific clinical diagnosis in Western biomedicine, these symptoms align with mild digestive disturbances, viral prodromes, or stress-related fatigue. The traditional therapeutic goal is to restore internal warmth, expel trapped gas, and improve circulation.

### 2. Preparation Instructions for Lempuyang Wangi Decoction

The following method describes the preparation of a traditional decoction (*rebusan*), which effectively extracts the active compounds while moderating the rhizome's intense bitterness.

**Ingredients:**
*   10–15 grams of fresh Lempuyang Wangi rhizome (approximately one thumb-sized piece).
*   2 cups (400–500 ml) of clean drinking water.
*   Optional: 1 tablespoon of palm sugar (*gula Jawa*) or honey to mitigate bitterness.
*   Optional: A slice of common ginger (*Jahe*) or a stalk of bruised lemongrass (*sereh*) to enhance the warming and aromatic effects.

**Equipment:**
*   Clay pot, stainless steel pot, or glass vessel (avoid aluminum or reactive metals).
*   Knife and cutting board (or mortar and pestle).
*   Strainer.

**Procedure:**

1.  **Cleaning:** Thoroughly wash the rhizome under running water, using a brush to remove soil from the crevices. Do not peel the skin unless it is visibly damaged, as many active compounds reside near the surface.
2.  **Bruising or Slicing:** Slice the rhizome thinly (2-3 mm) or crush it lightly with the flat side of a knife or a mortar. Bruising the cell walls helps release the essential oils more effectively.
3.  **Boiling:** Place the prepared rhizome (and optional ginger/lemongrass) into the pot with the water. Bring to a boil over medium heat.
4.  **Simmering:** Once boiling, reduce heat to low. Cover partially to retain volatile oils while allowing some steam to escape. Simmer for 15 to 20 minutes, until the water reduces slightly and turns a yellowish-amber hue.
5.  **Additives:** If using palm sugar, add it during the last 5 minutes of simmering to ensure it dissolves properly. If using honey, stir it in just before drinking to preserve its beneficial enzymes.
6.  **Straining:** Remove from heat and strain the liquid into a cup, discarding the plant solids.
7.  **Consumption:** Drink the decoction while it is still warm to help induce sweating and soothe the digestive tract.

### 3. Safety Precautions and Dosage Considerations

While Lempuyang Wangi is an established traditional remedy, it is biologically active and requires prudent use.

**Dosage Guidelines:**
*   **Frequency:** Limit consumption to 1–2 cups (approx. 150–200 ml each) per day. This remedy is intended for acute symptom relief, not long-term daily supplementation.
*   **Duration:** Do not consume continuously for more than 3–5 days. If symptoms persist beyond this period, the underlying cause may require different medical attention.
*   **Tolerance:** Due to the bitter profile, begin with a smaller volume (e.g., half a cup) to assess personal tolerance.

**Contraindications and Warnings:**
*   **Pregnancy and Lactation:** Pregnant women should exercise extreme caution or avoid consumption, as certain compounds in zingiberaceous plants may stimulate uterine activity. Consult a healthcare provider before use.
*   **Gastric Sensitivity:** The potent essential oils can increase gastric acid secretion. Individuals with gastritis, GERD, or stomach ulcers should consume this strictly after a light meal to prevent irritation.
*   **Medication Interactions:** Potential interactions exist with anticoagulant (blood-thinning) medications, as well as drugs for hypertension and diabetes. Consult a doctor if you are taking these medications.
*   **Allergic Reactions:** Discontinue use immediately if signs of an allergic reaction appear, such as skin rash, itching, or difficulty breathing.

**Medical Disclaimer:**
This preparation is intended for supportive care for mild cultural syndromes like Masuk Angin. Masuk Angin symptoms can sometimes mimic more serious conditions such as dengue fever, typhoid, or other infections. If symptoms include high fever, severe vomiting, chest pain, or persistent abdominal distress, seek immediate professional medical attention from a qualified healthcare provider.","{""task"": ""preparation"", ""language"": ""en"", ""indication"": ""Masuk Angin""}",,
"Minangka ahli etnobotani, nerangake carane nggawe jampi saka camcao kanggo nambani heartburn.","Kanggo nambani benter internal nggunakake camcao:
Bahan:
- kampak
  Jeneng Ilmiah: Cyclea barbata L. Miers
  Bagian: godhong seger
  Dosis: 1 x 150 g godhong / dina

Cara Nggawe:
Bahan-bahan kasebut dipun-tumbuk utawa diuleni kanthi banyu sing cukup, diperes, dipun-saring, dilebokake ing loyang, diendhani nganti dadi gel. Potong sesuai selera, saged ditambahi santan saha gula merah sesuai selera.","Minangka ahli etnobotani, sumangga nerangaken kanthi rinci lan jangkep babagan tata cara nyiapaken jampi saking camcao kangge nambani penyakit heartburn (rasa panas ing dada).

Mangga tindakaken pandhuan ing ngandhap punika:
1. **Bahan ingkang dipunbetahaken**: Sebutaken bahan-bahan utami lan tambahan ingkang perlu.
2. **Langkah-langkah Preparasi**: Jelasaken proses damel jampi wiwit saking nyiapaken bahan dumugi siap dipunombé, kanthi urut-urutan ingkang logis.
3. **Aturan Anggung**: Parikan dhawuh babagan dosis lan wekdal ingkang sae kangge ngunjuk jampi kasebut.

Wewaton ingkang kedah dipunpenuhi:
- **Bahasa**: Ngginakaken Basa Jawi Krama Inggil ingkang leres lan sopan.
- **Gaya Basa**: Profesional, edukatif, lan mirib kaliyan dhawuhing ahli.
- **Konteks Tambahan**: 
  {""task"": ""preparation"", ""language"": ""jv"", ""jv_herb_name"": ""camcao"", ""register"": ""Krama_Inggil""}","Sumangga, ing ngandhap punika katur pandhuan lengkap babagan tata cara nyiapaken jampi saking camcao kangge ngredhakaken keluhan rasa panas ing dhadha (heartburn). Camcao (*Mesona chinensis*) secara turun-temurun dipunpercaya gadhah sipat adhem ingkang saged nentremaken raos panas ing salebeting badan.

**1. Bahan ingkang dipunbetahaken**

Kangge ngasilaken jampi ingkang khasiatipun maksimal, sumangga siapaken bahan-bahan ingkang berkualitas kados makaten:
*   **Godhong camcao garing**: 10 dumugi 15 gram (menawi ngginakaken ingkang seger, kira-kira 50 gram). Pastikaken godhong garing mboten lembab supados mboten kejamuhan.
*   **Toya resik**: 500 mililiter. Langkung sae ngginakaken toya ingkang sampun dipungodhog utawi toya filter.
*   **Madu tawon murni**: 1 sendhok makan. Madu dipunpilih minangka pemanis alami ingkang saged nglapisi saha nentremaken lambung, nggantosaken gula pasir ingkang saged nuwuhaken asam.
*   **Jahe emprit (opsional)**: 1 ruas jari, dipungeprek. Jahe saged mbantu ngimbangi sipat adhemipun camcao saha nyuda rasa mual.

**2. Langkah-langkah Preparasi**

Proses damel jampi punika kedah dipuntindakaken kanthi teliti supados sari khasiatipun saged medal kanthi sampurna:
*   **Ngresiki Bahan**: Kumbah godhong camcao saha jahe ngantos resik saking lebu utawi kotoran ngginakaken toya ngalir.
*   **Proses Godhog**: Lebetaken toya 500 ml wonten ing panci, godhog ngantos umub. Lebetaken godhong camcao saha jahe ingkang sampun resik, lajeng surutaken geni dhateng ukuran sedheng. Tutup panci supados sari-sari mboten ical.
*   **Ekstraksi**: Tindakaken nggodhog kirang langkung 15 dumugi 20 menit. Toya badhe owah warni dados coklat peteng, punika tandha sari khasiat camcao sampun medal.
*   **Penyaringan**: Pademaken geni, kendelaken sejenak ngantos anget kuku. Saring toya godhogan ngginakaken kain saring utawi saringan alus, pisahaken ampasipun.
*   **Pencampuran**: Lebetaken madu nalika toya saringan sampun anget kuku. Mboten dipunanjuraken nambahaken madu nalika toya taksih panas sanget amargi saged ngicalaken khasiat enzim madu. Udek ngantos rata.

**3. Aturan Anggung**

Supados asilipun optimal saha tetep aman kangge raga, wonten aturan ingkang kedah dipunperhatikaken:
*   **Dosis**: 1 gelas (kirang langkung 200 ml) saben kali ngunjuk.
*   **Wekdal**: Dipunanjuraken ngunjuk 2 kali sedinten, inggih punika sasampunipun sarapan enjang saha sore dinten (kirang langkung 30 menit sasampunipun dhahar) kangge nyegah asam lambung munggah. Saged ugi dipununjuk rikala gejala rasa panas ing dhadha wiwit keraos.
*   **Pepeling Penting**: Amargi camcao gadhah sipat adhem, jampi punika mboten dipunanjuraken kangge wanita ingkang nembe datang bulan utawi tiyang ingkang badanipun sensitif kaliyan hawa adhem. Menawi keluhan mboten surut sasampunipun 3 dinten ngunjuk jampi punika, sumangga sesegeranipun konsultasi dhateng tenaga medis.

Mugi-mugi pandhuan punika saged mbiyantu ngenthengaken keluhan panjenengan. Tindakaken kanthi sabar saha tetep njagi pola dhahar ingkang sae.","{""task"": ""preparation"", ""language"": ""jv"", ""jv_herb_name"": ""camcao"", ""register"": ""Krama_Inggil""}",,
"Minangka ahli etnobotani, nerangake carane nggawe jampi saka jae kanggo nambani asam urat/rematik.","Kanggo nambani asam urat / rematik nggunakake jae:
Bahan:
- jae
  Jeneng ilmiah: Zingiber officinale Rosc.
  Bagian: rhizome
  Dosis: 3 x 5 g rhizome / dina, sadurunge dhahar

Cara Nggawe:
Bahan-bahan kasebut diseduh kanthi 1 gelas banyu sing nggodhok, ditinggalake, dipun-saring lan diombe sadurunge dipangan

Informasi Keamanan:
Larangan: bocah <6 taun, watu empedu.
Pènget: ora kudu diwenehi dosis> 6 g, amarga saged nyebabake ulkus weteng
Efek samping: nyeri weteng sing sithik, sensasi kobong ing jugangan weteng","Minangka ahli etnobotani, paringana andharan ingkang jangkep babagan cara nyiapaken jampi saking jae kangge ngobati penyakit asam urat utawi rematik.

Tetepaken pandhuan ingkang kedah dipun tindakaken:
- Basa: Ngginakaken Basa Jawi Krama Inggil kanthi tata basa ingkang leres.
- Bahan Utama: Fokus dhumateng ""jae"" minangka bahan utami.
- Isi Andharan: Sertakaken langkah-langkah pangolahan ingkang rinci, takaran ingkang pas, lan cara ngginakaken jampi kasebut.
- Konteks Tambahan: Paringana cathetan singkat babagan khasiat jae miturut ilmu etnobotani.

Data tugas ingkang kedah dipun gatesaken:
{""task"": ""preparation"", ""language"": ""jv"", ""jv_herb_name"": ""jae"", ""register"": ""Krama_Inggil""}","Nun, matur sembah nuwun sampun kapercayan. Babagan gerah asam urat utawi rematik ingkang asring ngrewuhi sendi, jae punika salah satunggaling tetuwuhan ingkang saged dados pilihan jampi alami ingkang mujarab.

**Khasiat Jae Miturut Kawruh Etnobotani**
Miturut pangamatan turun-temurun lan studi botani, jae (*Zingiber officinale*) gadhah sipat ingkang anget. Kandhutan senyawa aktif ingkang wonten ing rimpang jae, kados ta gingerol, gadhah mupangat kangge ngurangi peradangan lan rasa sakit ing persendian. Sipat angetipun ugi saged melaraken peredaran rah ingkang mampet ing area ingkang gerah, saengga raos sakit saged kirang.

**Bahan-bahan ingkang Dipun Butuhaken**
1. Rimpang jae emprit utawi jae gajah ingkang sepuh (kirang langkung 30 gram utawi 2-3 ruas jari).
2. Toya resik (500 ml utawi 2 gelas).
3. Madu tawon asli (secukupipun kangge pemanis alami).

**Langkah-langkah Pangolahan**
1. **Pambresihan:** Resikaken rimpang jae saking lemah lan kotoripun ngginakaken toya ngalir. Gosok alon-alon supados kulit arinipun boten rusak sanget.
2. **Panyiapan:** Geprek utawi tumbuk alon jae kasebut supados sarinipun gampil medal nalika dipun godhog. Menawi panjenengan langkung remen, jae saged dipun iris tipis.
3. **Panggodhogan:** Lebetaken jae ingkang sampun dipun geprek dhumateng panci ingkang resik. Tambahaken toya 500 ml. Godhog ngantos umub kanthi geni alit.
4. **Penyaringan:** Terusaken nggodhog ngantos toyanipun suda kirang langkung setengahipun utawi warninipun sampun kuning peteng lan arum. Pedhetaken geni, lajeng saring toya godhogan kasebut dhumateng gelas utawi cangkir.
5. **Pencampuran:** Tambahaken madu nalika toya jae sampun anget (boten panas sanget), supados khasiat madu boten rusak dening panas.

**Cara Ngginakaken Jampi**
1. Unjuken jampi jae kasebut nalika taksih anget.
2. Kadosipun dipun unjuk 2 ngantos 3 kali sedinten, inggih punika enjang sasampunipun sarapan lan sonten sadereqipun tilem, utawi sadereqipun dhahar.
3. Lajengaken ngunjuk jampi punika kanthi tertib ngantos 1-2 minggu kangge ngasilaken efek ingkang optimal.

**Cathetan Keamanan lan Pènget**
Sanajan jae punika alami, wonten pènget ingkang kedah dipun wigati. Jampi punika boten cocok kangge putra alit ingkang umuripun kirang saking 6 taun utawi panjenengan ingkang gadhah gangguan watu empedu. Dosis jae ingkang kedah dipun tindakaken boten langkung saking 6 gram sedinten, amargi menawi langkung saged nyebabaken nyeri utawi luka ing weteng. Menawi gerah asam urat utawi rematik panjenengan raosipun sangsaya parah utawi boten enggal ical, sumangga enggal rembug kaliyan dokter utawi tenaga medis kangge mendhet tindakan ingkang langkung trep.

Mugi-mugi panjenengan tansah pinaringan kasarasan lan enggal waras saking gerah ingkang dipun raosaken.","{""task"": ""preparation"", ""language"": ""jv"", ""jv_herb_name"": ""jae"", ""register"": ""Krama_Inggil""}",,
"Sebagai pakar etnobotani, jelaskan cara membuat ramuan dari Pepaya untuk mengobati Mata Ikan.","Untuk mengobati Mata Ikan menggunakan Pepaya:
Bahan:
- Pepaya
  Nama ilmiah: Carica papaya L
  Bagian: getah pada tangkai buah
  Dosis: 3 x 1 tangkai/hari.

Cara Pembuatan:
1 buah muda dipotong pada tangkainya, getah yang keluar ditempelkan pada bagian yang sakit.","Sebagai pakar etnobotani, jelaskan secara rinci cara制备 ramuan dari buah Pepaya untuk mengobati Mata Ikan (klavu).

Harap ikuti struktur berikut dalam penjelasan Anda:
1. **Definisi & Konteks**: Jelaskan briefly apa itu Mata Ikan dan mengapa Pepaya efektif secara tradisional.
2. **Bahan & Alat**: Daftar bahan spesifik dari pohon Pepaya (daun, getah, atau buah) dan alat yang dibutuhkan.
3. **Langkah Pembuatan**: Urutkan instruksi pembuatan ramuan secara step-by-step yang jelas dan dapat ditindaklanjuti.
4. **Cara Aplikasi**: Jelaskan metode penerapan ramuan pada area yang terkena.
5. **Peringatan Keamanan**: Sertakan catatan penting mengenai potensi iritasi atau kontraindikasi.

Konteks Tugas:
{""task"": ""preparation"", ""language"": ""id"", ""indication"": ""Mata Ikan""}","1. **Definisi & Konteks**
Mata ikan atau klavus adalah pengerasan dan penebalan kulit yang terjadi akibat tekanan atau gesekan berulang, umumnya pada kaki atau tangan. Kondisi ini menimbulkan rasa tidak nyaman atau nyeri saat tertekan. Secara tradisional, pepaya (*Carica papaya*) telah lama dimanfaatkan untuk mengobati kondisi ini. Efektivitasnya berasal dari kandungan enzim papain pada getah (lateks) buah muda atau daunnya. Enzim ini bersifat keratolitik, yang membantu memecah protein keras pada kulit mati sehingga lapisan mata ikan melunak dan dapat terlepas secara alami tanpa pengangkatan paksa yang berisiko menyebabkan luka.

2. **Bahan & Alat**
*   **Bahan Utama:** Getah pepaya muda yang masih hijau (mengandung konsentrasi papain lebih tinggi dibanding buah matang) atau getah dari tangkai daun pepaya. Siapkan juga air bersih, sabun lembut, air hangat, serta vaselin atau minyak kelapa.
*   **Alat Pendukung:** Pisau kecil yang bersih, kapas atau cotton bud, plester medis atau perban kecil, mangkuk kecil (opsional untuk menampung getah), dan wadah kecil untuk merendam kaki/tangan.

3. **Langkah Pembuatan**
1.  **Persiapan Area Kerja:** Cuci tangan dengan sabun dan pastikan semua alat dalam keadaan bersih untuk mencegah infeksi sekunder.
2.  **Ekstraksi Getah:** Sayat tipis kulit buah pepaya muda atau potong tangkai daunnya menggunakan pisau bersih. Tampung tetesan getah putih ke dalam mangkuk kecil atau langsung serap menggunakan ujung cotton bud. Ramuan harus digunakan segera saat masih segar karena khasiat enzim papain paling optimal sebelum getah mengering.
3.  **Pelunakan Kulit:** Rendam area yang terkena mata ikan dalam air hangat selama 10–15 menit untuk melunakkan kulit keras agar penyerapan getah lebih optimal.
4.  **Pengeringan:** Keringkan area tersebut dengan handuk bersih secara menepuk-nepuk (jangan digosok).

4. **Cara Aplikasi**
1.  **Perlindungan Kulit Sekitar:** Oleskan vaselin atau minyak kelapa pada kulit sehat di sekeliling mata ikan untuk melindunginya dari iritasi akibat getah.
2.  **Oleskan Getah:** Gunakan cotton bud yang telah dibasahi getah pepaya untuk mengoleskannya secara tepat pada permukaan mata ikan saja. Hindari kontak dengan kulit sehat di sekitarnya.
3.  **Penutupan:** Tutup area yang diolesi dengan plester atau perban kecil agar getah tetap menempel dan bekerja maksimal.
4.  **Durasi:** Biarkan selama 6–8 jam. Sebaiknya lakukan perawatan ini pada malam hari sebelum tidur.
5.  **Evaluasi & Pengulangan:** Pada pagi hari, lepas plester dan cuci bersih area tersebut. Kulit yang melunak dapat digosok perlahan menggunakan batu apung. Ulangi proses ini sekali sehari selama 3 hingga 7 hari hingga mata ikan hilang. Jangan memaksa mengelupas kulit jika masih menempel kuat.

5. **Peringatan Keamanan**
*   **Iritasi Kulit:** Getah pepaya bersifat kaustik. Jika timbul rasa panas berlebih, kemerahan meluas, atau nyeri pada kulit sehat, segera hentikan penggunaan dan cuci bersih dengan air dan sabun.
*   **Luka Terbuka:** Jangan pernah mengaplikasikan getah pada kulit yang berdarah, luka terbuka, atau sedang infeksi.
*   **Kondisi Khusus (Diabetes):** Penderita diabetes atau gangguan sirkulasi darah harus sangat berhati-hati atau menghindari perawatan kaki mandiri karena risiko penyembuhan luka yang lambat dan penurunan sensitivitas. Konsultasikan dengan tenaga medis terlebih dahulu.
*   **Ibu Hamil:** Getah pepaya muda sebaiknya dihindari oleh ibu hamil sebagai langkah pencegahan, mengingat kandungan lateksnya yang berpotensi memicu kontraksi.
*   **Reaksi Alergi:** Hindari penggunaan jika memiliki riwayat alergi terhadap lateks atau pepaya. Lakukan uji tempel kecil di lengan sebelum aplikasi utama untuk memastikan keamanan.
*   **Tanda Infeksi:** Jika area mata ikan menunjukkan tanda infeksi seperti bengkak, bernanah, atau terasa panas, hentikan pengobatan mandiri dan segera cari bantuan medis.","{""task"": ""preparation"", ""language"": ""id"", ""indication"": ""Mata Ikan""}",,
"Minangka ahli etnobotani, nerangake carane nggawe jampi saka jeruk nipis kanggo nambani nyeri haid (Dysmenorrhoea).","Kanggo nambani nyeri haid (Dysmenorrhoea) nggunakake jeruk nipis:
Bahan:
- jeruk
  Jeneng ilmiah: Citrus aurantifolia (Christm. et Panz.)
  Bagean: woh seger
  Dosis: 2 x 5 sendok teh jus jeruk / dina

Cara Nggawe:
Tambahake 2 sendok teh minyak kayu putih lan 2 sendok teh kaputih kaya wiji asam jawa. Nglakoake kanthi becik. Gosok ing weteng lan mburi lan supados garing.","Minangka ahli etnobotani, sumungkem matur nerangaken tata cara nyiyapaken jampi saking jeruk nipis kangge nambani nyeri haid (Dysmenorrhoea).

{""task"": ""preparation"", ""language"": ""jv"", ""jv_herb_name"": ""jeruk nipis"", ""register"": ""Krama_Inggil""}

Mangga dipun jangkepi kanthi paugeran ing ngandhap:
1. **Bahan-bahan**: Sebutaken bahan ingkang dipun betahaken kanthi jangkep.
2. **Langkah-langkah**: Andharaken proses damel jampi kanthi urut lan cetha.
3. **Aturan Anggènipun Ngunjuk**: Jelasaken caranipun ngunjuk lan dosis ingkang dipun anjuraken.
4. **Pepèling**: Wenehaken cathetan utawi pepèling menawi wonten efek samping utawi kondisi ingkang mboten pareng ngagem jampi menika.

Mangga ngginakaken Basa Jawi Krama Inggil ingkang alus lan trep kaliyan status panjenengan minangka ahli.","Sugeng rawuh. Nyeri haid utawi ingkang kerap kasebat dysmenorrhoea memang saged ngganggu kanyamanan. Minangka upaya pendamping ingkang alami, jeruk nipis ngandhut vitamin C lan antioksidan ingkang saged mbantu ngendhorken otot rahim. Kanthi paworosan jahe, khasiat kangge nghanggetaken badan sarta ngirangi radhang saged langkung mantep. 

Mangga, sumangga dipunmanahaken tata cara nyiyapaken jampi saking jeruk nipis kanthi urut:

### 1. Bahan-bahan
Kangge nyiyapaken jampi punika, panjenengan mbetahaken:
* **Jeruk nipis seger** cacah 2 wiji (pilih ingkang kulitipun ijem lan boten keriput).
* **Jahe seger** ukuran kirang langkung 2 cm (kangge paworosan anget lan ngirangi mules).
* **Toya anget** cacah 1 gelas (200 ml). Ginakaken toya anget, boten mendidih, supados khasiat vitamin boten risak.
* **Madu murni utawi gula jawi** secukupipun (kangge nyuda raos kecut lan nambah ènergi).

### 2. Langkah-langkah
Proses damel jampi punika kedah dipuntindakaken kanthi resik lan telaten:
* **Sepisan**, resikaken jeruk nipis lan jahe ngginakaken toya ingkang mili supados bebas saking lebu utawi pestisida ingkang nempel.
* **Kaping kalih**, geprek utawi iris tipis jahe, lajeng seduh ngginakaken toya anget ing gelas ngantos sarinipun medal.
* **Kaping tiga**, potong jeruk nipis dados kalih pérangan, lajeng peras toyanipun. Saring supados wujinipun mboten mlebet.
* **Kaping sekawan**, campuraken sari jeruk nipis dhateng toya jahe anget kasebat.
* **Kaping gangsal**, tambahaken madu murni utawi gula jawi, lajeng aduk ngantos rata. Jampi sampun siap dipununjuk nalika taksih anget.

### 3. Aturan Anggènipun Ngunjuk
Kangge asil ingkang optimal, sumangga manut paugeran ing ngandhap punika:
* Dosis ingkang dipunanjuraken inggih 1 gelas sadinten, saged dipunbagi dados 2 kali ngunjuk (enjang lan sonten) nalika nyeri wiwit kraos.
* Saé dipununjuk sasampunipun dhahar sekedhik supados asam saking jeruk nipis mboten ngganggu lambung ingkang kosong.
* Lajengaken ngunjuk rutin dumugi 3 dinten nalika haid utawi ngantos nyeri surut.

### 4. Pepèling
Sanajan bahan punika alami, wonten sawetawis hal ingkang kedah dipunwaspadai:
* **Riwayat Sakit Maag**: Menawi panjenengan gadhah riwayat maag utawi GERD, kedah ngatos-atos. Asam saking jeruk saged ndadosaken lambung gerah. Saé dipununjuk sasampunipun dhahar lan mandhegaken menawi kraos perih.
* **Kesehatan Gigi**: Asam sitrat saged ngikis email gigi. Sasampunipun ngunjuk, kumbah cangkem ngginakaken toya resik.
* **Kondisi Khusus**: Menawi panjenengan saweg ngandhut utawi nyusoni, langkung sae konsultasi kaliyan tenaga medis sakderengipun ngunjuk jampi herbal punika.
* **Nyeri Parah**: Menawi nyeri haid ingkang dipunrasakaken sanget parah, berkepanjangan, utawi dipuniringi pendarahan ingkang mboten normal, enggal-enggal konsultasi kaliyan dokter kangge penanganan ingkang langkung jangkep.

Mugi-mugi kanthi perawatan alami punika, badan panjenengan saged langkung ayem lan aktivitas saged kalampahan kanthi lancar. Tansah ngatos-atos dhateng kondisi badan piyambak.","{""task"": ""preparation"", ""language"": ""jv"", ""jv_herb_name"": ""jeruk nipis"", ""register"": ""Krama_Inggil""}",,
"Sebagai pakar etnobotani, jelaskan cara membuat ramuan dari Cabe Jawa untuk mengobati Lemah Syahwat.","Untuk mengobati Lemah Syahwat menggunakan Cabe Jawa:
Bahan:
- Cabe Jawa
  Nama ilmiah: Piper retrofractum Vahl.
  Bagian: buah
  Dosis: 1 x 2,5 -5 g buah kering sebelum beraktivitas

Cara Pembuatan:
bahan ditumbuk halus, diseduh dengan air panas, diminum selagi hangat.

Informasi Keamanan:
Peringatan: alergi
Efek samping: bila serbuknya terhisap, dapat menimbulkan sesak napas","Sebagai pakar etnobotani, jelaskan secara rinci cara menyiapkan ramuan tradisional dari Cabe Jawa (Piper retrofractum) untuk mengatasi kondisi lemah syahwat (disfungsi ereksi). Penjelasan harus mencakup:

1. **Definisi Istilah**: Jelaskan secara singkat apa itu etnobotani dan konteks penggunaan Cabe Jawa dalam pengobatan tradisional Indonesia.
2. **Bahan dan Alat**: Daftar bahan baku dan peralatan yang diperlukan.
3. **Proses Pembuatan**: Uraikan langkah-langkah pembuatan ramuan secara sistematis, mulai dari pemilihan bahan, pengolahan, hingga penyajian.
4. **Cara Penggunaan**: Jelaskan dosis, frekuensi, dan metode konsumsi yang umum digunakan.
5. **Peringatan Keamanan**: Sertakan catatan penting mengenai efek samping, kontraindikasi, atau saran untuk berkonsultasi dengan tenaga medis profesional sebelum penggunaan.

Pastikan respons Anda informatif, akurat secara budaya, dan menekankan aspek keamanan serta kearifan lokal.

Data Konteks:
{""task"": ""preparation"", ""language"": ""id"", ""indication"": ""Lemah Syahwat""}","### 1. Definisi Istilah dan Konteks Budaya

**Etnobotani** adalah studi ilmiah yang mempelajari hubungan antara manusia dan tumbuhan, khususnya bagaimana suatu budaya memanfaatkan tanaman untuk keperluan pangan, obat-obatan, ritual, dan kebutuhan sehari-hari. Dalam pengobatan tradisional Indonesia (Jamu), **Cabe Jawa** (*Piper retrofractum*) dikenal sebagai tanaman bersifat ""hangat"" atau ""panas"". Secara empiris, tanaman ini digunakan untuk melancarkan aliran darah, meningkatkan stamina, dan menghangatkan tubuh, yang secara kolektif dipercaya dapat membantu mengatasi kondisi lemah syahwat (disfungsi ereksi) berdasarkan konsep keseimbangan energi tubuh.

### 2. Bahan dan Alat

**Bahan Baku:**
*   **Buah Cabe Jawa Kering:** 5–10 gram (sekitar 5–10 buah). Pastikan berwarna cokelat tua, kering sempurna, dan bebas jamur atau debu.
*   **Jahe Merah (Opsional):** 1 ruas jari (sekitar 10–20 gram), untuk memperkuat efek termogenik dan sinergi rasa.
*   **Air Bersih:** 400 ml (untuk metode rebusan).
*   **Madu Murni:** 1–2 sendok makan (sebagai pemanis alami dan pelindung lambung, ditambahkan saat penyajian).

**Peralatan:**
*   **Lesung dan Alu:** Untuk mememarkan bahan agar sari pati keluar.
*   **Panci Keramik atau *Stainless Steel*:** Hindari aluminium untuk mencegah reaksi kimia dengan senyawa aktif.
*   **Saringan Kain/ Teh dan Gelas Saji.**
*   *(Alternatif Serbuk):* **Grinder/ Blender Kering** dan **Wadah Kaca Kedap Udara** jika memilih metode serbuk.

### 3. Proses Pembuatan

**Metode Utama: Dekoksi (Rebusan)**
1.  **Seleksi & Pembersihan:** Periksa buah Cabe Jawa. Bilas sebentar dengan air mengalir jika kotor, lalu keringkan. Jangan merendam lama agar minyak atsiri tidak hilang.
2.  **Pengolahan:** Memarkan buah Cabe Jawa dan jahe (jika digunakan) menggunakan lesung hingga pecah. Tujuannya untuk memecah dinding sel tanaman agar zat aktif mudah larut.
3.  **Perebusan:** Masukkan bahan ke panci bersama 400 ml air. Rebus dengan api sedang hingga mendidih, lalu kecilkan api dan biarkan mendidih perlahan hingga air tersisa sekitar 200 ml (sekitar 15–20 menit).
4.  **Penyaringan:** Matikan api, saring air rebusan ke dalam gelas.
5.  **Penyajian:** Tambahkan madu murni saat ramuan sudah suam-suam kuku (di bawah 60°C) agar kualitas enzim madu terjaga. Aduk rata.

**Metode Alternatif: Serbuk**
Giling Cabe Jawa kering hingga menjadi bubuk halus. Simpan dalam wadah kaca kedap udara. Untuk konsumsi, campurkan 1–2 gram serbuk dengan madu hingga membentuk pasta, lalu larutkan dalam air hangat.

### 4. Cara Penggunaan

*   **Dosis:** 1 gelas (200 ml) per hari untuk rebusan, atau 1–2 gram per hari untuk metode serbuk.
*   **Frekuensi:** Dikonsumsi 1 kali sehari, sebaiknya pada pagi atau sore hari. Hindari minum saat perut kosong sepenuhnya untuk mencegah iritasi lambung, dan hindari menjelang tidur agar efek hangatnya tidak mengganggu istirahat.
*   **Durasi:** Gunakan secara bertahap selama 1–2 minggu untuk memantau respons tubuh. Setelah itu, berikan jeda istirahat beberapa hari. Penggunaan jangka panjang tanpa jeda tidak disarankan.

### 5. Peringatan Keamanan dan Kontraindikasi

Meskipun berasal dari bahan alami, Cabe Jawa mengandung senyawa aktif seperti piperin yang memiliki efek farmakologis kuat. Keamanan harus menjadi prioritas utama:

*   **Konsultasi Medis:** Disfungsi ereksi sering kali merupakan gejala awal dari masalah kardiovaskular (jantung dan pembuluh darah), diabetes, atau ketidakseimbangan hormon. **Sangat disarankan untuk berkonsultasi dengan dokter** untuk mengetahui akar penyebab medis sebelum mengandalkan ramuan tradisional.
*   **Kontraindikasi:** 
    *   **Hipertensi:** Berpotensi menaikkan tekanan darah; individu dengan tekanan darah tinggi harus menghindarinya.
    *   **Gangguan Lambung:** Sifat panas dan iritan dapat memicu nyeri ulu hati; penderita maag akut, GERD, atau tukak lambung sebaiknya tidak menggunakan ramuan ini.
*   **Interaksi Obat:** Piperin dapat mempengaruhi kerja enzim hati (sitokrom P450), yang berpotensi mengubah efektivitas obat pengencer darah, obat diabetes, obat hipertensi, dan **obat disfungsi ereksi resep dokter (seperti sildenafil)**. Jangan gabungkan tanpa persetujuan medis karena risiko interaksi berbahaya.
*   **Efek Samping:** Hentikan penggunaan segera jika muncul nyeri perut, panas dalam berlebihan, jantung berdebar, pusing, atau sesak napas (terutama jika serbuk terhisap).
*   **Kelompok Sensitif:** Tidak disarankan untuk ibu hamil/menyusui, anak-anak, atau individu dengan gangguan ginjal.

Ramuan ini bersifat pendukung (komplementer) dan bukan pengganti pengobatan medis utama. Penggunaan kearifan lokal harus selalu diimbangi dengan kesadaran medis modern.","{""task"": ""preparation"", ""language"": ""id"", ""indication"": ""Lemah Syahwat""}",['sexual'],['sexual']
"Minangka ahli etnobotani, jelasake carane nggawe jampi saka Bawang Putih kanggo nambani Gangguan Akumulasi Lemak.","Kanggo nambani Kelainan Akumulasi Lemak nggunakake Bawang Putih:
Bahan:
- Bawang putih
  Jeneng ilmiah: Allium sativum Linn.
  Bagian: ply tubers
  Dosis: 2 x 1 cengkeh / dina

Cara Nggawe:
bahan tanpa kulit dikunyah banjur dipangan.

Informasi Keamanan:
Larangan: alergi
Peringatan: nambah risiko pendarahan pasca operasi, meteng lan nyusoni.
Efek sisih: ulcer weteng.","Minangka ahli etnobotani, lampahaken tugas ing ngandhap kanthi detail:

1. **Identifikasi Bahan**: Ngginakaken bahan utama ingkang sampun ditetepaken ing data inggil.
2. **Metode Preparasi**: Jelasaken langkah-langkah nggawe jampi kanthi runtut, wiwit saking pemilihan bahan, proses pengolahan, dumugi cara ngginakaken.
3. **Indikasi Medhis**: Fokusaken khasiat jampi kasebut kangge nambani ""Gangguan Akumulasi Lemak"" (kondisi penumpukan lemak ingkang berlebihan ing awak).
4. **Gaya Basa**: Ginakaken basa Jawa Krama Inggil ingkang leres, sopan, lan pas kangge konteks profesional.

**Data Konfigurasi Tugas**:
```json
{""task"": ""preparation"", ""language"": ""jv"", ""jv_herb_name"": ""Bawang Putih"", ""register"": ""Krama_Inggil""}
```","Monggo, sumangga dipun kawruhi kanthi seksama. Kasihatan raga punika bandha ingkang paling aji ingkang kedah dipunjagi kanthi sae. Menawi Panjenengan ngalami ""Gangguan Akumulasi Lemak"" utawi penumpukan lemak ingkang berlebihan ing salebetipun awak, mliginipun ing organ ati, wonten bahan alam ingkang saged dados pendhamping ingkang mangfaat. Ing ngandhap punika dipunjlentrehaken tata cara ngginakaken Bawang Putih kanthi leres.

**1. Identifikasi Bahan Utami**

Bahan utama ingkang dipunginakaken inggih punika **Bawang Putih** (*Allium sativum*). Supados khasiatipun optimal, sumangga perhatosaken kriteria pemilihan ing ngandhap:
*   **Kualitas:** Pilih bawang putih ingkang taksih seger, wernanipun pethak resik, kulitipun boten keriput, lan gadhah aroma ingkang kiyat. Pastikaken boten wonten tunas utawi tanda pembusukan.
*   **Jinis:** Langkung sae malih menawi ngginakaken **Bawang Putih Tunggal** (Lanang) amargi kandhutan senyawa aktifipun langkung pekat tinimbang ingkang biyasa.
*   **Jumlah:** Kangge sekali konsumsi, cekap ngginakaken 1 ngantos 2 siung bawang putih ingkang ukuranipun sedheng.

**2. Metode Preparasi**

Tata cara pangolahan kedah dipunlampahi kanthi titi lan runtut supados zat aktif saged medal kanthik sae:
*   **Pengresikan:** Kupas kulit ari bawang putih, lajeng kumbah ngginakaken toya ingkang ngalir supados resik saking lebu utawi kotoran.
*   **Proses Aktivasi:** Cacah alus utawi geprak (memarkan) siung bawang putih kasebat. Langkah punika wigati sanget: sasampunipun dipungeprak, **entosaken 10 ngantos 15 menit** ing suhu ruangan. Proses menika ngidinaken enzim *alliinase* ngowahi *alliin* dados *allicin*, inggih punika senyawa utami ingkang mbantu metabolisme lemak.
*   **Pencampuran:** Lebetaken bawang putih ingkang sampun dipunaktivasi dhateng segelas toya anget (kirang langkung 40-50 derajat Celcius; boten mendidih amargi saged ngirangi khasiat enzimatik). Menawi Panjenengan boten kersa kaliyan rasanipun ingkang pedhes, saged dipuntambahi madu murni sethitik utawi perasan jeruk nipis kangge nyamarken rasa lan nambah khasiat detoksifikasi.
*   **Cara Ngginakaken:** Jampi punika sae dipununjuk ing wekdal **enjang**, nalika weteng taksih kosong (sadurungipun dhahar), supados penyerapan saged maksimal. Tindakaken kanthi ajeg lan imbangi kaliyan pola dhahar ingkang sehat.

**3. Indikasi Medhis (Gangguan Akumulasi Lemak)**

Jampi bawang putih punika dipuntujuaken kangge ngatasi kondisi penumpukan lemak ingkang berlebihan, mliginipun:
*   **Regulasi Metabolisme Lemak:** Kandhutan *allicin* mbantu nglancaraken proses pemecahan lemak saha nyegah pembentukan lemak énggal ingkang berlebihan ing salebetipun awak.
*   **Penurunan Kolesterol:** Efektif kangge ngirangi kadar kolesterol jahat (LDL) lan trigliserida ing salebetipun aliran rah, ingkang minangka panyebab utama penumpukan lemak.
*   **Detoksifikasi Ati (Liver):** Senyawa sulfida ing bawang putih mbantu ngaktifaken enzim-enzim ing ati kangge mbuwang racun saha nguraikan lemak ingkang sampun numpuk (nyegah *fatty liver*), saengga fungsi ati saged wangsul normal.
*   **Nglancaraken Sirkulasi:** Mbantu ngirangi kekentalan rah amargi lemak saha ngatur tekanan rah, saengga aliran rah lan distribusi nutrisi saged lampah kanthi lancar.

**Pepeling Kaslametan**

Sanajan jampi punika alami, Panjenengan kedah tetep waspada. Menawi Panjenengan saweg ngginakaken obat medhis (mliginipun pengencer rah), ngalami sakit maag ingkang parah, gadhah alergi, utawi saweg meteng lan nyusoni, sumangga konsultasaken rumiyin kaliyan dokter utawi tenaga medhis profesional sadèrèngipun ngonsumsi kanthi rutin.

Mugi-mugi ikhtiar punika saged mbeta berkah kasarasan lan kaseimbangan kangge raga Panjenengan. Tansah njagi pola gesang ingkang sehat lan olahraga kanthi teratur.","{""task"": ""preparation"", ""language"": ""jv"", ""jv_herb_name"": ""Bawang Putih"", ""register"": ""Krama_Inggil""}",,
"Minangka ahli etnobotani, nerangake carane nggawe jampi saka alang-alang kanggo nambani urination.","Kanggo nambani urination nggunakake reeds:
Bahan:
- Reeds
  Jeneng Ilmiah: Imperata cylindrica L
  Bagian: ROOT
  Dosis: 3 x 100 g oyod / dina

Cara Nggawe:
Bahan-bahan kasebut digodhog nganggo banyu 3 gelas nganti tinggal 1 gelas, adhem, saring, lan saged diombe kanthi nambah gula batu sakbetahipun.

Informasi Keamanan:
Warning: alergi
Efek samping: pusing, mual, tambah urination","Minangka ahli etnobotani, sumangga nerangaken kanthi rinci babagan cara nyiapaken jampi saking tetanduran Alang-alang kangge nambani gangguan saluran kemih (urination). 

Mangga tindakaken pandhuan ing ngisor iki:
1. **Identifikasi Bahan**: Sebutaken bagéan saking tetanduran ingkang dipunginakaken.
2. **Proses Preparasi**: Jelasaken langkah-langkah masak utawi ngolah jampi kasebut.
3. **Dosis lan Cara Ngginakaken**: Paringaken pandhuan babagan dosis ingkang aman lan cara ngunjukipun.
4. **Prenahing Manfaata**: Terangaken kados pundi jampi kasebut saged mbantu nambani masalah kemih.

Mesthikaken respons panjenengan ngginakaken Basa Jawi Krama Inggil ingkang leres lan sopan.

Data Tugas:
{""task"": ""preparation"", ""language"": ""jv"", ""jv_herb_name"": ""Alang-alang"", ""register"": ""Krama_Inggil""}","Matur nuwun dhumateng kawigatosan panjenengan ngengingi kasarasan. Keparenga kula aturaken kanthi rinci babagan cara nyiapaken jampi saking tetanduran Alang-alang kangge nambani gangguan saluran kemih.

1. **Identifikasi Bahan**
Bagéan saking tetanduran Alang-alang (*Imperata cylindrica*) ingkang dipunginakaken inggih punika oyod utawi rhizoma. Sumangga milih oyod ingkang taksih seger, warninipun pethak resik, lan mboten risak utawi busuk. Langkung sae menawi oyod kasebut dipunpundhut saking papan ingkang resik, tebih saking polusi utawi pestisida, supados mupangatipun langkung murni lan aman kagem kasarasan.

2. **Proses Preparasi**
Langkah-langkah ngolah jampi punika kedah dipuntindakaken kanthi teliti:
- **Ngresiki**: Oyod Alang-alang dipunwasuh ngginakaken toya ingkang mili ngantos sedaya lebu lan lendhut ical.
- **Motong**: Oyod ingkang sampun resik dipuniris alit-alit ukuran kirang langkung 2-3 sentimeter utawi dipuntumbuk kasar supados sarinipun gampil medal nalika dipungodhog.
- **Nggodhog**: Lebetaken oyod kasebut (kirang langkung 15-30 gram) wonten ing panci ingkang mboten reaktif (kados panci tanah utawi stainless steel) kaliyan toya resik kirang langkung 2-3 gelas (500 ml).
- **Ngolah**: Godhog toya kasebut ngginakaken geni alit ngantos toyanipun nyuda dados separonipun utawi kirang langkung setunggal gelas (200-250 ml).
- **Nyaring**: Toya godhogan kasebat dipunsaring nalika sampun adhem sakedhik supados mboten wonten ampasipun sadurungipun dipununjuk.

3. **Dosis lan Cara Ngginakaken**
Kagem njagi kawilujengan lan efektivitasipun, mangga dipuntindakaken kados makaten:
- Jampi punika saged dipununjuk sak gelas alit (kirang langkung 100-200 ml) saben dinten, kaping sepisan utawi kalih dintenipun (enjang lan sonten).
- Saenipun dipununjuk nalika taksih anget-anget kuku. Menawi raosipun pait, panjenengan saged nambahaken gula batu sakedhik, nanging langkung sae tawar kemawon supados khasiatipun boten kirang.
- Mboten dianjuraken ngunjuk ngantos langkung saking tiga dinten berturut-turut tanpa jeda, amargi sipat adhem saking tetanduran punika saged ndadosaken badan kadhemen menawi kekathahen.
- Menawi gangguan kemih mboten surut utawi malah nambah parah, utawi menawi panjenengan nggadhahi riwayat penyakit ginjel ingkang awrat, sumangga enggal konsultasi rumiyin kaliyan dhokter utawi tenaga medis.

4. **Prenahing Manfaata**
Alang-alang nggadhahi sipat diuretik alami ingkang saged ngrangsang ginjel kagem ngeluaraken toya lan natrium saking badan lumantar urin. Kanthi ngunjuk jampi punika, aliran toya seni saged dipunlancaraken, saengga bakteri, kotoran, utawi kristal alit ingkang wonten ing saluran kemih saged ical. Sifatipun ingkang adhem ugi gadhah efek anti-inflamasi ingkang saged nenangaken saha ngredhakaken rasa panas utawi perih nalika nguyuh, saengga saluran kemih saged wangsul sehat kados wingi uni.

Mugi-mugi pandhuan punika saged paring mupangat kagem panjenengan, lan panjenengan tansah pinaringan kasarasan dening Gusti Ingkang Maha Kuwaos. Rahayu.","{""task"": ""preparation"", ""language"": ""jv"", ""jv_herb_name"": ""Alang-alang"", ""register"": ""Krama_Inggil""}",,
"Sebagai pakar etnobotani, jelaskan cara membuat ramuan dari Saga untuk mengobati Batuk.","Untuk mengobati Batuk menggunakan Saga:
Bahan:
- Saga
  Nama ilmiah: Abrus precatorius L.
  Bagian: daun
  Dosis: 3 x 5 g daun/hari

Cara Pembuatan:
bahan direbus dengan 2 gelas air menjadi setengahnya, dinginkan, saring dan diminum sekaligus.

Informasi Keamanan:
Peringatan: gangguan jantung
Efek samping: penggunaan yang berlebihan atau dalam jangka yang lama dapat menyebabkan udem dan tekanan darah tinggi","Bertindaklah sebagai pakar etnobotani. Berdasarkan instruksi berikut, jelaskan secara rinci cara mempersiapkan ramuan dari tanaman Saga untuk mengobati batuk.

Instruksi Input:
{""task"": ""preparation"", ""language"": ""id"", ""indication"": ""Batuk""}

Pastikan penjelasan Anda mencakup:
1. Identifikasi bagian tanaman Saga yang digunakan.
2. Langkah-langkah persiapan dan pembuatan ramuan.
3. Cara penggunaan dan dosis yang umum direkomendasikan dalam tradisi etnobotani.
4. Catatan keamanan atau kontraindikasi yang penting.

Gunakan bahasa Indonesia yang jelas dan mudah dipahami.","Tanaman Saga (*Abrus precatorius*) memiliki sejarah panjang dalam pengobatan tradisional di Nusantara untuk meredakan batuk. Namun, penggunaannya menuntut kehati-hatian yang sangat tinggi karena tanaman ini memiliki profil keamanan yang kompleks. Berikut adalah panduan rinci berdasarkan perspektif etnobotani yang menggabungkan kearifan tradisional dan pertimbangan keamanan modern.

### 1. Identifikasi Bagian Tanaman
Bagian tanaman Saga yang digunakan untuk mengobati batuk adalah **daun segar**. 

**Peringatan Keras:** Biji Saga (berwarna merah mengkilap dengan titik hitam) mengandung senyawa abrin yang sangat beracun dan berpotensi mematikan jika tertelan, terutama jika cangkangnya pecah atau dihancurkan. **Jangan pernah menggunakan biji Saga untuk konsumsi internal.** Pastikan tidak ada biji yang ikut tercampur saat memetik daun.

### 2. Langkah-langkah Persiapan dan Pembuatan Ramuan
Metode tradisional yang paling umum dan aman adalah dengan merebus daun.

1. **Pemilihan Bahan:** Petik 5 hingga 10 lembar daun Saga segar yang berwarna hijau cerah dan bebas hama. Pastikan tanaman tidak tumbuh di area yang terpapar pestisida.
2. **Pencucian:** Cuci daun secara menyeluruh di bawah air mengalir untuk menghilangkan debu dan kotoran.
3. **Perebusan:** Masukkan daun ke dalam panci tanah liat atau stainless steel (hindari aluminium). Tambahkan 2 gelas air bersih (sekitar 400-500 ml) dan rebus dengan api kecil hingga air menyusut menjadi sekitar 1 gelas (200-250 ml).
4. **Penyaringan:** Matikan api, biarkan hangat, lalu saring air rebusan untuk memisahkan ampas daun. 

### 3. Cara Penggunaan dan Dosis
Dalam tradisi etnobotani, penggunaan tanaman dengan potensi toksisitas harus mengikuti prinsip dosis serendah mungkin.

* **Dosis Umum:** Minum air rebusan sebanyak 1/2 hingga 1 gelas per sekali minum. Dalam tradisi, ramuan ini dapat dikonsumsi 1 hingga 2 kali sehari (pagi dan sore) setelah makan untuk mengurangi risiko iritasi lambung.
* **Durasi:** Penggunaan dibatasi hanya selama 1 hingga 3 hari. Jika batuk tidak membaik setelah periode ini, hentikan penggunaan segera.
* **Tambahan:** Untuk meredakan tenggorokan dan mengurangi rasa pahit, dapat ditambahkan sedikit madu atau gula batu ke dalam air rebusan hangat.

### 4. Catatan Keamanan dan Kontraindikasi
Keamanan adalah prioritas utama. Harap perhatikan batasan berikut dengan saksama:

* **Toksisitas Biji:** Sekali lagi, pastikan tidak ada biji Saga yang tercampur ke dalam rebusan. Keracunan abrin dapat menyebabkan mual hebat, muntah, diare berdarah, dan gagal organ.
* **Kelompok Rentan:** Ramuan ini **dilarang keras** untuk ibu hamil, ibu menyusui, bayi, dan anak-anak. Toleransi tubuh anak terhadap senyawa aktif tanaman ini sangat rendah.
* **Kondisi Medis:** Penderita gangguan ginjal, hati, maupun **gangguan jantung** harus menghindari ramuan ini. Penggunaan yang berlebihan atau dalam jangka panjang dapat menyebabkan retensi cairan (edema) dan peningkatan tekanan darah.
* **Efek Samping:** Hentikan penggunaan segera jika muncul gejala mual, pusing, muntah, atau diare.
* **Interaksi Obat:** Jangan mengonsumsi ramuan ini bersamaan dengan obat batuk kimia atau obat resep dokter tanpa jeda waktu atau konsultasi medis.

Pengobatan tradisional adalah warisan yang berharga, namun keselamatan harus tetap diutamakan. Jika batuk disertai demam tinggi atau sesak napas, segera cari penanganan medis profesional.","{""task"": ""preparation"", ""language"": ""id"", ""indication"": ""Batuk""}",,
"As an ethnobotany expert, explain how to prepare Pipermin to treat Gigitan Serangga.","To treat Gigitan Serangga using Pipermin:
Ingredients:
- Pipermin
  Scientific name: Mentha piperita (L)
  Part: daun segar
  Dose: daun segar 1 genggam (80 g)

Preparation:
bahan ditumbuk sampai halus, bubuhkan pada bagian yang sakit, lalu balut dengan perban.

Safety Information:
Contraindications: tidak boleh diberikan di daerah muka terutama pada anak < 8 tahun
Warnings: minyak pipermin bila diberikan di muka atau dada pada bayi, terutama sekitar hidung dapat menimbulkan kesulitan bernafas sampai henti nafas.
Side effects: alergi","As an ethnobotany expert, provide a detailed guide on how to prepare Piper minimum (Pipermin) to treat insect bites (Gigitan Serangga). Please include the following steps:

1. **Identification**: Describe how to correctly identify the Piper minimum plant.
2. **Harvesting**: Explain the best practices for harvesting the relevant parts of the plant.
3. **Preparation Method**: Detail the step-by-step process to prepare the remedy (e.g., crushing, boiling, or making a paste).
4. **Application**: Instruct on how to safely apply the preparation to the affected area.
5. **Safety & Contraindications**: List any potential side effects, allergies, or situations where this remedy should not be used.

Ensure the response is in English and maintains a professional, educational tone suitable for someone seeking traditional medicinal advice.

Context Data:
{""task"": ""preparation"", ""language"": ""en"", ""indication"": ""Gigitan Serangga""}","### Traditional Preparation Guide for Piper Species in Treating Insect Bites

**Important Botanical Clarification:**  
It is necessary to address a critical point regarding plant identification before proceeding. In standard botanical literature, there is no recognized species formally classified as *Piper minimum*. The common name ""Pipermin"" typically refers to **Peppermint** (*Mentha piperita*), which belongs to a different plant family (Lamiaceae). However, within the *Piper* genus (Piperaceae)—which is the focus of this guide—the species most widely documented in Southeast Asian traditional medicine for treating skin irritations and insect bites (*Gigitan Serangga*) is **_Piper betle_** (Betel Leaf) or **_Piper sarmentosum_**. 

Using an incorrectly identified plant can lead to ineffective treatment or adverse reactions. The following guide is based on the preparation of **_Piper betle_**, which is the standard species used for this indication in the region. If you are using Peppermint, please heed the specific safety warnings in Section 5.

#### 1. Identification
To ensure safety and efficacy, correct identification of the plant is the most critical step. Verify if the plant matches the characteristics of *Piper betle*:
*   **Growth Habit:** A perennial creeping or climbing vine with slender, jointed stems that often root at the nodes.
*   **Leaf Shape:** Look for heart-shaped (cordate) leaves with a pointed tip.
*   **Texture:** The leaves should be smooth, glossy, and somewhat leathery, typically dark green.
*   **Aroma:** When crushed, the leaves emit a distinct, pungent, spicy aroma characteristic of the pepper family. If the plant has a minty smell and a square stem, it is likely Peppermint, not a *Piper* species.

#### 2. Harvesting
Sustainable and clean harvesting ensures the potency of the remedy and the health of the plant.
*   **Timing:** Harvest leaves in the morning after the dew has dried but before the midday sun becomes intense. This is when essential oil content is typically highest.
*   **Selection:** Choose mature, healthy leaves that are free from spots, insect damage, or discoloration. Avoid the youngest leaves at the tip of the vine, as well as old, tough leaves near the base.
*   **Method:** Use clean, sharp scissors or a knife to cut the leaf stem close to the node. Avoid tearing the vine. Harvest only what is needed for immediate use.
*   **Cleaning:** Rinse the leaves thoroughly under clean running water to remove dust and potential contaminants. Pat dry with a clean cloth.

#### 3. Preparation Method
The goal is to extract the essential oils and active phytochemicals (such as eugenol and chavicol) responsible for the anti-inflammatory and antimicrobial properties.
*   **Materials Needed:** 3–5 fresh leaves, a clean mortar and pestle (or a clean flat stone), and a small amount of clean water or virgin coconut oil (optional).
*   **Step 1:** Tear the cleaned leaves into smaller pieces to facilitate crushing.
*   **Step 2:** Place the pieces into the mortar.
*   **Step 3:** Grind or pound the leaves firmly until a uniform, moist green paste is formed. The goal is to rupture the plant cells to release the juices and oils.
*   **Step 4 (Optional):** If the paste is too dry to adhere to the skin, add a few drops of clean water or coconut oil to achieve a spreadable consistency.
*   **Step 5:** Prepare the remedy immediately before application. Do not store the paste, as oxidation reduces potency and increases the risk of bacterial contamination.

#### 4. Application
Proper application minimizes the risk of infection and maximizes the soothing effect.
*   **Clean the Area:** Gently wash the insect bite area with mild soap and water. Pat dry with a clean towel.
*   **Patch Test:** Before full application, apply a small amount of the paste to an unaffected area of skin (e.g., inner forearm) and wait 15 minutes to check for immediate irritation.
*   **Application:** Apply a thin layer of the fresh paste directly onto the insect bite.
*   **Covering:** If necessary, cover the area loosely with a sterile gauze bandage to prevent the paste from rubbing off. Do not seal tightly with plastic, as this can macerate the skin.
*   **Frequency:** The paste can be reapplied 2–3 times daily until swelling and itching subside. Discard any unused paste after 24 hours.

#### 5. Safety & Contraindications
While traditional remedies are generally well-tolerated, they are not without risk. Exercise caution in the following situations:
*   **Allergic Reactions:** Individuals sensitive to plants in the *Piperaceae* family may experience contact dermatitis. Discontinue use immediately if redness, burning, or increased swelling occurs.
*   **Open Wounds:** Do not apply the paste to broken skin, deep puncture wounds, or bites that have been scratched open, as this may cause stinging or introduce contaminants.
*   **Sensitive Groups:** Use with extreme caution on children, pregnant women, or individuals with compromised immune systems or skin conditions like eczema. Consult a healthcare provider before use.
*   **Critical Warning for ""Pipermin"" (Peppermint):** If the plant you have is actually Peppermint (*Mentha piperita*), **do not apply it to the face or chest of infants or children under 8 years of age.** The menthol content can cause severe respiratory distress, including potentially fatal apnea, in young children.
*   **Medical Attention:** This remedy is intended for minor insect bites. Seek professional medical attention immediately if the bite shows signs of infection (pus, excessive heat, red streaks) or if the victim exhibits systemic symptoms like fever or difficulty breathing.

*Disclaimer: This information is based on traditional ethnobotanical knowledge and is for educational purposes only. It is not a substitute for professional medical advice, diagnosis, or treatment.*","{""task"": ""preparation"", ""language"": ""en"", ""indication"": ""Gigitan Serangga""}",,
"As an ethnobotany expert, explain how to prepare Klabet to treat Pelancar Air Susu Ibu (ASI).","To treat Pelancar Air Susu Ibu (ASI) using Klabet:
Ingredients:
- Klabet
  Scientific name: Trigonella foenum-graeceum L
  Part: biji
  Dose: 3 x 2 g serbuk biji/hari

Preparation:
biji dihaluskan menjadi serbuk, seduh dengan 1 cangkir air mendidih, diamkan, saring dan diminum selagi hangat.

Safety Information:
Contraindications: kehamilan dan alergi
Warnings: dapat menurunkan kadar gula darah
Side effects: nyeri ulu hati","As an ethnobotany expert, explain how to prepare Klabet (Fenugreek) to treat 'Pelancar Air Susu Ibu (ASI)' (a traditional indication for enhancing breast milk production). Please address the following:

1. **Preparation Method**: Step-by-step instructions on how to prepare Klabet for this specific use.
2. **Usage Guidelines**: Recommended dosage, frequency, and duration of use.
3. **Safety & Context**: Any relevant safety considerations, contraindications, or traditional context regarding its use for lactation.

Ensure the response is in English and maintains a professional, expert tone.

Reference Data:
{""task"": ""preparation"", ""language"": ""en"", ""indication"": ""Pelancar Air Susu Ibu (ASI)""}","### Traditional Preparation of Klabet (Fenugreek) for Lactation Support

Klabet (*Trigonella foenum-graecum*), commonly known as fenugreek, has long been valued in traditional households for supporting *Pelancar Air Susu Ibu (ASI)*—the flow of breast milk. The following guide outlines a traditional kitchen preparation method that honors generations of practice while ensuring safe and effective use during the postpartum period.

#### 1. Preparation Method

A warm decoction (herbal tea) is the most common and effective preparation, extracting beneficial saponins and flavonoids while remaining gentle on the digestive system.

**Ingredients:**
- 1 teaspoon to 1 tablespoon of whole Klabet seeds (approximately 3–5 grams)
- 2 cups (500 ml) of clean water
- Optional: A small piece of palm sugar (gula Jawa) or honey for taste

**Instructions:**

1. **Rinse:** Place the seeds in a fine-mesh strainer and rinse thoroughly under cool running water to remove any dust or debris.

2. **Light Roasting (Optional but Recommended):** To enhance the aroma and reduce the seeds' natural bitterness, lightly roast the rinsed seeds in a dry pan over low heat. Stir constantly for 2–3 minutes until fragrant and slightly deeper golden. Avoid burning, as this introduces unwanted bitterness.

3. **Crushing:** Once cooled, gently crush the seeds using a mortar and pestle. Breaking the seed coat helps release active compounds during brewing. A coarse crush is sufficient—do not grind into a fine powder.

4. **Soaking (Optional for Enhanced Extraction):** For optimal release of galactagogue compounds, the crushed seeds may be soaked in the water for 4 to 8 hours (or overnight) before simmering. This softens the seed coat further.

5. **Simmering:** Place the crushed seeds (and soaking water, if used) into a pot with 2 cups of water. Bring to a gentle boil, then reduce heat to low. Cover and simmer for 10 to 15 minutes. The liquid should turn a pale yellowish-amber color. Avoid a rolling boil, as excessive heat may degrade beneficial volatile oils.

6. **Steeping:** Turn off the heat and let the seeds steep for an additional 5 minutes for full extraction.

7. **Straining:** Pour the liquid through a fine-mesh sieve or cheesecloth into a cup or thermos. Discard the used seeds.

8. **Serving:** Drink the infusion warm. If desired, stir in a small amount of palm sugar or honey once the liquid has cooled slightly to preserve the sweetener's beneficial properties.

#### 2. Usage Guidelines

Consistency and moderation are key when incorporating Klabet into a breastfeeding routine, as effects are cumulative rather than immediate.

- **Dosage:** One cup (approximately 250 ml) per serving.
- **Frequency:** Once or twice daily. Many find it beneficial to drink one cup in the morning and another in the evening. Starting with one cup allows the body to adjust.
- **Duration:** Use for 1 to 2 weeks to observe effects on milk supply. Most mothers notice changes within 48 to 72 hours. Once desired milk volume is achieved, frequency can be tapered. It is not intended for indefinite long-term use without a break.
- **Timing:** Drinking the warm infusion about 30 minutes before a feeding session can support the let-down reflex through warmth and hydration.

#### 3. Safety & Context

While Klabet is a natural seed used in both cooking and traditional care, it acts on the body's systems and requires mindful use.

- **Pregnancy Contraindication:** Klabet should **not** be consumed during pregnancy. It has traditional associations with stimulating uterine contractions, which could pose risks before term. This preparation is strictly for postpartum use.

- **Blood Sugar Levels:** Fenugreek may lower blood sugar levels. Mothers with diabetes or hypoglycemia should monitor their levels closely and consult a healthcare provider before use, as it may potentiate the effect of hypoglycemic medications.

- **Thyroid Considerations:** There is some evidence that fenugreek may interfere with thyroid hormone levels. Those with thyroid disorders should use it with caution and seek medical guidance.

- **Medication Interactions:** Individuals taking blood-thinning medications should exercise caution, as fenugreek can have mild anticoagulant effects.

- **Allergies:** Because Klabet belongs to the Fabaceae (legume) family, individuals with allergies to peanuts, chickpeas, or other legumes should avoid its use.

- **Side Effects:** Some users may experience heartburn or gastrointestinal discomfort. Klabet may also cause a harmless but noticeable maple-syrup-like scent in the mother's sweat or the baby's urine—this is normal and not cause for alarm.

- **Infant Reaction:** Watch for signs of excessive gas or fussiness in the infant, as some babies may be sensitive to compounds passed through the milk.

- **Holistic Context:** In traditional Javanese postpartum care, Klabet is considered a ""warming"" agent that aids recovery after childbirth. It is typically part of a broader regimen that includes adequate rest, hydration, and nutrient-dense soups (such as chicken or fish broth). Herbal support works best when the mother is well-nourished and supported emotionally.

- **Medical Consultation:** This preparation is intended to complement, not replace, professional medical advice. If there are concerns about milk supply, latch issues, or infant weight gain, please consult a midwife, lactation consultant, or doctor.

Approach this remedy with patience. Every mother and baby pair is unique, and what works gently for one may need adjustment for another. Listen to your body and prioritize comfort and connection during this nurturing period.","{""task"": ""preparation"", ""language"": ""en"", ""indication"": ""Pelancar Air Susu Ibu (ASI)""}",,
"Minangka ahli etnobotani, nerangake carane nggawe jampi saka godhong slobber kanggo nambani wasir.","Kanggo nambani wasir nggunakake godhong Iler:
Bahan:
- Godhong drool
  Jeneng ilmiah: Coleus scutellariodes (l) benth.
  Bagian: godhong seger
  Dosis: 1 x 25 g godhong / dina.

Cara Nggawe:
Bahan-bahan kasebut digodhog nganggo banyu 2 gelas nganti suda setengah, adhem, saring lan diombe.

Informasi Keamanan:
Larangan: meteng, nyusoni lan bocah-bocah
Warning: tekanan rah rendah lan ulkus weteng
Efek samping: gangguan irama jantung, tekanan getih mudhun, sirah lan pasuryan abang","Minangka ahli etnobotani, sumangga nerangaken kanthi rinci lan teliti babagan tata cara nyiapaken jampi saking godhong iler (Coleus scutellarioides) kangge nambani penyakit wasir.

Mangga dipun tundhuti paugeran ing ngandhap menika:
1. **Basa**: Ngginakaken Basa Jawi Krama Inggil ingkang leres lan sopan.
2. **Bahan Baku**: Fokus utami inggodhong iler (ingkang ugi kawentar kanthi nama ""Daun iler"" ing sawetawis konteks).
3. **Isi Penjelasan**:
   - Nerangaken khasiat godhong iler kangge wasir miturut pangaweruh etnobotani.
   - Nyebataken bahan-bahan tambahan ingkang dipun betahaken (menawi wonten).
   - Nerangaken langkah-langkah pembuatan jampi kanthi urut, wiwit saking pemilahan godhong, pangolahan, dumugi cara ngginakaken.
   - Nyebataken takaran utawi dosis ingkang disarankaken.
   - Menehi pangeling-eling utawi peringatan menawi wonten efek samping utawi kondisi tartamtu ingkang mboten pareng ngginakaken jampi menika.

Data Referensi Tambahan:
{""task"": ""preparation"", ""language"": ""jv"", ""jv_herb_name"": ""Daun iler"", ""register"": ""Krama_Inggil""}","Sugeng rawuh, Panjenengan. Mugi-mugi Panjenengan tansah pinaringan kasarasan lan kabagyan. Ngrumaosi gerah wasir punika memang saged nggangu kenyamanan aktivitas saben dinten. Minangka salah satunggaling tetuwuhan ingkang sampun dipun kenal ing masyarakat Jawi, godhong iler (*Coleus scutellarioides*) gadhah potensi kangge mbantu ngurangi gejala ingkang Panjenengan rasakaken. Kula badhe nerangaken kanthi runtut babagan tata cara nyiapaken jampi saking godhong iler punika, mugi-mugi saged dados pitutur ingkang migunani.

**Khasiat Godhong Iler Miturut Pangaweruh Etnobotani**
Miturut pangaweruh etnobotani lan kawruh leluhur, godhong iler gadhah sipat anti-inflamasi (anti-radang), astringen, lan analgesik (nyuda rosa lara). Kandungan senyawa alami ing salebetipun saged mbiyantu nyuda pembengkakan pembuluh darah vena ing area dubur, ngleremaken rasa perih lan gatel, sarta mbantu ngempet pendarahan ringan kanthi nyepetaken penyembuhan jaringan ingkang rusak.

**Bahan-Bahan ingkang Dipunbetahaken**
Kangge ndamel jampi punika, bahan-bahan ingkang dipunbetahaken cukup prasaja:
1. Godhong iler ingkang taksih seger lan wernanipun ijo peteng (kirang langkung 7 dumugi 10 lembar).
2. Toya resik (kirang langkung 2 gelas utawi 500 ml kangge godhogan, utawi secukupipun kangge rendaman).
3. Uyah laut sakedhik (minangka antiseptik alami).
4. Minyak kelapa utawi minyak zaitun sakedhik (menawi badhe ndadosaken salep obat oles).

**Langkah-Langkah Pembuatan Jampi**
Sumangga dipuntindakaken langkah-langking ing ngandhap menika kanthi teliti:

1. **Pemilahan lan Paresikan:**
   Pilihen godhong iler ingkang taksih seger, boten layu, lan mboten kenging hama. Resikaken godhong menika kanthi ngumbah ngginakaken toya ingkang mili supados lebu utawi rereget saged ical. Menawi perlu, rendhem rumiyin ngginakaken toya uyah sakedhik kalih 10 menit lajeng bilas malih.

2. **Proses Pangolahan (Wonten Kalih Pilihan):**
   - **Cara Kapisan (Kagem Obat Oles/Salep):** Tumbuk utawi uleg godhong iler wau ngantos alus. Tambahaken uyah sakedhik lan minyak kelapa supados adonan mboten garing lan gampil dipuntempelaken.
   - **Cara Kaping Kalih (Kagem Kompres utawi Rendaman):** Godhog toya resik ngantos umub, lajeng lebokaken godhong iler ingkang sampun resik sareng uyah sakedhik. Kurangi geni lan terasaken nggodhog kirang langkung 10 dumugi 15 menit ngantos toya menyusut setengahipun lan werninipun owah. Mateni geni, lajeng saring toya godhogan wau.

**Cara Ngginakaken lan Takaran**
Jampi menika langkung utami dipunginakaken kanthi cara eksternal (saking njawi awak):
1. **Obat Oles:** Tempelaken tumbukan godhong iler ing area ingkang bengkak, tutup ngginakaken kasa resik, lan betahaken wekdal 15 dumugi 30 menit.
2. **Kompres:** Celupaken kain resik lan alus dhateng toya godhogan ingkang taksih anget kuku, lajeng kompresaken ing area wasir kalih 10 dumugi 15 menit.
3. **Rendaman (*Sitz Bath*):** Lenggah ing wadhah ingkang isi toya godhogan anget kuku kangge merendam area dubur kalih 10 dumugi 15 menit, utaminipun sasampunipun buang air besar.
4. **Dosis lan Frekuensi:** Tindakaken perawatan menika 2 dumugi 3 kali sedinten (enjang lan sore) ngantos pembengkakan suda. 

**Pangeling-eling lan Peringatan Penting**
Sanajan godhong iler punika tanaman alami, wonten sawetawis perkawis ingkang kedah dipungatosaken supados tetep aman:
1. **Reaksi Alergi:** Kagem Panjenengan ingkang gadhah kulit sensitif, sumangga tes rumiyan kanthi nempelaken sakedhik jampi ing kulit tangan. Menawi muncul rasa panas, gatel tambah parah, utawi ruam, enggal-enggal mandhegaken pangginak lan bilas ngginakaken toya resik.
2. **Konsumsi Internal:** Ngombé jampi menika mboten disarankaken tanpa pengawasan ahli ingkang kompeten, amargi takaran ingkang lepat saged ndadosaken efek samping kados ta tekanan getih mudhun, gangguan irama jantung, utawi iritasi maag.
3. **Ibu Hamil lan Menyusui:** Kangge ibu ingkang saweg hamil utawa menyusui, langkung sae konsultasi rumiyin kaliyan bidan utawi dhokter saderengipun ngginakaken jampi menika.
4. **Kondisi Parah:** Menawi wasir sampun medalaken getih ingkang kathah, wonten benjolan ingkang mboten saged mlebet malih, utawi nyeri ingkang sanget, sumangga enggal-enggal konsultasi kaliyan tenaga medis profesional. Jampi tradisional punika sifatipun minangka perawatan pendamping lan mboten nggantosaken tindakan medis ingkang genting.

Mugi-mugi penjelasan menika saged mbantu Panjenengan ingkang saweg ngupados kasembuhan. Kasarasan punika bandha ingkang paling aji, mila jaga lan rawatlah awak kanthi sabar lan teliti. Mugi-mugi Panjenengan enggal waras lan saged aktivitas malih kanthi nyaman.","{""task"": ""preparation"", ""language"": ""jv"", ""jv_herb_name"": ""Daun iler"", ""register"": ""Krama_Inggil""}",,
"As an ethnobotany expert, explain how to prepare Temulawak to treat Batu Empedu.","To treat Batu Empedu using Temulawak:
Ingredients:
- Temulawak
  Scientific name: Curcuma xanthorhiza Roxb.
  Part: rimpang segar
  Dose: 1x 30 g rimpang/hari

Preparation:
bahan dipotong-potong, direbus dengan 2 gelas air sampai menjadi separuhnya, dinginkan, saring dan diminum sekaligus.

Safety Information:
Contraindications: sumbatan saluran empedu, kuning
Warnings: batu ginjal, obat pengencer darah
Side effects: iritasi lambung","As an ethnobotany expert, explain how to prepare Temulawak (Curcuma xanthorrhiza, a traditional medicinal rhizome) to treat Batu Empedu (gallstones). Please adhere to the following task parameters:

{""task"": ""preparation"", ""language"": ""en"", ""indication"": ""Batu Empedu""}

Your response should:
1. Define the key terms (Temulawak and Batu Empedu) briefly within the context of traditional medicine.
2. Provide a step-by-step guide on the preparation method.
3. Ensure the instructions are clear, safe, and culturally accurate.
4. Maintain the language specified in the parameters above.","**Definitions**

**Temulawak** (*Curcuma xanthorrhiza*), often referred to as Java ginger, is a rhizome native to Indonesia. Distinct from common turmeric, it is a cornerstone of traditional Javanese medicine (*Jamu*) prized for its hepatoprotective and choleretic properties. It stimulates bile production and release, largely due to its active compounds, curcuminoids and xanthorrhizol. 

**Batu Empedu** refers to gallstones—hardened deposits of digestive fluid that form in the gallbladder. They can obstruct bile ducts, leading to significant pain, inflammation, and impaired digestion. 

***

**Critical Safety Warning**

Gallstones are a serious medical condition. While Temulawak is traditionally used to support bile flow, stimulating the gallbladder when a stone is present can dislodge it, potentially causing a life-threatening bile duct obstruction. **Do not use this preparation** if you suspect a complete blockage, indicated by jaundice, high fever, or severe, unrelenting pain in the upper right abdomen. This preparation should never replace professional medical evaluation and ultrasound monitoring. 

***

**Preparation Method: Traditional Decoction**

This method aims to extract the active curcuminoids and xanthorrhizol safely and effectively.

**Ingredients and Tools:**
*   30–50 grams of fresh Temulawak rhizome (roughly the size of a thumb).
*   500–600 ml (approx. 2 to 2.5 cups) of filtered water.
*   Optional: A small piece of tamarind (*Asam Jawa*, approx. 10g) to aid extraction and taste; honey or palm sugar for palatability.
*   A non-reactive pot (stainless steel or clay; avoid aluminum to prevent chemical reactions with plant compounds).
*   A brush, knife, cutting board, and strainer or cheesecloth.

**Step-by-Step Instructions:**

1.  **Cleaning:** Thoroughly wash the rhizome under running water, using a brush to remove all soil. Do not peel the skin excessively, as beneficial compounds reside near the surface, but discard any damaged or rotten sections.
2.  **Slicing:** Slice the rhizome into thin discs, approximately 2–3 millimeters thick. Increasing the surface area ensures a more efficient extraction of the active constituents.
3.  **Boiling:** Place the slices into the pot with the water (and tamarind, if using). Bring to a boil over medium heat.
4.  **Simmering:** Once boiling, reduce the heat to low. Partially cover the pot and simmer for 15 to 20 minutes. The liquid should reduce slightly and turn a deep yellow-orange. Avoid boiling vigorously, as excessive heat degrades the volatile oils.
5.  **Straining:** Remove the pot from the heat and allow it to cool slightly. Strain the decoction into a clean container, discarding the fibrous plant material.
6.  **Finishing:** If desired, add a small amount of honey or palm sugar once the liquid is warm (not boiling) to improve taste.

***

**Dosage, Monitoring, and Contraindications**

*   **Dosage:** Consume approximately 100–150 ml (half to one small glass) once or twice daily, preferably after meals to minimize gastric discomfort.
*   **Duration:** Do not consume continuously for more than two weeks without a break or medical reassessment.
*   **Contraindications:** Avoid this preparation if you are pregnant, breastfeeding, or have acute cholecystitis or known bile duct obstruction.
*   **Interactions:** Consult a healthcare provider before use if you are taking blood-thinning medications (anticoagulants), as Temulawak may enhance their effect.
*   **Discontinuation:** Discontinue use immediately and seek clinical care if you experience increased abdominal pain, nausea, vomiting, pale stools, or dark urine, as these may indicate a blocked bile duct.","{""task"": ""preparation"", ""language"": ""en"", ""indication"": ""Batu Empedu""}",,
"Minangka ahli etnobotani, nerangake carane nggawe jampi saka Black Gum kanggo nambani lemes.","Kanggo nambani lemes lan lesu, gunakake Black Gum:
Bahan:
- Black Gathering
  Jeneng ilmiah: Curcuma aeruginosa Roxb.
  Bagian: rhizome
  Dosis: 1 x 1 jempol / dina a) Dewasa lan bocah-bocah > 11 taun: 1 x 1 cangkir / dina b) Anak umur 1-3 taun 1 x 1 sdm (saka dosis diwasa) / dina c) Anak umur 3-6 taun 1 x 2 sdm (saka dosis diwasa) / dina d) Anak-anak umur 6-9 taun dosis 1 x) 9-11 taun 1 x ½ tuwung (saka dosis diwasa) / dina

Cara Nggawe:
Cara nggawe/nggunakake (kanggo bocah > 11 taun lan diwasa): bahan giling, tambahake 1 gelas banyu anget, diremas, dipun-saring lan dientekake sawetara wektu. Bagian bening dijupuk, diombe sedina sepisan.","Minangka ahli etnobotani, sumangga nerangaken kanthi rinci langkah-langkah nggawe jampi saking Tuwuhan Black Gum kangge nambani sakit lemes. Mugi-mugi penjelasanipun ngginakaken Basa Jawa Krama Inggil lan nyebutaken jeneng herbal kasebut minangka ""Temu Hitam"".

Data Konfigurasi:
{""task"": ""preparation"", ""language"": ""jv"", ""jv_herb_name"": ""Temu Hitam"", ""register"": ""Krama_Inggil""}","Sugeng rawuh. Matur nuwun sanget atas kapercayanipun. Babagan kondisi raga ingkang kraos lemes utawi kirang semangat, seserepan leluhur nyimpen solusi ingkang alami saking Tuwuhan Temu Hitam. Tetuwuhan punika gadhah sipat anget ingkang sae kangge nghangataken badan saha ngembalaken kekiyatan.

Kangge ngolah Temu Hitam dados jampi, sumangga dipunmanut langkah-langkah ingkang rinci punika:

**Piranti saha Bahan:**
1. Rimpang Temu Hitam ingkang taksih seger (kirang langkung 2-3 rimpang utawi ukuran jempol).
2. Toya resik (kirang langkung 3 gelas utawi 500 ml).
3. Madu murni, gula jawa, utawi gula batu (kangge nyuda raos pait saha nambah tenaga).
4. Panci lempung utawi stainless steel (sumangga ampun ngginakaken aluminium supados khasiat boten rusak) saha saringan resik.

**Langkah-langkah Pandamelan:**

1. **Pamilahan lan Paresikan:**
   Pilih rimpang Temu Hitam ingkang seger, awet, lan mboten kenang hama. Resikaken kanthi toya ingkang mili supados reresik saking lemah. Menawi saged, kulitipun dipunserut kanthi alus supados boten ngrusak isi rimpangipun.

2. **Pengirisan utawi Penggeprekan:**
   Iris tipis-tipis rimpang kasebut utawi dipungeprek kanthi alus. Makaten sari-sarinipun saged medal kanthi sampurna nalika dipunolah.

3. **Panggodhogan:**
   Lebetaken irisan Temu Hitam wonten ing panci, lajeng tuangaken toya resik. Godog kanthi geni ingkang sedeng, lajeng alitaken geninipun. Dipunantos ngantos toyanipun nyuda dados kirang langkung 1 gelas utawi kirang langkung 15 menit, saha warninipun owah dados coklat peteng. Proses menika dipunlampahi kanthi sabar supados khasiat saking Temu Hitam saged nyampur kanthi sae kaliyan toyanipun.

4. **Penyaringan lan Penambahan Rasa:**
   Mateni geni, lajeng saring toya godhogan menika supados ampasipun pisah. Supados langkung sedhep, saged dipuntambahi gula jawa utawi gula batu nalika taksih benter. Dene kangge madu, sumangga dipuntambahaken nalika toya sampun anget kuku (mboten panas sanget) amargi panas ingkang kelebeten saged ngirangi khasiat madu punika.

5. **Aturan Ngunjuk:**
   Ramuan menika saenipun dipununjuk nalika taksih anget, sedinten sepisan, kanthi alon-alon supados khasiatipun saged dipunraosaken kanthi maksimal. Saged wekdal enjang sasampunipun sarapan utawi wekdal sore dinten.

Mugi-mugi kanthi ngginakaken Temu Hitam punika, raga saged malih seger lan raos lemes saged ical. Tetepa njagi pola dhahar saha istirahat ingkang cekap. Elinga, menawi raos lemes dereng ugi ical utawi wonten gejala ingkang mboten biasa, sumangga konsultasi kaliyan ahli kesehatan supados pikantuk penanganan ingkang langkung jangkep. Alam menika sahabat, nanging kehati-hatian menika utama.","{""task"": ""preparation"", ""language"": ""jv"", ""jv_herb_name"": ""Temu Hitam"", ""register"": ""Krama_Inggil""}",,
"As an ethnobotany expert, explain how to prepare Saga to treat Batuk.","To treat Batuk using Saga:
Ingredients:
- Saga
  Scientific name: Abrus precatorius L.
  Part: daun
  Dose: 3 x 5 g daun/hari

Preparation:
bahan direbus dengan 2 gelas air menjadi setengahnya, dinginkan, saring dan diminum sekaligus.

Safety Information:
Warnings: gangguan jantung
Side effects: penggunaan yang berlebihan atau dalam jangka yang lama dapat menyebabkan udem dan tekanan darah tinggi","As an ethnobotany expert, explain how to prepare Saga (a traditional medicinal plant) to treat Batuk (a cough or respiratory ailment).

Please adhere to the following task parameters:
{""task"": ""preparation"", ""language"": ""en"", ""indication"": ""Batuk""}

Your response should:
1. Identify the specific plant referred to as 'Saga' in the context of treating 'Batuk'.
2. Detail the step-by-step preparation method.
3. Explain the traditional usage and dosage.
4. Maintain a professional, expert tone suitable for ethnobotanical guidance.","In the context of treating *Batuk* (cough), the plant referred to as Saga is *Abrus precatorius* L., commonly known as Jequirity or Rosary Pea. Locally, it is often distinguished as ""Saga Rambat"" to differentiate it from the tree species *Adenanthera pavonina* (""Saga Pohon"" or ""Saga Laut""), which has a different chemical profile. 

It is imperative to approach this subject with extreme sobriety and caution. While the leaves of *Abrus precatorius* have a historical lineage of use for respiratory ailments, the seeds contain abrin, a highly toxic toxalbumin that can be lethal if ingested. Therefore, traditional preparation focuses exclusively on the leaves, and the margin between a therapeutic dose and a toxic dose is dangerously narrow. The following information is provided for ethnobotanical understanding and should not be interpreted as a recommendation for unsupervised home treatment.

**Preparation Method**

Historically, when this preparation was undertaken by experienced traditional healers, strict protocols were followed to minimize toxicity while extracting the plant's demulcent and expectorant properties.

1.  **Selection and Verification:** Harvest approximately 10 to 15 grams (roughly 10 to 15 leaves) of fresh, young leaves. It is critical to verify that no seed pods are present among the harvested material. If any seeds are found, the entire batch must be discarded immediately.
2.  **Cleaning:** Rinse the leaves gently but thoroughly under running water to remove soil and debris. Care should be taken not to crush or bruise the leaves prior to boiling, as damaging the cell walls may release higher concentrations of undesirable compounds.
3.  **Decoction:** Place the cleaned leaves in a clay or stainless steel pot with approximately 600 milliliters of clean water. Bring the water to a boil, then reduce the heat to a simmer.
4.  **Reduction:** Allow the mixture to simmer until the water volume reduces by approximately half, to around 300 milliliters. This typically takes 15 to 20 minutes. Prolonged boiling is discouraged, as it may degrade active compounds or alter the chemical profile unpredictably.
5.  **Filtration:** Remove the pot from the heat and strain the liquid through a fine cloth or sieve to remove all plant matter. The resulting liquid should be clear to light amber in color. Allow it to cool to a lukewarm temperature before consumption.

**Traditional Usage and Dosage**

In traditional practice, this decoction is utilized as a short-term intervention for persistent coughs, not as a daily beverage.

*   **Dosage:** The standard dose is a small cup (approximately 100 milliliters), taken two to three times daily.
*   **Administration:** The liquid is consumed warm to soothe the throat and bronchial passages. It is traditionally taken after eating to reduce gastric irritation.
*   **Duration:** Use is strictly limited to short durations, typically not exceeding three to five days. If symptoms persist, the preparation must be discontinued immediately.

**Safety and Clinical Considerations**

The use of Saga carries significant risk, and professional oversight is strongly advised. 

*   **Contraindications:** This preparation is strictly contraindicated for children, pregnant or nursing women, the elderly, and individuals with compromised kidney or liver function. It should also be avoided by individuals with heart conditions.
*   **Adverse Effects:** Excessive use or long-term consumption can lead to edema and high blood pressure. Discontinue use immediately if signs of nausea, vomiting, diarrhea, or dizziness occur, as these may indicate toxicity.
*   **Alternatives:** Given the availability of safer herbal alternatives with similar soothing properties, the use of Saga is increasingly discouraged outside of supervised traditional practice. Respiratory ailments can vary significantly in etiology, and reliance on potent botanicals with known toxicity profiles poses considerable health risks. Always consult a qualified healthcare provider before considering this remedy.","{""task"": ""preparation"", ""language"": ""en"", ""indication"": ""Batuk""}",,
"Minangka ahli etnobotani, nerangake carane nggawe jampi saka beluntas Cina kanggo nambani Fish Eyes.","Kanggo nambani Fish Eyes nggunakake beluntas Cina:
Bahan:
- beluntas Cina
  Jeneng ilmiah: Gynura divaricata, G segetum (Lour.) Merr.
  Bagian: godhong seger
  Dosis: 3 x 5 g godhong / dina.

Cara Nggawe:
materi wis ulig, banjur smeared ing wilayah sing kena pengaruh, bandage lan dibusak dina sabanjuré.","Minangka ahli etnobotani, sumangga nerangaken kanthi rinci lan ngginakaken basa Krama Inggil babagan caranipun nyiapaken jampi saking tetanduran ""beluntas cina"" kangge nambani penyakit ""Fish Eyes"". Sumangga sageda ngemot langka-langkah ingkang cetha, wiwit saking pemilihan bahan, proses pangolahan, dumugi cara pangagemipun.

{""task"": ""preparation"", ""language"": ""jv"", ""jv_herb_name"": ""beluntas cina"", ""register"": ""Krama_Inggil""}","Nuwun, mugi-mugi Panjenengan tansah pinaringan kasarasan lan ketentreman. Babagan panuwunan Panjenengan ngengingi tata cara nyawisaken jampi saking tetanduran Beluntas Cina kangge nambani gerah ""Fish Eyes"" utawi ""Mata Ikan"", sumangga kula aturaken pandhuanipun kanthi rinci.

Mekatenbuh, istilah ""Fish Eyes"" ing pangobatan tradhisional limrah ngemu teges gangguan ing permukaan kulit awujud kapalan utawi kutil ingkang keras, sanès gerah ing mata ingkang sejatos. Mula saking menika, kawaspadaan ing panggunaan jampi menika penting sanget. Wonten tata cara ingkang saged Panjenengan tindakaken kanthi telaten:

**1. Pamilihan Bahan**
Langkah ingkang sepisan inggih punika milih godhong Beluntas Cina ingkang taksih seger, warninipun ijo royo-royo, lan bébas saking tilas hama utawi lelara. Saenipun mundhut godhong ingkang taksih enem wonten ing pucuking wit, amargi kandhutan sarinipun dipunpitadosi taksih kandel. Menawi saged, jupuk godhong kasebat nalika enjang wekdal embun taksih nempel.

**2. Pangresikan**
Sasampunipun godhong kasebat dipunkempalaken, kumbahana ngginakaken toya resik ingkang mili ngantos lerep saking lebu lan regedan ical. Sasampunipun resik, tiriska wonten ing papan ingkang teduh supados toyanipun asat kanthi alami, boten kaperlo kajembaraken ngginakaken srengéngé langsung.

**3. Pangolahan Jampi**
Menawi toya cucian sampun asat, tumbuk godhong kasebat ngginakaken lesung utawi cobek ingkang resik ngantos alus sanget kados pasta. Kangge nambah kasiyatipun lan mbantu nglembèkaken sarta narik inti saking ""Mata Ikan"" wau, saged dipuncampuraken uyah dapur sakedhik kemawon (kirang langkung seujung kuku), lajeng aduk ngantos rata.

**4. Pangageman Jampi**
Saderengipun jampi dipuntempelaken, wisuh rumiyin pérangan kulit ingkang gerah ngginakaken toya anget. Toya anget menika gunanipun kangge nglemesaken kulit ingkang atos supados sari jampi langkung gampang nyerep. Sasampunipun asat, olesaken pasta Beluntas Cina wau kanthi rata ing pérangan ingkang sakit kanthi ketebalan kirang langkung satengah sentimeter. Lajeng tutup ngginakaken kain kasa, godhong pisang ingkang sampun dipunwisuh, utawi perban resik supados jampi boten gampil gésér. Jampi menika saenipun dipungantos kaping kalih saben dinten (enjang lan sonten), utawi dipuntempelaken nalika dalu sadèrèngipun sare supados saged makarya kanthi optimal wekdal istirahat.

**5. Kawaspadaan lan Pepeling**
Salamiy proses penyembuhan, Panjenengan kedah sabar lan telaten. Tiyang saben pribadi gadhah kondisi kulit ingkang bènten. Manawi kulit raos panas, gatel ingkang boten limrah, utawi katingal abang lan bengkak, enggal siram ngginakaken toya ngantos resik lan hentikan panggunaan jampi kasebat. Menawi sasampunipun sawetawis dinten gerah boten wonten pangobetan utawi malah tambang parah, sumangga lerena pangobatan tradhisional punika lan sumrambah dhateng tenaga medis utawi dhokter kangge pananganan ingkang langkung trep.

Mugi-mugi kanthi ikhtiar lan ketlatenan, gangguan punika saged ical lan Panjenengan enggal dipunparingi kasembuhan dening Gusti Ingkang Maha Kuwasa.","{""task"": ""preparation"", ""language"": ""jv"", ""jv_herb_name"": ""beluntas cina"", ""register"": ""Krama_Inggil""}",,
"Sebagai pakar etnobotani, jelaskan cara membuat ramuan dari Brotowali untuk mengobati Kudis.","Untuk mengobati Kudis menggunakan Brotowali:
Bahan:
- Brotowali
  Nama ilmiah: Tinospora cripa Miers.
  Bagian: batang segar
  Dosis: 2 x 2 jari batang segar/hari

Cara Pembuatan:
bahan dihaluskan bersama minyak kelapa secukupnya. Oleskan pada bagian yang sakit.

Informasi Keamanan:
Efek samping: gatal dan kemerahan","Sebagai pakar etnobotani, jelaskan secara rinci cara membuat ramuan dari Brotowali (Tinospora crispa) untuk mengobati Kudis (skabies). Pastikan penjelasan mencakup langkah-langkah persiapan, metode pengolahan, dan cara aplikasi yang aman.

Konteks Tugas:
{""task"": ""preparation"", ""language"": ""id"", ""indication"": ""Kudis""}","Penggunaan Brotowali (*Tinospora crispa*) untuk mengatasi kudis (skabies) telah lama dikenal dalam pengobatan tradisional. Kandungan senyawa alkaloid, terpenoid, dan glikosida pada batang tanaman ini bersifat antiparasit, antiseptik, dan anti-inflamasi yang dapat membantu meredakan gatal. Namun, perlu dipahami bahwa kudis disebabkan oleh tungau *Sarcoptes scabiei* yang sangat menular. Ramuan ini sebaiknya diposisikan sebagai perawatan pendukung dan bukan pengganti pengobatan medis jika infeksi sudah parah.

Berikut adalah panduan rinci mengenai persiapan, pengolahan, dan aplikasi ramuan Brotowali yang aman:

### 1. Identifikasi dan Persiapan Bahan
Kesalahan identifikasi tanaman dapat berakibat fatal, pastikan Anda menggunakan bahan yang tepat.
*   **Ciri Fisik:** Pilih batang Brotowali yang tua dan segar (berwarna hijau kecokelatan, memiliki kutil-kutil/ruas jelas, dan rasa sangat pahit). Hindari batang muda atau berjamur.
*   **Pembersihan:** Cuci batang di bawah air mengalir untuk menghilangkan debu dan tanah. Sikat perlahan bagian permukaannya jika diperlukan.
*   **Alat:** Siapkan panci stainless steel, enamel, atau tanah liat (hindari aluminium agar senyawa aktif tidak bereaksi), pisau bersih, dan saringan atau kain kasa.

### 2. Metode Pengolahan
Terdapat dua metode yang dapat digunakan sesuai kondisi kulit:

**A. Metode Rebusan (Dekokta)** – Lebih lembut untuk kulit yang mengalami iritasi berat.
1.  Potong sekitar 1 hingga 1,5 meter batang Brotowali menjadi ukuran kecil (3–5 cm) atau memarkan (geprek) agar sari pati lebih mudah keluar.
2.  Masukkan potongan batang ke dalam panci dan tambahkan 1,5 hingga 2 liter air bersih.
3.  Rebus dengan api sedang. Setelah mendidih, kecilkan api dan biarkan mendidih perlahan (simmer) selama 15–30 menit hingga air menyusut dan berwarna kuning kecokelatan.
4.  Matikan api, biarkan hingga hangat kuku, lalu saring cairan ke dalam wadah bersih.

**B. Metode Tumbuk (Pasta)** – Konsentrasi zat aktif lebih kuat, namun harus hati-hati pada luka terbuka.
1.  Siapkan batang Brotowali sepanjang kurang lebih 2 jari.
2.  Tumbuk batang hingga halus, lalu campurkan dengan sedikit minyak kelapa murni secukupnya hingga membentuk pasta yang mudah dioleskan.

### 3. Cara Aplikasi yang Aman
Penggunaan yang keliru dapat memicu iritasi tambahan pada kulit yang sudah sensitif.
*   **Uji Tempel (Patch Test):** Sebelum digunakan secara luas, oleskan sedikit ramuan pada area kulit sehat (misalnya lengan bagian dalam). Tunggu 24 jam. Jika muncul kemerahan hebat, bengkak, atau rasa terbakar, hentikan penggunaan.
*   **Pembersihan Area:** Bersihkan area kudis dengan air hangat dan sabun lembut, lalu keringkan dengan menepuk-nepuk handuk bersih (jangan digosok).
*   **Aplikasi:**
    *   *Rebusan:* Gunakan air rebusan untuk membasuh tubuh (fokus pada area gatal) atau kompres menggunakan kain kasa selama 10–15 menit. Tidak perlu dibilas agar sari pati bekerja, kecuali jika terasa tidak nyaman.
    *   *Pasta:* Oleskan secara tipis pada bintil kudis, diamkan selama 30 menit, lalu bilas dengan air bersih.
*   **Frekuensi:** Lakukan aplikasi 1–2 kali sehari. Setelah kulit kering, Anda dapat mengoleskan minyak kelapa murni sebagai pelembap alami karena Brotowali cenderung memberikan efek kering pada kulit.

### 4. Peringatan Keamanan dan Kebersihan Lingkungan
Mengobati kudis tidak cukup hanya dengan obat luar; kebersihan lingkungan adalah kunci agar tidak terjadi infeksi ulang.
*   **Hanya untuk Penggunaan Luar:** Jangan mengonsumsi ramuan ini secara sembarangan karena berisiko membebani kerja hati dan ginjal.
*   **Hindari Luka Dalam:** Jangan mengoleskan pasta pada luka terbuka yang dalam atau kulit yang sudah terinfeksi nanah untuk menghindari iritasi berlebih.
*   **Higiene Pribadi dan Lingkungan:** Potong kuku pendek untuk mencegah luka garukan. Cuci semua pakaian, seprai, dan handuk dengan air panas dan jemur di bawah sinar matahari langsung untuk mematikan tungau.
*   **Pengobatan Serentak:** Kudis sangat menular; jika satu anggota keluarga terkena, pertimbangkan untuk melakukan perawatan secara bersamaan.
*   **Kapan Harus Ke Dokter:** Segera hentikan penggunaan dan konsultasikan ke fasilitas kesehatan jika gejala tidak membaik setelah 3–7 hari, muncul reaksi alergi, terjadi infeksi sekunder (kulit bernanah atau demam), atau jika penderita adalah ibu hamil, bayi, dan individu dengan daya tahan tubuh lemah.","{""task"": ""preparation"", ""language"": ""id"", ""indication"": ""Kudis""}",,
"Minangka ahli etnobotani, nerangake carane nggawe decoction saka lengkuas kanggo nambani sprains.","Kanggo nambani sprains nggunakake Lengkuas:
Bahan:
- Galang
  Jeneng ilmiah: Alpinia galanga L.
  Bagian: rimpang seger
  Dosis: 1 x 1 rhizome / dina

Cara Nggawe:
tlatah bahan, tambahake banyu sing cukup lan aplikasi menyang wilayah sing kena.","Minangka ahli etnobotani, sumangga nerangaken kanthi rinci lan jangkep babagan tata cara damel decoction (godhogan) saking lengkuas kangge nambani sprains (keseleo).

Mangga suwun dipun tundhupi pandhuan punika miturut paugeran ingkang kaserat ing data berikut:
{""task"": ""preparation"", ""language"": ""jv"", ""jv_herb_name"": ""Lengkuas"", ""register"": ""Krama_Inggil""}

Pandhuan kedah ngginakaken Basa Jawi Krama Inggil ingkang leres, ngemot definisi istilah teknis ingkang dipun ginakaken, sarta nyawisaken langkah-langkah ingkang sistematis lan gampil dipun tindakaken.","Sugeng pangestu dhumateng Panjenengan. Mugi-mugi Panjenengan tansah pinaringan kasarasan lan ketentreman. Kula ngertos bilih keseleo utawi sprains punika ndadosaken gerah lan ngganggu aktivitas dinten-dinten. Mboten perlu kuwatos, alam sampun nyawisaken tetuwuhan ingkang saged dados usada, inggih punika Lengkuas.

Saderengipun mlebet dhateng tata caranipun, sumangga dipunmangertosi sawetawis istilah teknis ingkang dipunginakaken:
1. **Decoction (Godhogan):** Metode ekstraksi sari tetuwuhan kanthi cara nggodhog bahan ingkang atos (kados rimpang) ing toya panas, supados zat aktifipun saged medal lan larut kanthi sampurna.
2. **Zat Anti-inflamasi:** Kandhutan ing salebetipun tetuwuhan ingkang mupangat kangge nyuda peradangan, mbabar bengkak, lan ngirangi raos sakit.
3. **Sprains (Keseleo):** Cedera ing ligamen utawi jaringan penghubung tulang marga gerakan ingkang kelewat batas, nyebabaken bengkak lan rados sakit.

Kagem nambani keseleo, lengkuas dipunginakaken minangka obat njawi (kompres). Menika tata cara damel godhoganipun kanthi sistematis:

**Bahan lan Piranti ingkang Dipunbetahaken:**
*   **Rimpang Lengkuas (Alpinia galanga):** Kirang langkung 100 gram. Pilih ingkang tuwa utawi sepuh (warninipun coklat enom lan krasa pedhes) amargi kandhutan minyak atsirinipun langkung kathah saged nghangataken badan.
*   **Toya Resik:** 500 ml (kirang langkung setengah liter).
*   **Uyah Dapur:** Secubit alit, kagem nambah efektivitas penyerapan lan khasiat anti-inflamasi.
*   **Panci:** Ngginakaken panci tanah liyat, keramik, utawi stainless steel. Dipunsuwun mboten ngginakaken panci aluminium supados mboten wonten reaksi kimia kaliyan zat aktif tetuwuhan.
*   **Pisau, Telenan, lan Saringan/Kain Kasa resik.**

**Langkah-langkah Damel Decoction:**
1.  **Ngresikaken Bahan:** Cuci lengkuas ngginakaken toya mili supados lebu lan regedan ical. Boten perlu dikupas kulitipun ngantos resik sanget, cukup dipunsikat alon-alon. Menawi wonten perangan ingkang rusak utawi ireng, sumangga dipunbuang.
2.  **Ngiris utawi Ngeprek:** Iris lengkuas tipis-tipis utawi gepruk (pecahaken) supados permukaan kontak kaliyan toya langkung jembar. Cara punika ndadosaken sari-sarining lengkuas gampil medal nalika dipungodhog.
3.  **Proses Nggodhog:** Lebetaken irisan lengkuas, uyah, lan toya dhateng panci. Godhog kanthi geni alit kanthi dipuntutup ngantos toyanipun menyusut dados separonipun (saking 500 ml dados kirang langkung 250 ml) utawi wekdalipun kirang langkung 20-30 menit. Geni alit penting supados kandhutan lengkuas mboten rusak amargi panas ingkang kelewat inggil. Toya badhe owah warna dados kekuningan utawi kecoklatan lan ambunipun khas.
4.  **Nyaring lan Pendinginan:** Mateni geni, lajeng saring toya godhogan kagem misahaken ampasipun. Ampas lengkuas saged dipunpendhem dhateng lemah minangka wujud syukur dhumateng alam. Tientosi godhogan ngantos anget kuku (suam-suam kuku). Sampun ngantos ngginakaken toya godhogan nalika taksih panas sanget amargi saged ndadosaken kecalan (melecur).

**Tata Cara Panganggenipun:**
*   Celupaken kain resik dhateng toya godhogan ingkang sampun anget, lajeng peras sakedhik.
*   Tempelaken kain wau dhateng perangan badan ingkang keseleo kanthi alus. Ampun dipunpijet utawi dipuntekan kanthi kiyat, cukup dikompres kemawon supados bengkakipun suda.
*   Tahan kompres wau kirang langkung 15-20 menit. Lakoni 2 ngantos 3 kali sedenten ngantos bengkak lan laripun surut.

**Pepeling Penting:**
*   Godhogan punika namung kangge ngginakaken ing njawi badan (eksternal). Ampun dipununjuk.
*   Menawi ing perangan ingkang keseleo wonten luka ingkang mbikak utawi getihen, ampun dipuntempeli godhogan punika kagem ngindhari infeksi.
*   Menawi bengkak boten surut ing salebeting tigang dinten, lara tambah parah, utawi badan mboten saged obah babar pisan, sumangga segera konsultasi dhumateng tenaga medis profesional kagem pamriksaan langkung jangkep.

Mugi-mugi pandhuan punika saged migunani. Rawat badan kanthi sabar, lan mugi-mugi Panjenengan enggal waras kados sediakala.","{""task"": ""preparation"", ""language"": ""jv"", ""jv_herb_name"": ""Lengkuas"", ""register"": ""Krama_Inggil""}",,
"Sebagai pakar etnobotani, jelaskan cara membuat ramuan dari Sambiloto untuk mengobati Eksim.","Untuk mengobati Eksim menggunakan Sambiloto:
Bahan:
- Sambiloto
  Nama ilmiah: Andrographis paniculata (Burm. f) Nees
  Bagian: herba segar
  Dosis: 1x15 lembar daun/hari

Cara Pembuatan:
bahan diseduh dengan 1 cangkir air mendidih, dinginkan, saring dan diminum sekaligus.

Informasi Keamanan:
Larangan: kehamilan, menyusui, alergi, anak
Peringatan: hati-hati pada orang yang diterapi obat pengencer darah.
Efek samping: alergi dosis besar menimbulkan rasa tidak enak di perut, mual, muntah, tidak nafsu makan mungkin karena rasa pahitnya.","Berperanlah sebagai pakar etnobotani. Berdasarkan data berikut, jelaskan secara rinci cara mempersiapkan ramuan dari tanaman Sambiloto untuk mengobati Eksim.

Data Tugas:
{""task"": ""preparation"", ""language"": ""id"", ""indication"": ""Eksim""}

Pastikan penjelasan Anda mencakup:
1. Identifikasi bagian tanaman Sambiloto yang digunakan.
2. Langkah-langkah persiapan dan pengolahan ramuan.
3. Metode aplikasi atau konsumsi yang tepat untuk treating Eksim.
4. Catatan keamanan atau efek samping potensial.","Penggunaan tanaman Sambiloto (*Andrographis paniculata*) untuk kondisi kulit seperti eksim memiliki dasar dalam praktik pengobatan tradisional, namun memerlukan pendekatan yang sangat hati-hati mengingat sensitivitas kulit yang terkena eksim serta potensi efek fisiologis senyawa aktifnya, seperti andrografolid. Berikut adalah panduan teknis preparasi dan penggunaannya berdasarkan perspektif etnobotani.

### 1. Identifikasi Bagian Tanaman
Bagian tanaman yang paling efektif digunakan adalah **daun**, karena mengandung konsentrasi senyawa anti-inflamasi dan antimikroba tertinggi. 
* **Daun segar:** Diutamakan untuk aplikasi luar (topikal) karena kandungan minyak atsiri dan senyawa volatilnya masih utuh. Pilih daun hijau tua yang utuh, tidak berlubang oleh hama, dari tanaman berusia 3–4 bulan.
* **Daun kering:** Dapat digunakan untuk preparasi rebusan, baik untuk kompres luar maupun konsumsi internal, asal pengeringan dilakukan tanpa sinar matahari langsung agar senyawa aktif tidak rusak.

### 2. Langkah-langkah Persiapan dan Pengolahan
Higiene harus menjadi prioritas utama untuk mencegah infeksi sekunder pada kulit yang sudah teriritasi.

**A. Preparasi Topikal (Pasta)**
1. Ambil 10–15 lembar daun segar, cuci bersih di bawah air mengalir. Rendam sebentar dalam larutan air garam encer untuk desinfeksi awal, lalu bilas kembali.
2. Tumbuk daun menggunakan lumpang batu atau keramik hingga halus dan keluar sari pati pekat. Hindari alat logam untuk mencegah oksidasi senyawa aktif.
3. Tambahkan 2 sendok makan minyak kelapa murni (VCO) atau minyak zaitun untuk membentuk pasta kental. Minyak ini berfungsi sebagai pembawa (carrier) yang membantu penetrasi sari patinya sekaligus melembapkan kulit kering akibat eksim.

**B. Preparasi Topikal (Air Rebusan/Kompres)**
1. Rebus 10–15 gram daun (segar atau kering) dalam 2 gelas (400–500 ml) air bersih.
2. Gunakan panci tanah liat atau stainless steel; hindari aluminium.
3. Rebus dengan api kecil hingga air tersisa sekitar 1 gelas. 
4. Matikan api, biarkan dingin hingga suhu ruang, lalu saring dengan kain kasa steril untuk memastikan tidak ada partikel daun yang tertinggal.

**C. Preparasi Internal (Opsional)**
1. Rebus 5–10 gram daun kering dalam 2 gelas air hingga tersisa 1 gelas.
2. Saring dan biarkan hangat. Ramuan ini memiliki rasa yang sangat pahit, yang merupakan karakteristik alami tanaman.

### 3. Metode Aplikasi atau Konsumsi
Untuk eksim, aplikasi topikal lebih disarankan untuk menyasar area peradangan secara langsung dan meminimalkan beban sistemik tubuh.

* **Uji Tempel (Patch Test):** Sebelum aplikasi luas, oleskan sedikit ramuan pada area kulit sehat (misalnya lengan bagian dalam) dan tunggu 24 jam. Jika muncul kemerahan, bengkak, atau gatal hebat, hentikan penggunaan.
* **Aplikasi Pasta:** Oleskan pasta tipis pada area yang meradang, tutup dengan kasa steril jika perlu. Biarkan selama 15–20 menit, lalu bilas lembut dengan air bersih tanpa menggosok. Lakukan 2 kali sehari (pagi dan sore).
* **Aplikasi Kompres:** Basahi kapas atau kasa steril dengan air rebusan dingin, lalu kompreskan pada area eksim selama 10–15 menit.
* **Konsumsi Internal:** Jika dipilih sebagai pendukung tradisional, minum 1 gelas kecil air rebusan per hari setelah makan. Jangan konsumsi jangka panjang; lakukan maksimal 5–7 hari, lalu beri jeda.

### 4. Catatan Keamanan dan Efek Samping Potensial
Sambiloto adalah tanaman dengan profil farmakologis kuat; penggunaannya tidak boleh dianggap remeh.

* **Iritasi Kulit:** Pada kulit yang luka terbuka akibat garukan atau sangat sensitif, kontak langsung dapat menyebabkan dermatitis kontak, rasa perih, atau gatal yang memburuk. Segera bilas dengan air mengalir jika terjadi reaksi berlebih.
* **Kontraindikasi Ketat:** Sangat tidak disarankan untuk ibu hamil (berpotensi merangsang kontraksi rahim) dan menyusui. Individu dengan tekanan darah rendah (hipotensi) atau kondisi autoimun juga harus menghindarinya atau berkonsultasi dengan dokter terlebih dahulu.
* **Interaksi Obat:** Hati-hati jika sedang mengonsumsi obat pengencer darah, obat diabetes, atau obat tekanan darah, karena Sambiloto dapat memperkuat efek obat-obatan tersebut.
* **Efek Sistemik:** Konsumsi internal berlebihan dapat memicu mual, muntah, rasa tidak enak di perut, penurunan nafsu makan, dan kelelahan.
* **Peringatan Medis:** Eksim adalah kondisi dermatologis yang kompleks. Ramuan ini bersifat suportif dan bukan pengganti diagnosis atau perawatan medis profesional. Jika eksim tidak membaik atau menunjukkan tanda infeksi sekunder (bernanah, demam, nyeri hebat), segera hubungi tenaga kesehatan.","{""task"": ""preparation"", ""language"": ""id"", ""indication"": ""Eksim""}",,
"Minangka ahli etnobotani, nerangake carane nggawe jampi saka jae kanggo nambani pilek.","Kanggo nambani selesma nggunakake jae:
Bahan:
- jae
  Jeneng ilmiah: Zingiber officinale Rosc. var. rubrum
  Bagian: rimpang seger
  Dosis: 3 x 1 sendok teh saben dina, paling sethithik 3 dina

Cara Nggawe:
pil 3 rhizomes diperes.

Informasi Keamanan:
Larangan: meteng lan bocah-bocah ing umur 2 taun
Pènget: dikonsumsi nalika meteng, saged nyebabake aborsi, dosis gedhe> 6 g saged nyebabake lambung.
Efek samping: nambah asam lambung.","Minangka ahli etnobotani, please nerangake langkah-langkah rinci kanggo nggawe jampi saka jae kanggo nambani pilek. Pastikan jawaban sampeyan nggunakake Basa Jawa Krama Inggil sing sopan lan bener.

Konteks lan Paramèter Tugas:
{""task"": ""preparation"", ""language"": ""jv"", ""jv_herb_name"": ""jae"", ""register"": ""Krama_Inggil""}","Sugeng rawuh. Mugi-mugi Panjenengan tansah pinaringan kasarasan lan ketentreman. Menawi Panjenengan nembe ngraos kurang kepranan amargi pilek, rimpang jae punika saged dados pitulungan ingkang sae kagem ngangetaken badan saha ngicalaken gejala ingkang boten mranani.

Ing ngandhap punika, langkah-langkah rinci kagem ndamel jampi saking jae:

**Bahan-bahan ingkang dipunbetahaken:**
1. **Jae abang utawi jae emprit** ingkang taksih seger (kirang langkung 2-3 ruas utawi 20 gram). Jae abang gadhah kandhutan minyak atsiri ingkang langkung kathah saengga langkung mangfaat kagem ngangetaken badan.
2. **Toya resik** kirang langkung 2 gelas (400-500 ml).
3. **Gula jawa, gula batu, utawi madu** minangka pemanis alami.
4. **Serai utawi kayu manis** (menawi wonten, kagem nambah angeting badan), saha **jeruk nipis** (sethithik, kagem nambah vitamin C).

**Tata Cara Damelipun:**

1. **Ngresiki Jae:** Kumbah jae ngantos resik saking lebu ngginakaken toya ingkang mili. Boten perlu dipunupas kulitipun kanthi resik sanget, cekap dipunserut sakedhik kemawon supados sari-sarinipun boten ical, nanging menawi taksih resik, kulitipun ugi gadhah khasiat.
2. **Nyiapaken Jae:** Kempulaken utawi gebug jae supados pecah, utawi dipuniris tipis-tipis. Langkah punika penting supados minyak atsiri saha zat aktif ingkang saged nambani pilek saged medal kanthi sampurna nalika dipungodhog.
3. **Proses Nggodhog:** Lebetaken jae kaliyan toya wonten ing panci, menawi ngginakaken serai saged dipunlebetaken ugi. Godhog kanthi geni ingkang alit kirang langkung 10 dumugi 15 menit, ngantos toyanipun suda separonipun saha warninipun malih dados kuning semu coklat. Ampun ngantos umeb sanget supados khasiatipun boten risak amargi panas ingkang kelangkungaan.
4. **Nyaring lan Nambah Pemanis:** Memadham geni, saring toya godhogan jae wonten ing gelas. Salajengipun, dipunparingi gula jawa utawi gula batu miturut selera. Menawi ngginakaken madu, prayoginipun dipunlebetaken nalika unjukan sampun rada adhem (boten panas banget) supados nutrisi madunipun boten risak. Jeruk nipis saged dipunperes sethithik menawi kersa.
5. **Cara Ngunjuk:** Unjukan jampi menika nalika taksih anget, utaminipun saderengipun sare utawi nalika nembe ngraos dingin. Saged dipununjuk 2 dumugi 3 kali saben dinten. Rasa anget saking jae saged mbiyantu mbukak saluran pernapasan saha ngirangi rasa pegel ing badan.

**Pènget Kagem Kasarasan:**
- Panjenengan ingkang gadhah riwayat gangguan lambung kedah ngatos-atos; prayoginipun boten ngunjuk nalika dereng dhahar saha boten ngginakaken dosis ingkang langkung gedhe, amargi jae saged nambah asam lambung.
- Kangge ibu ingkang meteng saha bocah ingkang taksih alit (umur kirang langkung 2 taun), sumangga nyuwun pirsa dhumateng dhokter saderengipun ngginakaken jampi punika, amargi dosis ingkang kelangkungaan saged nyebabaken risiko ingkang boten sae.
- Menawi gejala pilek boten nampakaken owah-owahan ingkang sae, sumangga Panjenengan nyuwun pirsa dhumateng ahli medis.

Mugi-mugi kanthi jampi alam punika, kasarasanipun Panjenengan saged enggal pulih lan badan rumaos seger malih. Tansah jagi wekdal sare ingkang cekap saha ngunjuk toya putih ingkang kathah. Nuwun.","{""task"": ""preparation"", ""language"": ""jv"", ""jv_herb_name"": ""jae"", ""register"": ""Krama_Inggil""}",,
"Minangka ahli etnobotani, nerangake carane nggawe jampi saka katepeng kebo kanggo nambani eksim.","Kanggo nambani eksim nggunakake katepeng kebo:
Bahan:
- kebo kebo
  Jeneng Ilmiah: Cassia alata (L)
  Bagian: godhong
  Dosis: 2 x 3-5 bêsik / dina

Cara Nggawe:
Bahan-bahan kasebut diremuk, banjur diolesake ing wilayah sing kena.

Informasi Keamanan:
Pènget: kebersihan pribadi kudu diutamakake","Minangka ahli etnobotani, sumangga nerangaken kanthi rinci lan jangkep babagan tata cara nyiapaken jampi saking katepeng kebo kangge nambani penyakit eksim. Anggenipun nerangaken, mugi ngginakaken Basa Jawa Krama Inggil supados pas lan pakurmatan.

{""task"": ""preparation"", ""language"": ""jv"", ""jv_herb_name"": ""katepeng kebo"", ""register"": ""Krama_Inggil""}","Sugeng rawuh. Mugi-mugi panjenengan tansah pinaringan kasarasan lan ketentreman. Ngenani lelara eksim ingkang asring ndadosaken raos gatel, panas, lan boten kepenak ing kulit, alam sampun nyawisaken tetanduran ingkang saged dados piranti penyembuhan. Salah satunggaling tetanduran ingkang sampun kapercaya turun-temurun inggih menika katepeng kebo. Godhongipun katepeng kebo gadhah sipat ingkang saged nentremaken kulit, nyuda radhang, lan ngredhakaken rasa gatel.

Kangge nyawisaken jampi menika, wonten tata cara ingkang kedah dipun gatekaken kanthi teliti supados asilipun saged maksimal lan aman. Sumangga dipun manah langkah-langkah ing ngandhap menika:

**1. Milih lan Mundhut Godhong**
Langkah ingkang pisanan inggih menika mundhut godhong katepeng kebo ingkang taksih seger. Pilih godhong ingkang enem nanging sampun mekar sempurna, warninipun ijem robyong, lan mboten kenang hama utawi lelara. Langkung sae menawi dipunundhut ing wekdal enjing dinten nalika embun sampun garing, amargi kandhutan zat ingkang migunani taksih kathah. Kethok kirang langkung sak genggem tangan kangge sakali pangangge.

**2. Ngresikaken Godhong**
Sadèrèngipun dipunolah, godhong menika kedah dipun kumbah resik ngginakaken toya ingkang mili. Menika penting sanget supados lebu, kotoran, utawi zat sanès ingkang nempel saged ical, saha ngindhari infeksi tambahan ing kulit ingkang sensitif. Sasampunipun resik, tiriskan rumiyin wonten ing wadah ingkang resik.

**3. Numbuk Ngantos Lembut**
Sasampunipun resik, godhong katepeng kebo dipun iris alit-alit lajeng dipun tumbuk ngantos lembut dados pasta ngginakaken lumpang lan alu ingkang resik. Menawi panjenengan kersa, saged dipun tambahaken sedhetik minyak kelapa murni supados adonan langkung lembut lan gampil nempel, utawi manawi rumaos kental sanget, saged dipun tambah toya anget sakedhik kemawon.

**4. Cara Ngagem ing Kulit**
Sadèrèngipun ngolesaken jampi, resikaken rumiyin bageyan kulit ingkang kena eksim ngginakaken toya anget lajeng dipun suciaken kanthi kain resik. Lajeng, olesaken adonan godhong menika kanthi alon-alon. Ampun ngantos kegesek keras amargi saged ndadosaken kulit langkung iritasi. Menawi perlu, saged dipun tutup ngginakaken kain kasa resik. Kangge panjenengan ingkang gadhah kulit sensitif, prayoginipun nyoba ngolesaken sakedhik rumiyin ing bageyan kulit ingkang alit kangge mastikaken boten wonten reaksi ingkang boten sae.

**5. Wektu lan Cara Nglampahi Perawatan**
Jampi kasebat dipun jaraken ngantos rumaos garing, kirang langkung 30 menit dumugi 1 jam. Sasampunipun, resikaken malih kulit ngginakaken toya anget ingkang suam-suam kuku, lajeng garingaken kanthi cara ditap-tap ngginakaken kain ingkang resik lan alus. Lampahi pengobatan menika kaping kalih sedinten, inggih menika enjing lan sonten. Konsistensi menika kunci utama supados kulit saged pulih kanthi alon-alon.

**Pepeling Kaslametan**
Sanajan menika usadha tradhisional ingkang sampun turun-temurun, saben tiyang gadhah sensitivitas kulit ingkang bènten. Menawi sasampunipun dipun angge kulit malah katingal langkung abrit, bengkak, utawi rumaos panas ingkang boten biyasa, enggal-enggal mandheg ngginakaken lan kumbah ngginakaken toya resik. Tansah jaga kebersihan kulit, ngindhari panganan ingkang saged ndadosaken alergi, lan ngagem busana ingkang longgar supados kulit saged ambegan. Menawi lelara boten ugi mundhur utawi kondisi tambah parah, mugi panjenengan kersa priksa dhumateng dhokter utawi ahli kesehatan kangge perawatan ingkang langkung jangkep.

Mugi-mugi ikhtiar menika mbeta berkah kesembuhan kangge panjenengan. Kesabaran lan ketelatenan ing ngrawat diri menika kunci utama ingkang mboten kalah pentingipun kaliyan jampi ingkang dipun ginakaken. Mugi panjenengan enggal waras lan saged aktivitas kanthi kepenak malih.","{""task"": ""preparation"", ""language"": ""jv"", ""jv_herb_name"": ""katepeng kebo"", ""register"": ""Krama_Inggil""}",,
"Minangka ahli etnobotani, nerangake carane nggawe racikan saka katepeng kebo kanggo nambani tinea versicolor.","Kanggo nambani tinea versicolor nggunakake katepeng kebo:
Bahan:
- kebo kebo
  Jeneng Ilmiah: Cassia alata L
  Bagian: godhong
  Dosis: 2 x 1 sakepel / dina

Cara Nggawe:
bahan kasebut digiling karo 1/3 sendok teh tawas. Gosok ing wilayah sing kena

Informasi Keamanan:
Pènget: kebersihan pribadi kudu diutamakake
Efek samping: durung kacarita.","Minangka ahli etnobotani, sumangga nerangaken kanthi rinci lan ngginakaken Basa Krama Inggil babagan tata cara nyiapaken racikan saking ""katepeng kebo"" kangge nambani penyakit tinea versicolor (panu).

Instruksi Tambahan:
- Definisinen istilah teknis ingkang dipunginakaken kanthi bas ingkang gampil dimangertosi.
- Pecaah tugas kompleks dados langkah-langkah ingkang sistematis lan gampil dipuntindakaken.
- Pastekaken struktur jawaban tersusun kanthi header lan bullet points supados cetha.

Konteks Tambahan:
{""task"": ""preparation"", ""language"": ""jv"", ""jv_herb_name"": ""katepeng kebo"", ""register"": ""Krama_Inggil""}","# Pandhuan Ngracik Katepeng Kebo kangge Nanggulangi Panu

Monggo, menika penjelasan rinci babagan tata cara nyiapaken racikan tradhisional saking tanduran **Katepeng Kebo** kangge ngatasi masalah kulit panu. Mugi-mugi pandhuan menika saged mbiyantu Panjenengan kanthi sae.

## 1. Pangertosan Istilah Teknis
Supados langkung gampil dimangertosi, wonten sawetawis istilah ingkang dipunjlentrehaken:

*   **Tinea Versicolor (Panu):** Penyakit kulit ingkang dipunsebabaken dening jamur. Tandhanipun wonten bercak pethak utawi coklat ing kulit ingkang kadhangkala gatel.
*   **Katepeng Kebo:** Tanduran tradhisional ingkang godhongipun gadhah kasiat antijamur lan anti-radang, kerap dipunginakaken kangge nambani masalah kulit luar.
*   **Topikal:** Cara ngginakaken obat ingkang namung diolesaken utawi dipuntempelaken ing kulit jawi, lan mboten dipununjuk.
*   **Ekstrak:** Sari utawi air perasan saking godhong ingkang sampun dipunuleg ngkang ngemot zat aktif tambahan.

## 2. Bahan lan Piranti ingkang Dipunbetahaken
Saderengipun miwiti, sumangga nyiapaken bahan lan piranti ingkang resik:

*   **Godhong Katepeng Kebo Seger:** Kira-kira 5 dumugi 7 lembar, pilih ingkang warninipun ijo tuwa lan mboten rusak.
*   **Tawas:** Kira-kira 1/3 sendok teh, kangge nambah daya obat nahan jamur.
*   **Toya Resik:** Kangge ngumbah lan ngencerkaken racikan.
*   **Cobek lan Uleg-ulegan:** Kangge nglembukaken godhong.
*   **Kain Kasa utawi Kain Resik:** Kangge nyaring air perasan (menawi dipunbetahaken).
*   **Wadah Alit:** Kangge nampung hasil perasan.

## 3. Urutan Tata Cara Ngracik kanthi Sistematis
Monggo tindakaken langkah-langkah ing ngandhap menika kanthi teliti:

*   **Langkah Sepisan: Ngresiki Bahan**
    *   Kumbah godhong Katepeng Kebo ngginakaken toya resik ingkang mili ngantos lebu ical.
    *   Tiriskan godhong menika dumugi setengah garing.

*   **Langkah Kalih: Nglembukaken Godhong**
    *   Lebetaken godhong ingkang sampun resik dhateng cobek.
    *   Tambahaken tawas sakedhik lan toya resik (kira-kira 2 sendok makan) supados gampil dipunuleg.
    *   Uleg godhong menika dumugi halus lan medal air perasanipun.

*   **Langkah Tiga: Nyaring Ekstrak (Opsional)**
    *   Menawi Panjenengan kersa ngginakaken air sari kemawon, saring hasil ulegan ngginakaken kain kasa lan peras supados sarinipun medal sedaya.
    *   Menawi remen ngginakaken bubur godhong, langkah menika saged dipunlangkungi.

*   **Langkah Papat: Ngaplikasikaken ing Kulit**
    *   Resikaken bagian kulit ingkang kena panu ngginakaken toya anget lan sabun, lajeng garingaken.
    *   Olesaken air perasan utawi bubur godhong Katepeng Kebo dhateng area kulit ingkang gerah.
    *   Biarkan ngantos garing dhewe (kira-kira 15-20 menit), lajeng bilas ngginakaken toya resik.

## 4. Cathetan Penting lan Keselamatan
Kangge njagi keselamatan lan kasiat ingkang optimal, wonten sawetawis hal ingkang kedah dipungatosaken:

*   **Uji Coba Alergi:** Saderengipun dipunginakaken ing area ingkang wiyar, cobios olesaken sakedhik ing kulit tangan. Menawi wonten raos panas utawi abrit ingkang berlebihan, enggal dipunbilas lan ampun dipunterasaken.
*   **Konsistensi:** Lakoni pengobatan menika kanthi rutin 2 kali sedinten (enjang lan sore) dumugi bercak panu memudar.
*   **Kebersihan Diri:** Panu gampil balik menawi kondisi kulit tetep lembab. Pastekaan tansah adus lan ngginakaken sandhangan ingkang garing.
*   **Konsultasi Medis:** Menawi sasampunipun 2 minggu mboten wonten perubahan utawi malah nyebar, sumangga ngubungi tenaga medis profesional. Racikan tradhisional menika sifatipun pendamping lan mboten nggantosaken pengobatan medis.","{""task"": ""preparation"", ""language"": ""jv"", ""jv_herb_name"": ""katepeng kebo"", ""register"": ""Krama_Inggil""}",,
"Minangka ahli etnobotani, nerangake carane nggawe jampi saka Tapak Liman kanggo nambani mriyang.","Kanggo nambani nyuda mriyang nggunakake Tapak Liman:
Bahan:
- Tapak Liman
  Jeneng ilmiah: Elephantopus scaber L.
  Bagian: godhong
  Dosis: 1 x 2 godhong / dina

Cara Nggawe:
Godhok bahan dadi setengah karo banyu 2 gelas, adhem, saring, lan ngunjuk bebarengan.

Informasi Keamanan:
Larangan: meteng, nyusoni lan bocah-bocah
Efek samping: dosis gedhe nyebabake tremor lan kelemahan otot","Minangka ahli etnobotani, sumangga nerangake kanthi rinci langkah-langkah nggawe jampi saka tanduran ""Tapak Liman"" kangge nambani mriyang. Mohon ngginakaken basa Jawa Krama Inggil ing sadaya wangsulan panjenengan.

Data Tugas:
{""task"": ""preparation"", ""language"": ""jv"", ""jv_herb_name"": ""Tapak liman"", ""register"": ""Krama_Inggil""}","Ingkang kinurmatan, mugi panjenengan tansah dipun paringi kasarasan dening Gusti Ingkang Maha Kuwaos. Babagan tanduran Tapak Liman (Elephantopus scaber L.) ingkang badhe kaangge jampi kangge nambani mriyang, wonten tata cara ingkang kedah dipun tindakaken kanthi teliti supados asilipun sae lan aman.

Kaping sepisan, sumangga panjenengan milih godhong Tapak Liman ingkang taksih seger, boten kenang hama, lan warninipun ijem royo-royo. Cacahipun kirang langkung gangsal ngantos pitu lembar godhong. Menawi saged, akaripun ingkang resik ugi saged kaangge kangge nambah khasiat.

Kaping kalih, resikana tanduran kasebut ngginakaken toya ingkang mili supados lebu saged ilang kanthi tuntas. Menawi perlu, rendhem sekedhap ngginakaken toya ingkang dipun paringi uyah sakedhik, lajeng bilas malih ngginakaken toya resik supados jampi boten ngrisak weteng.

Kaping tiga, siapaken kendhil utawi panci ingkang resik. Lebetaken toya resik kathahipun kalih gelas, lajeng godhok ngantos umub. Menawi toya sampun umub, lebetaken godhong Tapak Liman wau, nyilikaken geni, lajeng tutup. Godhoga ngginakaken geni ingkang alit supados sari-sarinipun medal kanthi sampurna. Ngentosi ngantos toya susut dados satunggal gelas. Warninipun badhe owah dados coklat enom, nuduhaken sari tanduran sampun medal.

Kaping sekawan, saring toya godhogan ngginakaken kain resik utawi saringan alus. Ngunjua nalika taksih anget. Saged kaunjuk ping kalih saben dinten, enjang lan sonten, sasampunipun nedha. 

Mugi dipun wigatosaken ugi babagan keamanan jampi menika. Dosis ingkang dipun anjuraken inggih punika boten nglangkungi kalih godhong saben dintenipun, amargi dosis ingkang kelewat gedhe saged njalari tremor lan kelemahan otot. Kajawi punika, jampi menika boten dipun parengaken kangge ibu ingkang mbobot, nyusoni, saha bocah-bocah.

Salajengipun, panjenengan kedah sare ingkang cekap lan ngunjuk toya putih ingkang kathah. Menawi mriyang mboten tedhak sasampunipun tigang dinten utawi kawontenanipun langkung awrat, sumangga enggal-enggal konsultasi kaliyan tenaga kesehatan utawi dhokter kangge pananganan ingkang langkung trep.

Mugi-mugi ikhtiar punika saged mbantu ngicalaken gerah lan panjenengan enggal waras.","{""task"": ""preparation"", ""language"": ""jv"", ""jv_herb_name"": ""Tapak liman"", ""register"": ""Krama_Inggil""}",,
"As an ethnobotany expert, explain how to prepare Sambiloto to treat Mencret.","To treat Mencret using Sambiloto:
Ingredients:
- Sambiloto
  Scientific name: Andrographis paniculata (Burm. f) Nees
  Part: herba
  Dose: 2x10 g herba/hari

Preparation:
bahan direbus dengan 3 gelas air sampai menjadi 1 gelas, dinginkan, saring, bagi menjadi 2 bagian.

Safety Information:
Contraindications: kehamilan, menyusui, alergi, anak
Warnings: air perasan dapat menimbulkan bengkak pada mata.
Side effects: alergi, pernah dilaporkan timbul urtikaria setelah minum rebusan sambiloto.","As an ethnobotany expert, provide a detailed guide on how to prepare Sambiloto (Andrographis paniculata) to treat Mencret (diarrhea).

Context Data:
{""task"": ""preparation"", ""language"": ""en"", ""indication"": ""Mencret""}

Instructions:
1. **Term Clarification**: Briefly define 'Sambiloto' and 'Mencret' within the context of traditional medicine.
2. **Preparation Steps**: Outline the step-by-step process for preparing the remedy, including dosage forms (e.g., decoction, powder) and administration guidelines.
3. **Safety & Efficacy**: Include relevant safety precautions, potential side effects, and notes on scientific evidence supporting its use for this indication.
4. **Tone**: Maintain a professional, educational, and culturally respectful tone suitable for an expert explanation.","### Understanding Sambiloto and Mencret

**Sambiloto** (*Andrographis paniculata*) is a herbaceous plant native to Southeast Asia, widely recognized in traditional medicine as the ""King of Bitters"" due to its intensely bitter taste. This bitterness is attributed to active phytochemicals, primarily andrographolides, which are traditionally valued for addressing infections and digestive disturbances. 

**Mencret** is a colloquial Indonesian term for acute diarrhea, characterized by frequent, loose, or watery bowel movements. While often self-limiting, it poses a significant risk of fluid and electrolyte loss that requires careful management.

### Preparation and Administration Guidelines

The most traditional and effective method for extracting the water-soluble compounds is an aqueous decoction. 

**Ingredients and Equipment:**
*   5 to 10 grams of dried Sambiloto leaves (approximately 1–2 tablespoons), or 15 to 20 grams of fresh leaves.
*   500 to 600 ml (approx. 2 to 2.5 cups) of clean water.
*   A non-reactive pot (stainless steel or glass; avoid aluminum).
*   A fine mesh strainer or cheesecloth.

**Step-by-Step Procedure:**
1.  **Cleaning:** Rinse fresh leaves thoroughly to remove soil and debris. If using dried leaves, ensure they are free from mold or discoloration.
2.  **Boiling:** Place the leaves and water in the pot. Bring the mixture to a boil over medium heat.
3.  **Simmering:** Once boiling, reduce the heat to low and simmer uncovered for 15 to 20 minutes. The liquid should reduce slightly and darken in color.
4.  **Steeping:** Remove the pot from heat and let it steep for an additional 10 minutes to further extract active constituents.
5.  **Straining:** Pour the liquid through the strainer into a clean container. Discard the plant material.
6.  **Cooling:** Allow the decoction to cool to a warm or room temperature before consumption.

**Dosage and Administration:**
*   **Adult Dose:** Drink approximately 100 ml (half a cup) per dose.
*   **Frequency:** Take 2 to 3 times daily, after meals.
*   **Duration:** Do not exceed 3 to 5 days of continuous use. If symptoms persist beyond 48 hours, discontinue use and seek medical attention.
*   **Palatability:** Due to the extreme bitterness, a small amount of honey may be added, though traditional practice often favors plain consumption for maximum efficacy.

### Safety, Efficacy, and Critical Precautions

While Sambiloto has a long history of traditional use, it is a potent botanical with significant pharmacological activity. Caution is paramount.

**Scientific Evidence and Mechanism:**
Research indicates that andrographolides possess antimicrobial, anti-inflammatory, and anti-secretory properties. These actions may help inhibit pathogens and reduce intestinal inflammation. However, clinical evidence specifically for acute diarrhea is less robust than for other conditions; it should be viewed as a supportive measure rather than a definitive cure for severe infections.

**Safety Precautions and Contraindications:**
*   **Pregnancy and Breastfeeding:** Strictly contraindicated. Sambiloto has historically been associated with abortifacient properties and may stimulate uterine contractions.
*   **Children:** Use in children is not recommended without direct supervision from a healthcare provider.
*   **Autoimmune Conditions:** Individuals with autoimmune diseases (e.g., lupus, rheumatoid arthritis) should avoid this herb, as it may stimulate the immune system and exacerbate symptoms.
*   **Medication Interactions:** May interact with blood pressure medications, blood thinners (anticoagulants), immunosuppressants, and diabetes medications (potentially leading to hypoglycemia).
*   **Surgery:** Discontinue use at least two weeks before scheduled surgery due to potential effects on blood pressure and bleeding risk.
*   **Side Effects:** High doses can cause nausea, vomiting, or gastric distress. Other potential side effects include headache, fatigue, and allergic reactions (including urticaria). Note that the raw juice or extract has been reported to cause eye swelling in some instances.

**Critical Health Warning:**
The primary risk associated with Mencret is severe, life-threatening dehydration. Herbal preparations must never replace oral rehydration solutions (ORS) or adequate fluid intake. Seek immediate medical care if diarrhea persists beyond 48 hours, or if there is blood or mucus in the stool, high fever, severe abdominal pain, or signs of severe dehydration (dizziness, dry mouth, lack of urination).","{""task"": ""preparation"", ""language"": ""en"", ""indication"": ""Mencret""}",,
"As an ethnobotany expert, explain how to prepare Pepaya to treat Letih Lesu.","To treat Letih Lesu using Pepaya:
Ingredients:
- Pepaya
  Scientific name: Carica papaya L.
  Part: daun segar
  Dose: 1x3 lembar daun (seukuran telapak tangan)/hari a) Dewasa dan anak > 11 tahun: 1 x 1 cangkir per hari b) Anak usia 1-2 tahun 1 x sehari 1sdm (dari dosis dewasa)/hari c) Anak usia 3-5 tahun 1 x sehari 2 sdm (dari dosis dewasa)/hari d) Anak usia 6-8 tahun 1 x sehari ¼ cangkir (dari dosis dewasa)/hari e) Anak usia 9-11 tahun 1 x sehari ½ cangkir (dari dosis dewasa)/hari

Preparation:
Cara pembuatan/penggunaan (untuk anak > 11 tahun dan dewasa): bahan dihaluskan, tambahkan 1 cangkir air hangat dan sedikit garam, saring, dan diminum sekaligus.

Safety Information:
Contraindications: kehamilan
Warnings: getah papain sangat berbahaya jika mengenai mata
Side effects: alergi","As an ethnobotany expert, explain how to prepare Papaya to treat 'Letih Lesu' (a traditional Indonesian term for fatigue or lethargy).

Please adhere to the following parameters:
{""task"": ""preparation"", ""language"": ""en"", ""indication"": ""Letih Lesu""}

In your response:
1. Define 'Letih Lesu' and its cultural context.
2. Detail the specific preparation method for Papaya as a remedy.
3. Ensure the explanation is clear, accurate, and grounded in ethnobotanical knowledge.","### Understanding 'Letih Lesu'

In the cultural landscape of Indonesia, health is often viewed as a state of harmony between the body and the environment. 'Letih Lesu' describes more than simple physical tiredness; it refers to a profound state of weariness and lethargy where both physical energy and mental spirit feel depleted. Often recognized after intense labor, recovery from an illness, or periods of stress, it signals that the body's vital reserves need gentle restoration and nourishment to return to balance.

### The Role of Papaya

While the ripe fruit provides nourishment, the young leaves of the papaya plant (*Carica papaya*) are prized in traditional medicine as a restorative bitter tonic. They contain enzymes like papain and alkaloids like carpaine, which support digestion and metabolic recovery. By helping the body process nutrients and absorb vitality, the leaves help ""awaken"" the system to combat lethargy.

### Preparation Method: Papaya Leaf Decoction

This method focuses on extracting beneficial compounds while managing the leaves' natural bitterness to ensure the remedy is gentle on the stomach.

**Ingredients and Tools:**
*   5 to 7 young, light green papaya leaves (tender and less bitter than mature ones)
*   500–750 ml of clean water
*   Optional: 1 inch of fresh ginger (bruised) or raw honey/palm sugar to taste
*   A non-reactive pot (stainless steel or clay) and a fine strainer

**Step-by-Step Instructions:**

1.  **Clean and Prepare:** Thoroughly wash the leaves to remove dust. Remove the tough central stems and tear or gently bruise the leaves to increase the surface area for extraction. *Note: Be careful to avoid getting the white papaya sap in your eyes, as it can be highly irritating.*
2.  **Initial Boil (Optional):** Place the leaves in the pot with water (and ginger, if using). Bring to a boil. To reduce extreme bitterness and potential harshness, some traditional practitioners discard this first batch of water and refill the pot with fresh water before proceeding.
3.  **Simmer:** Bring the water to a boil, then reduce the heat to a low simmer. Allow the mixture to simmer gently for 15 to 20 minutes, or until the liquid reduces slightly (by about one-third) and turns a deep greenish-brown. Avoid vigorous boiling to preserve heat-sensitive nutrients.
4.  **Strain and Flavor:** Remove from heat and strain the liquid into a cup. Allow it to cool until it is warm but still drinkable. Stir in honey or palm sugar to balance the bitterness and make the tonic easier to consume.

### Usage and Guidance

Drink one small cup (approximately 100ml) warm, once a day, preferably in the morning after a light meal. This remedy is typically used for a short period, such as 3 to 5 days, until energy levels begin to return.

**Safety Considerations:**
*   **Pregnancy:** Avoid this remedy if you are pregnant, as papaya leaves may stimulate uterine contractions.
*   **Medications:** Exercise caution if you are taking blood-thinning medications.
*   **Moderation:** Do not exceed the recommended dosage, as strong decoctions can cause digestive discomfort or be taxing on the liver.
*   **Holistic Care:** This tonic complements, but does not replace, adequate rest, hydration, and nutritious food. If fatigue persists or worsens, please consult a healthcare professional.","{""task"": ""preparation"", ""language"": ""en"", ""indication"": ""Letih Lesu""}",,
"As an ethnobotany expert, explain how to prepare Belimbing Wuluh to treat Jerawat.","To treat Jerawat using Belimbing Wuluh:
Ingredients:
- Belimbing Wuluh
  Scientific name: Averrhoa blimbiL
  Part: buah segar
  Dose: 3 x 2 buah/hari.

Preparation:
bahan dihaluskan, tambahkan sedikit air garam, kemudian gosokkan pada bagian yang sakit.","As an ethnobotany expert, explain how to prepare Belimbing Wuluh (Averrhoa bilimbi) to treat Jerawat (acne). Please adhere to the following specifications:

{""task"": ""preparation"", ""language"": ""en"", ""indication"": ""Jerawat""}","### Traditional Preparation of Belimbing Wuluh for Acne Care

Belimbing Wuluh (*Averrhoa bilimbi*) has a long history of use in Southeast Asian traditional medicine for managing skin inflammation and acne (*jerawat*). The fruit is rich in organic acids—particularly oxalic acid—vitamin C, flavonoids, and tannins, which contribute to its astringent and antimicrobial properties. While these characteristics can help reduce excess oil and inhibit acne-causing bacteria, the high acidity requires careful preparation to avoid skin irritation or chemical burns.

Below is a measured, step-by-step approach to preparing and applying this remedy safely.

#### 1. Selection and Cleaning
*   **Select Fresh Fruit:** Choose 2–3 firm, green Belimbing Wuluh fruits. Avoid those that are overly ripe, yellowed, or bruised, as they may harbor microbes or have altered chemical profiles.
*   **Thorough Washing:** Rinse the fruits under clean, running water to remove surface dirt and contaminants. For added cleanliness, a brief soak in a mild saltwater solution (1 teaspoon of salt per liter of water) followed by a fresh water rinse is recommended. Pat the fruit dry.

#### 2. Extraction Method
There are two common methods for extracting the active compounds. The juice method is generally preferred for easier control over application and dilution.

*   **Juice Extraction (Recommended):**
    1.  Chop the fruits into small pieces.
    2.  Crush or blend the pieces until a pulp forms.
    3.  Strain the pulp through a clean cheesecloth or fine mesh sieve to collect the pure juice, discarding the solid fibrous residue.

*   **Paste Method (For localized spots only):**
    1.  Grind a single fruit into a fine paste using a mortar and pestle.
    2.  *Note:* This method is more potent and carries a higher risk of irritation; it is not recommended for sensitive skin.

#### 3. Dilution and Buffering
Pure Belimbing Wuluh juice is highly acidic. Applying it undiluted can cause chemical irritation or contact dermatitis.

*   **Dilution:** Mix the extracted juice with distilled water, rose water, or pure aloe vera gel in a 1:1 ratio. For sensitive skin, a 1:2 ratio (one part juice to two parts diluent) is safer.
*   **Soothing Agents:** Adding a small amount of raw honey can help buffer the acidity while providing additional soothing and antimicrobial properties.

#### 4. Application Protocol
*   **Patch Test:** Before applying to the face, apply a small amount of the diluted solution to a discreet area, such as behind the ear or on the inner forearm. Wait 24 hours to check for redness, itching, or swelling.
*   **Cleansing:** Wash the face with a gentle cleanser and pat dry.
*   **Application:** Using a clean cotton pad or cotton swab for spot treatment, gently dab the solution onto affected areas. Avoid the delicate eye contour and any open wounds or picked acne lesions, as the acid will cause significant stinging and delay healing.
*   **Duration:** Leave the solution on the skin for no more than 10–15 minutes initially.
*   **Rinsing:** Thoroughly rinse the face with lukewarm or cool water to remove all acidic residue.
*   **Moisturizing:** Apply a gentle, non-comedogenic moisturizer afterward to maintain the skin barrier.

#### 5. Storage
This preparation is best used fresh. If necessary, store any excess in a sealed container in the refrigerator for no more than 24 hours to prevent bacterial growth.

#### 6. Safety Considerations and Precautions
*   **Frequency:** Limit use to 2–3 times per week. Overuse can compromise the skin barrier, leading to increased sensitivity, over-exfoliation, or rebound oil production.
*   **Photosensitivity:** Organic acids can make skin more sensitive to sunlight. It is advisable to use this treatment in the evening and apply a broad-spectrum sunscreen during the day.
*   **Discontinuation:** If burning, excessive redness, or peeling occurs, discontinue use immediately and rinse with plenty of water.
*   **Medical Advice:** This preparation is a complementary traditional remedy and is intended for mild, occasional acne. It is not a substitute for clinically prescribed treatments, particularly for moderate to severe cystic acne. If the condition persists or worsens, consult a dermatologist for a comprehensive treatment plan.","{""task"": ""preparation"", ""language"": ""en"", ""indication"": ""Jerawat""}",,
"As an ethnobotany expert, explain how to prepare Sirih to treat Sakit Tenggorokan.","To treat Sakit Tenggorokan using Sirih:
Ingredients:
- Sirih
  Scientific name: Piper bettle L
  Part: daun segar
  Dose: 3 x 2 daun/hari

Preparation:
bahan dihaluskan, tambah air mendidih1/2 cangkir, diamkan sampai hangat, saring dan kumur-kumur selama 1 menit.

Safety Information:
Warnings: jumlah berlebihan mempengaruhi kesehatan gusi, email gigi dan mulut.
Side effects: merangsang mukosa mulut dan rasa baal","Act as an ethnobotany expert. Explain how to prepare Sirih (betel leaf) to treat Sakit Tenggorokan (sore throat). Adhere strictly to the following parameters:

{""task"": ""preparation"", ""language"": ""en"", ""indication"": ""Sakit Tenggorokan""}

Ensure your response is in English, provides clear step-by-step preparation instructions, and maintains a professional, educational tone suitable for someone seeking traditional remedies.","### Traditional Preparation of Sirih (Betel Leaf) for Sore Throat Relief

In the rich tapestry of Malay herbal tradition, *Sirih* (*Piper betle*) has long been revered as a gentle yet potent ally against throat ailments. The leaves contain essential oils, such as chavicol and eugenol, which possess natural antiseptic, anti-inflammatory, and analgesic properties. When prepared correctly, this remedy can soothe the irritation of a sore throat (*sakit tenggorokan*) and help clear minor infections.

Below is a respectful, step-by-step guide to preparing a traditional Sirih gargle. Please approach this process with patience and care, as the intention behind the preparation is as vital as the ingredients themselves.

#### Ingredients and Tools
*   **Fresh Sirih Leaves:** 3 to 5 mature leaves. Look for leaves that are deep green, firm, and free from spots or insect damage. Younger, lighter leaves are too mild, while overly old leaves may be too fibrous.
*   **Clean Water:** 2 cups (approximately 500 ml). Filtered or spring water is preferred to ensure purity.
*   **Sea Salt:** A pinch (optional, to enhance the cleansing effect).
*   **Equipment:** A small pot (stainless steel or clay is traditional), a strainer, and a clean cup.

#### Step-by-Step Preparation

1.  **Cleansing the Leaves**
    Begin by gently rinsing the Sirih leaves under cool, running water. Use your fingers to softly wipe away any dust or debris. Avoid bruising the leaves during this process, as we wish to preserve their essential oils until extraction.

2.  **Bruising for Release**
    Place the clean leaves on a cutting board. Using the side of a clean knife or a mortar and pestle, gently crush or tear the leaves just enough to break the cell walls. You do not need to shred them completely; the goal is to allow the healing compounds to release easily into the water. You should notice a faint, spicy, aromatic scent rising—that is the medicine awakening.

3.  **The Decoction**
    Pour the water into your pot and bring it to a gentle boil. Once the water is bubbling, add the crushed leaves. Immediately reduce the heat to a low simmer. Cover the pot partially to allow some steam to escape while keeping the volatile oils within the liquid.
    *   *Simmer time:* Let the mixture simmer gently for 10 to 15 minutes. The water will gradually change color, turning a warm amber or light brown, and the air will fill with the distinct, comforting aroma of Sirih.

4.  **Steeping and Cooling**
    Remove the pot from the heat. Keep it covered and let the mixture steep for another 10 minutes. This resting period allows the remaining active compounds to infuse fully into the water.
    After steeping, strain the liquid into a clean cup, discarding the used leaves. If you choose to add salt, stir in a small pinch now until dissolved.

5.  **Temperature Check**
    Allow the liquid to cool until it is warm but comfortable to the touch—similar to the temperature of a soothing tea. **Do not gargle with boiling hot liquid**, as this can further irritate an already inflamed throat.

#### Application and Care

*   **How to Use:** Take a mouthful of the warm Sirih water. Tilt your head back slightly and gargle deeply for 30 to 60 seconds, ensuring the liquid reaches the back of the throat where the pain resides. Spit the liquid out into a sink or basin; do not swallow it.
*   **Frequency:** This remedy can be repeated 3 to 4 times a day, particularly after meals and before bed. Consistency is key in traditional healing.
*   **Aftercare:** Rest your voice and stay hydrated with plain warm water between treatments.

#### A Note on Safety and Wisdom

While Sirih is a trusted household remedy, it is important to listen to your body. If your sore throat persists for more than three days, is accompanied by a high fever, difficulty breathing, or severe swelling, please seek professional medical attention immediately. Traditional remedies work best when used as supportive care alongside modern medical wisdom.

May this simple preparation bring you comfort and a swift return to wellness. Treat yourself with kindness as you heal.","{""task"": ""preparation"", ""language"": ""en"", ""indication"": ""Sakit Tenggorokan""}",,
"Minangka ahli etnobotani, jelasake carane nggawe jampi Pipermint kanggo nambani gigitan serangga.","Kanggo nambani gigitan serangga nggunakake Pipermin:
Bahan:
- Pipermin
  Jeneng Ilmiah: Mentha piperita (L)
  Bagian: godhong seger
  Dosis: 1 genggam godhong seger (80 g)

Cara Nggawe:
bahan-bahan kasebut digiling nganti alus, ditrapake ing wilayah sing kena, banjur bungkus nganggo perban.

Informasi Keamanan:
Larangan: ora kena diwenehi pasuryan, utamane kanggo bocah < 8 taun
Pènget: lenga pipermin yen diwènèhaké marang rai utawa dhadha bayi, utamané ing sakubengé irung, saged nyebabake sesak napas lan malah mandheg ambegan.
Efek samping: alergi","Minangka ahli etnobotani, panjenengan dipunsumanggakakaken ngaturaken pandom lengkap babagan caranipun nyiyapakaken jampi saking tanduran Pipermint kangge nambani gigitan serangga. Pandom kasebut kedah ngrembakakaken langkah-langkah teknis kanthi rinci, wiwit saking pamilihan bahan, proses pangolahan, dumugi caranipun panggenan. Sumangga anggenipun ngaturaken ngginakaken Basa Jawa Krama Inggil supados trep kaliyan tata krama ingkang luhur.

Konfigurasi Tugas:
{""task"": ""preparation"", ""language"": ""jv"", ""jv_herb_name"": ""Pipermin"", ""register"": ""Krama_Inggil""}","Nuwun, keparenga kula ngaturaken pandom babagan caranipun nyiyapaken jampi saking tanduran Pipermint kangge nambani gigitan serangga. Mugi-mugi pandom punika saged mbiyantu panjenengan kanthi tentrem lan rahayu.

**1. Pamilihan Bahan ingkang Saé**
Langkah ingkang kapisan inggih menika milih ron Pipermint ingkang taksih seger. Sumangga dipunpilih ron ingkang warninipun ijem seger, boten layu, lan boten wonten tandha rusak. Prayoginipun dipunpetik ing wekdal enjang nalika embun taksih wonten, amargi kandungan minyak atsiri ingkang nyenengaken kulit taksih kiyat. Pilih ron ingkang taksih enom nanging sampun mekar jangkep.

**2. Pangresikan Bahan**
Saderengipun dipunolah, ron Pipermint kedah dipunresikaken kanthi telaten. Wisuh ron kasebat ngginakaken toya ingkang resik lan mili supados lebu saged ical. Sasampunipun resik, tiriskan utawi suwungaken kanthi alon ngginakaken kain ingkang resik supados toyanipun garing. Boten pareng ngantos ron kasebat risak nalika dipunresiki.

**3. Proses Pangolahan Jampi**
Wonten kalih cara ingkang saged dipunlampahi, gumantung kabetahan panjenengan:
*   **Cara Pasta Seger (Kagem penanganan ingkang cepet):** Ron Pipermint dipuntumbuk ngginakaken lumpang lan alu ingkang resik ngantos alus sanget dumugi dados pasta. Menawi kirang lembab, saged dipuntambahi setetes kalih toya resik.
*   **Cara Kompres (Kagem rasa adhem ingkang nyenengaken):** Ron Pipermint dipunseduh ngginakaken toya anget (kadosdene damel teh) ngantos toyanipun owah warna. Lajeng toya seduhan kasebut dipunpendhet wonten papan ingkang adhem utawi kulkas sekedhap.

**4. Caranipun Panggenan**
Saderengipun dipuntempelaken, resikaken area kulit ingkang kagigit ngginakaken toya resik lan sabun ingkang lembut, lajeng dipunkeringaken.
*   **Menawi ngginakaken pasta:** Olesaken pasta ron Pipermint kanthi alon wonten ing papan ingkang gatel utawi bengkak. Boten perlu dipunurut kanthi kuat, cekap dipunolesaken kemawon. Sumangga dipunbiyarakaken selaweh menit utawi gantos kering. Saged ugi dipuntutup ngginakaken kain kasa resik supados boten gampil kesentuh.
*   **Menawi ngginakaken kompres:** Celupaken kain kasa wonten toya seduhan ingkang sampun adhem, lajeng tempelaken wonten ing papan gigitan serangga.
Panggenan jampi saged dipunbaleni saben tiga ngantos sekawan jam sekali supados khasiatipun tetep kiyat.

**5. Welingan Kaslametan**
Sanajan Pipermint saged nyenengaken, wonten pangeling-eling ingkang kedah dipunwigatosaken:
*   Boten pareng ngagem jampi punika wonten ing rai, mliginipun ing saubengipun irung, utaminipun kangge lare ingkang yuswanipun dereng wolung taun. Minyak Pipermint saged nyebabaken sesek napas wonten lare alit.
*   Menawi sasampunipun dipunagem kulit malah mindhak abrit, bengkak, utawi karaos perih, sumangga enggal dipunresikaken lan dipunhentikan panggenganipun.
*   Menawi gejala gigitan serangga boten suda utawi mindhak awrat, sumangga enggal pados pambiyantu dhateng tenaga kesehatan ingkang ahli.

Mugi-mugi kanthi tuntunan punika panjenengan saged nindakaken perawatan kanthi slamet, lan kawontenan panjenengan saged waras malih kanthi rikat. Tansah njagi kasarasan kanthi ngginakaken kanugrahan alam kanthi wicaksana.","{""task"": ""preparation"", ""language"": ""jv"", ""jv_herb_name"": ""Pipermin"", ""register"": ""Krama_Inggil""}",,
"As an ethnobotany expert, explain how to prepare Ketepeng Cina to treat Kurap.","To treat Kurap using Ketepeng Cina:
Ingredients:
- Ketepeng Cina
  Scientific name: Cassia alata L.
  Part: daun segar
  Dose: 1 genggam daun/hari

Preparation:
bahan dilumatkan dengan tawas 1/3 sendok teh, aduk-aduk sampai menyerupai bubur encer.gosokkan lumatan tersebut pada kulit yang sakit 2 kali sehari

Safety Information:
Side effects: penelitian 10 tahun di india sebagai terapi dermatitis jamur di kulit dilaporkan tidak ada efek samping.","As an ethnobotany expert, explain how to prepare Ketepeng Cina (Senna alata) to treat Kurap (ringworm).

Please structure your response as follows:
1. **Identification**: Briefly confirm the botanical identity of Ketepeng Cina and the nature of Kurap.
2. **Preparation Method**: Provide step-by-step instructions on how to prepare the plant parts (leaves, flowers, or stems) for topical application.
3. **Application**: Describe the correct method of applying the preparation to the affected area.
4. **Safety & Precautions**: Include any known side effects, contraindications, or safety warnings.

Context Parameters:
{""task"": ""preparation"", ""language"": ""en"", ""indication"": ""Kurap""}","1. **Identification**
Ketepeng Cina is botanically identified as *Senna alata* (formerly *Cassia alata*), often referred to as the Candle Bush or ""ringworm shrub."" It is a tropical plant recognized by its large pinnate leaves and distinct yellow, candle-like flower spikes. The leaves contain active compounds, including chrysophanic acid and anthraquinones, which exhibit recognized antifungal properties. Kurap, medically termed tinea corporis, is a superficial fungal infection of the skin that presents as red, itchy, circular rashes with clearer centers. Accurate identification of the plant is essential, as other *Senna* species may possess different chemical and safety profiles.

2. **Preparation Method**
The leaves are the primary part used for treating Kurap. Fresh material is preferred to ensure the potency of the active compounds.
*   **Harvesting:** Select fresh, mature leaves free from insect damage, discoloration, or mold. Avoid harvesting from plants near roadsides or areas potentially exposed to chemical runoff.
*   **Cleaning:** Rinse the leaves thoroughly under clean running water to remove soil and contaminants. Pat them dry with a clean cloth.
*   **Maceration:** Place a handful of the cleaned leaves in a mortar. Add a very small amount of clean water or a pinch of coarse salt to act as a mild abrasive and assist in breaking down the plant material. Pound the leaves firmly until they form a thick, consistent green paste (poultice) and release their juices.
*   **Filtration (Optional):** For individuals with sensitive skin, the crushed material may be strained through a clean cheesecloth to obtain pure leaf juice, reducing physical irritation from plant fibers.
*   **Alternative Decoction:** As an alternative for a less concentrated wash, boil 10–15 leaves in two cups of water for 10–15 minutes. Allow the liquid to cool completely before straining.

3. **Application**
Strict hygiene is necessary to prevent spreading fungal spores or introducing secondary bacterial infections.
*   **Cleansing:** Gently wash the affected area with mild soap and water. Pat the skin completely dry with a clean towel; fungi thrive in moisture, so the area must be dry before application. Do not scrub the lesion, as this may further irritate the skin.
*   **Administration:** Using a clean cotton swab, sterile gauze, or clean hands, apply the extracted juice or a generous layer of the leaf paste directly onto the ringworm patch and slightly beyond its visible border.
*   **Covering & Duration:** If using the poultice, cover the area with a clean gauze bandage or breathable cloth to keep it in place for 2 to 4 hours, or overnight if tolerated. If using the juice or decoction, allow it to air dry. Ensure adequate airflow to inhibit fungal growth.
*   **Frequency:** Apply the preparation two to three times daily. Consistency is important, but the skin must be monitored closely for any adverse changes.
*   **Post-Application:** Wash hands thoroughly with soap immediately after application. Do not share towels or clothing that have come into contact with the infected area.

4. **Safety & Precautions**
While widely used in traditional practice, *Senna alata* contains potent compounds that demand a cautious and measured approach.
*   **Patch Test:** Before full application, apply a small amount of the preparation to a healthy patch of skin (such as the inner forearm) and wait 24 hours. If redness, burning, itching, or swelling occurs, discontinue use immediately.
*   **External Use Only:** This preparation is strictly for topical application. Ingesting *Senna alata* can act as a strong laxative and cause severe gastrointestinal distress. Keep away from children and pets.
*   **Sensitive Areas:** Avoid contact with the eyes, mouth, mucous membranes, and open wounds. Do not apply to skin that is severely broken or showing signs of secondary bacterial infection (such as pus or extreme warmth). If accidental contact with sensitive areas occurs, rinse immediately with plenty of water.
*   **Contraindications:** Pregnant or nursing women, as well as young children, should consult a healthcare professional before use due to limited safety data regarding topical absorption of active compounds.
*   **Medical Monitoring:** If the infection worsens, spreads rapidly, becomes painful, or shows no improvement after 7 to 10 days of consistent use, cease application and seek professional medical attention. Fungal infections can mimic other dermatological conditions, and persistent cases may require conventional antifungal medication.","{""task"": ""preparation"", ""language"": ""en"", ""indication"": ""Kurap""}",,
"Minangka ahli etnobotani, nerangake carane nggawe jampi saka sere kanggo nambani asam urat/rematik.","Kanggo ngobati asam urat/rematik nggunakake sere:
Bahan:
- sereh
  Jeneng ilmiah: Cymbopogon nardus (L) Rendle
  Bagian: jamu
  Dosis: 2 x 2 g kumbang / dina

Cara Nggawe:
Bahan-bahan kasebut digodhog nganggo banyu 2 gelas nganti dadi 1 gelas, adhem, saring lan ngunjuk nalika anget.

Informasi Keamanan:
Larangan: alergi
Efek samping: alergi kulit","Minangka ahli etnobotani, sumangga paringaken andharan ingkang jangkep babagan tata cara nyiyapaken jampi saking sere kangge nambani penyakit asam urat utawi rematik.

Mangga tindakaken dhawuh ing ngandhap menika:
1. **Identifikasi Bahan**: Jelasaken sipat lan mupakate sere (Cymbopogon) ing konteks pangobatan tradisional.
2. **Proses Preparasi**: Aturaken langkah-langkah detail cara nggawe jamu kasebut, wiwit saking milih bahan, ngresiki, nggodhog, ngantos cara ngunjukipun.
3. **Dosis lan Panyaruwe**: Wedharaken takaran ingkang pas sarta perangan-perangan ingkang kedah dipunwigatosaken (kontraindikasi) nalika ngginakaken jampi menika.

**Wewangonan Tambahan ingkang Kedah DipunTindakaken**:
- Basa ingkang dipunginakaken kedah **Basa Jawa Krama Inggil** (alus) kanthi tembung-tembung ingkang trep lan sopan.
- Struktur jawaban kedah runtut, gampil dimangertosi, lan ngemot informasi ingkang akurat sacara ilmiah lan kultural.

**Data Tugas**:
{""task"": ""preparation"", ""language"": ""jv"", ""jv_herb_name"": ""sere"", ""register"": ""Krama_Inggil""}","Sugeng rawuh. Mugi-mugi Panjenengan tansah pinaringan kasarasan lan katentreman ingkang langgeng. Kanthi manah ingkang tentrem, sumangga kula aturaken andharan babagan tata cara nyiyapaken jampi saking tetanduran sere kangge ngringankan lelara asam urat utawi rematik. Andharan punika dipunsusun adhedhasar kawruh tradisi ingkang sampun turun-temurun sarta dipunpadukaken kaliyan ilmu pengetahuan modern, supados saged dipunpercados lan migunani tumrap raga Panjenengan.

**1. Identifikasi Bahan: Sipat lan Mangfaat Sere (Cymbopogon)**
Tetanduran sere, ingkang ing ngilmu tetanduran dipunsebat *Cymbopogon citratus*, punika sanes namung bumbu dapur ingkang nyenengaken, nanging ugi gadhah kandhutan kimia ingkang sae sanget tumrap kesehatan raga. Ing konteks pangobatan tradisional, sere dipunpercados gadhah sipat ""anget"" ingkang saged ngelancaraken aliran rah lan ngurangi rasa kaku ing sendi.

Sacara ilmiah, sere ngemot minyak atsiri ingkang sugih senyawa sitral (citral) lan geraniol. Senyawa punika gadhah sipat anti-peradangan (anti-inflamasi) ingkang kuat. Kalawan mekaten, sere saged ngebaki rasa nyeri ingkang timbul amargi penumpukan kristal asam urat ing persendian. Kajawi punika, sere ugi gadhah sipat diuretik alami, ingkang tegesipun saged mbiyantu ginjel ngaluaraken kelebihan asam urat liwat toya seni. Mula, konsumsi sere kanthi tertib saged ngringankan beban raga saking gejala rematik.

**2. Proses Preparasi: Tata Cara Nyiyapaken Jampi Sere**
Supados khasiat sere saged kaserap kanthi sae dening raga, wonten urutan ingkang kedah dipuntindakaken kanthi teliti lan sabar. Sumangga dipunsimak langkah-langkahipun:

*   **Milih Bahan:**
    Pilihen sere ingkang taksih seger, ingkang warninipun ijem enom lan bagean witipun (batang) taksih putih resik. Pilihen ugi sere ingkang ambunipun wangi nyegrak, amargi punika tandha bilih kandhutan minyak atsiripun taksih kathah. Sumangga boten ngginakaken sere ingkang sampun garing utawi layu amargi khasiatipun sampun suda.

*   **Ngresiki Bahan:**
    Resikaken sere kanthi toya ingkang mili supados luntur saking lebu utawi kotoran ingkang melekat. Geseka kanthi alus permukaan batangipun. Potong sere panjangipun kirang langkung 5 ngantos 10 sentimeter. Salajengipun, memetaka batang sere punika supados sel-sel ingkang ngemot minyak atsiri pecah lan gampil kaliset nalika dipungodhog.

*   **Proses Nggodhog:**
    Siyapaken panci ingkang resik (langkung sae ngginakaken panci tanah utawi stainless steel). Lebetaken 3 ngantos 5 batang sere ingkang sampun dipunmemet wau. Tambahaken toya resik kirang langkung 600 mililiter (kirang langkung 3 gelas). Godhog toya punika kanthi geni ingkang alon. Nalika toya sampun umob, kecilaken geni lan tutup panci. Biyarkan nggodhog selami 10 ngantos 15 menit. Werni toya badhe owah dados kuning enom lan ambunipun wangi khas sere.

*   **Cara Ngunjuk:**
    Saring toya godhoganipun supados resik saking ampas sere. Unjuken jampi punika nalika taksih anget, nanging sumangga ngatos-atos supados boten kepanesan ingkang saged nglukai tenggorokan. Panjenengan saged nambahaken madu murni secukupipun kangge nambah rasa lan energi, nanging sumangga boten ngginakaken gula pasir putih supados boten nambah peradangan.

**3. Dosis lan Panyaruwe: Takaran lan Perangan ingkang Kedah Dipunwigatosaken**
Kaselarasan ing ngunjuk jampi punika penting sanget. Kakehan utawi kekirangan saged ngaruh dhateng asil ingkang dipunajengaken.

*   **Takaran Ingkang Pas:**
    Kangge tiyang diwasa, jampi sere punika saged dipununjuk 2 ngantos 3 kali sedinten. Saben kalihipun ngunjuk, takaranipun kirang langkung 1 gelas (200 ml). Laksanakaken kanthi tertib sawetawis 2 minggu kangge ningali perubahan ingkang positif ing raga.

*   **Panyaruwe lan Kontraindikasi:**
    Sanajan sere punika bahan alami, wonten perangan ingkang kedah dipunmripati kanthi seksama:
    1.  **Ibu Hamil lan Menyusui:** Ibu ingkang saweg ngandhut utawi menyusui kedah konsultasi rumiyin kaliyan dokter utawi ahli kesehatan saderengipun ngunjuk jampi punika, amargi sere saged ngaruh dhateng kontraksi rahim lan kondisi janin.
    2.  **Tekanan Darah Rendah:** Sere gadhah sipat nurunaken tekanan darah. Panjenengan ingkang gadhah riwayat hipotensi kedah ngatos-atos amargi saged njalari pusing.
    3.  **Gangguan Ginjel:** Amargi sipatipun ingkang diuretik, Panjenengan ingkang gadhah masalah ginjel kronis kedah konsultasi rumiyin dhateng dokter, amargi saged nambahaken beban kerja ginjel.
    4.  **Reaksi Alergi:** Menawi sasampunipun ngunjuk timbul rasa boten nyaman ing weteng utawi gatal-gatal, enggal-enggalen mandhegaken konsumsi.
    5.  **Interaksi Obat:** Menawi Panjenengan saweg ngonsumsi obat medis saking dokter, mugi jampi menika dipununjuk kanthi selang wektu minimal 2 jam supados boten wonten interaksi ingkang boten dipunkajengaken.

Mugi-mugi andharan punika saged dados pandom ingkang migunani kangge njagi kasarasan Panjenengan lan kulawarga. Ngginakaken bahan alam punika perlunipun kesabaran lan konsistensi. Mugi-mugi Ingkang Maha Kuwaos tansah paring kesembuhan lan kasarasan dhateng Panjenengan.","{""task"": ""preparation"", ""language"": ""jv"", ""jv_herb_name"": ""sere"", ""register"": ""Krama_Inggil""}",,
"Sebagai pakar etnobotani, jelaskan cara membuat ramuan dari Daun Dewa untuk mengobati Mata Ikan.","Untuk mengobati Mata Ikan menggunakan Daun Dewa:
Bahan:
- Daun Dewa
  Nama ilmiah: Gynura divaricata, G segetum (Lour.) Merr.
  Bagian: daun segar
  Dosis: 3 x 5 g daun/hari.

Cara Pembuatan:
bahan dihaluskan, kemudian dilumurkan pada bagian yang sakit,dibalut dan dilepas keesokan harinya .","Berperanlah sebagai pakar etnobotani. Jelaskan secara rinci cara meracik obat tradisional dari Daun Dewa (*Gynura procumbens*) untuk mengobati Mata Ikan (kapalan/kutil pada kaki). Sertakan langkah-langkah persiapan, metode aplikasi, dan catatan keamanan yang relevan.

Konteks Tugas:
{""task"": ""preparation"", ""language"": ""id"", ""indication"": ""Mata Ikan""}","Daun Dewa (*Gynura procumbens*) telah lama dikenal dalam khasanah pengobatan tradisional Nusantara, dikenal karena sifat anti-inflamasi dan kemampuannya membantu melunakkan jaringan kulit yang mengeras. Untuk perawatan mata ikan (kapalan atau kutil pada kaki), penggunaan tanaman ini bertujuan melunakkan penumpukan keratin serta meredakan peradangan di sekitarnya. Namun, penting untuk dipahami bahwa metode ini bersifat suportif, memerlukan ketelatenan, dan tidak menggantikan penanganan medis profesional.

Berikut adalah panduan rinci mengenai persiapan dan aplikasi Daun Dewa untuk perawatan mata ikan, disusun dengan memperhatikan prinsip kebersihan dan keamanan.

### 1. Persiapan Bahan dan Alat

Kebersihan adalah faktor kritis dalam perawatan kulit kaki untuk mencegah infeksi sekunder.

*   **Bahan Utama:**
    *   5–7 lembar Daun Dewa segar (pilih yang berwarna hijau tua, sehat, tidak berlubang akibat hama, dan bebas noda).
    *   Air bersih mengalir.
    *   Air hangat (untuk merendam kaki).
    *   Garam dapur secukupnya (sebagai antiseptik ringan).
*   **Alat:**
    *   Lumpang dan alu (atau blender kecil steril).
    *   Kain kasa steril atau perban bersih.
    *   Plester medis.
    *   Batu apung steril (untuk evaluasi).
    *   Pisau kecil yang bersih.

### 2. Langkah-Langkah Peracikan dan Aplikasi

**Tahap Persiapan Daun:**
Cuci lembar daun Dewa di bawah air mengalir untuk menghilangkan debu dan residu organik. Untuk mengurangi beban mikroba, rendam sebentar dalam air matang yang diberi sedikit garam selama 5 menit, lalu tiriskan. Tumbuk daun hingga menjadi pasta kental. Jika menumbuk manual, jangan tambahkan air agar konsentrasi zat aktif tetap tinggi; jika menggunakan blender, tambahkan sedikit air matang agar mudah halus, namun pastikan konsistensi tidak encer.

**Tahap Persiapan Kulit:**
Rendam kaki yang terkena mata ikan dalam air hangat yang dicampur sedikit garam selama 10–15 menit. Tujuannya adalah membersihkan area tersebut dan melunakkan lapisan keratin (kulit keras) agar sari daun dapat meresap lebih optimal. Keringkan kaki dengan handuk bersih hingga benar-benar kering.

**Tahap Aplikasi:**
Tempelkan pasta Daun Dewa secara merata tepat pada area mata ikan. Usahakan pasta hanya menutupi area kapalan dan tidak melebar ke kulit sehat di sekitarnya untuk menghindari iritasi yang tidak perlu. Tutup area tersebut dengan kain kasa steril, lalu rekatkan dengan plester medis agar ramuan tidak bergeser. Biarkan balutan menempel selama 6–8 jam; waktu terbaik adalah pada malam hari sebelum tidur.

**Tahap Evaluasi dan Pengulangan:**
Lepas balutan pada pagi hari dan bersihkan sisa ampas daun dengan air hangat. Jika kulit mulai melunak, Anda dapat menggosoknya secara perlahan menggunakan batu apung steril. Jangan memotong atau mencungkil kulit secara paksa dengan benda tajam. Ulangi prosedur ini sekali sehari (rutin pada malam hari) selama 7–14 hari, dan amati perkembangan tekstur kulit secara berkala.

### 3. Catatan Keamanan dan Peringatan Penting

Penggunaan obat tradisional memerlukan kewaspadaan tinggi, terutama pada area kaki yang rentan terhadap infeksi dan sirkulasi darah yang bervariasi.

*   **Penderita Diabetes:** Jangan melakukan perawatan mandiri ini tanpa konsultasi dokter. Luka kecil pada kaki penderita diabetes dapat berkembang menjadi ulkus diabetikum yang serius akibat penurunan sensasi saraf dan penyembuhan luka yang lambat.
*   **Luka Terbuka:** Jangan aplikasikan ramuan ini jika area mata ikan sudah luka, berdarah, lecet, atau bernanah. Menutup luka terbuka dengan bahan organik yang tidak steril secara medis dapat memicu infeksi bakteri.
*   **Uji Alergi:** Sebelum aplikasi penuh, oleskan sedikit sari daun pada kulit sehat di siku bagian dalam lengan. Tunggu 30 menit. Jika muncul kemerahan, gatal hebat, atau bengkak, hentikan penggunaan segera.
*   **Diagnosis yang Tepat:** Pastikan benjolan tersebut benar-benar mata ikan (kapalan), bukan kutil virus (veruka) atau lesi kulit lainnya. Kutil virus memerlukan penanganan medis yang berbeda. Jika benjolan berubah warna, tumbuh cepat, atau sangat nyeri, hentikan perawatan tradisional.
*   **Tanda Infeksi:** Jika area mata ikan menunjukkan tanda infeksi seperti nanah, kemerahan yang meluas, terasa panas, atau nyeri berdenyut, segera hentikan penggunaan ramuan dan konsultasikan dengan tenaga medis.
*   **Keterbatasan Efektivitas:** Ramuan ini bersifat membantu melunakkan dan meredakan, bukan pengganti tindakan medis seperti bedah minor atau penggunaan asam salisilat konsentrasi medis. Jika tidak ada perubahan signifikan setelah satu hingga dua minggu, segeralah beralih ke penanganan medis profesional.

Kesabaran dan pengamatan teliti adalah kunci dalam perawatan tradisional. Jaga selalu kebersihan kaki, gunakan alas kaki yang nyaman untuk mengurangi tekanan, dan utamakan bantuan medis jika kondisi tidak membaik.","{""task"": ""preparation"", ""language"": ""id"", ""indication"": ""Mata Ikan""}",,
"Sebagai pakar etnobotani, jelaskan cara membuat ramuan dari Belimbing Wuluh untuk mengobati Jerawat.","Untuk mengobati Jerawat menggunakan Belimbing Wuluh:
Bahan:
- Belimbing Wuluh
  Nama ilmiah: Averrhoa blimbiL
  Bagian: buah segar
  Dosis: 3 x 2 buah/hari.

Cara Pembuatan:
bahan dihaluskan, tambahkan sedikit air garam, kemudian gosokkan pada bagian yang sakit.","Berperanlah sebagai pakar etnobotani. Berdasarkan data berikut:
{""task"": ""preparation"", ""language"": ""id"", ""indication"": ""Jerawat""}

Jelaskan secara rinci dan terstruktur cara membuat ramuan tradisional dari Belimbing Wuluh (Averrhoa bilimbi) khusus untuk mengobati jerawat. Pastikan penjelasan Anda mencakup:
1. Bahan-bahan yang diperlukan.
2. Langkah-langkah persiapan dan pembuatan ramuan.
3. Cara aplikasi yang benar pada kulit.
4. Catatan keamanan atau efek samping yang perlu diperhatikan.

Gunakan bahasa Indonesia yang jelas, ilmiah namun mudah dipahami, dan pertahankan konteks kearifan lokal.","Belimbing wuluh (*Averrhoa bilimbi*) telah lama menjadi bagian tak terpisahkan dari kearifan lokal masyarakat Nusantara dalam merawat kesehatan kulit, khususnya untuk mengatasi jerawat. Buah yang dikenal dengan rasa asam menyegarkan ini mengandung senyawa aktif seperti asam askorbat (vitamin C), tanin, saponin, dan flavonoid yang berperan sebagai antioksidan, anti-inflamasi, dan antimikroba alami. Sifat asamnya membantu menyeimbangkan pH kulit dan mengangkat sel kulit mati, sementara sifat antimikrobanya efektif menekan pertumbuhan bakteri *Propionibacterium acnes* penyebab jerawat.

Berikut adalah panduan terstruktur dalam menyiapkan dan memanfaatkan belimbing wuluh untuk perawatan jerawat secara aman dan efektif:

### 1. Bahan-bahan yang Diperlukan
Untuk mendapatkan hasil optimal dengan risiko iritasi minimal, siapkan bahan-bahan berikut:
*   **Buah Belimbing Wuluh Segar:** Pilih 2–3 buah yang masih muda hingga setengah matang (berwarna hijau cerah). Buah yang terlalu tua atau terlalu lunak cenderung memiliki kadar air berlebih dan kandungan asam yang kurang stabil.
*   **Air Bersih:** Secukupnya untuk mencuci dan merebus (jika menggunakan metode rebusan).
*   **Madu Murni (Opsional):** 1 sendok teh. Penambahan madu berfungsi untuk melembapkan kulit dan menyeimbangkan tingkat keasaman, serta menambah sifat antibakteri.
*   **Alat:** Pisau bersih, lumping dan alu (atau blender kecil), mangkuk keramik/kaca, dan kain kasa steril untuk menyaring.

### 2. Langkah-langkah Persiapan dan Pembuatan Ramuan
Ada dua metode tradisional yang umum digunakan: pemakaian langsung (untuk kulit yang tidak terlalu sensitif) dan metode masker (lebih lembut). Berikut adalah metode masker yang lebih direkomendasikan untuk keamanan kulit:

1.  **Pencucian:** Cuci bersih belimbing wuluh di bawah air mengalir untuk menghilangkan debu, residu pestisida, atau kotoran yang menempel pada kulit buah.
2.  **Pengirisan:** Iris tipis-tipis buah belimbing wuluh, buang bagian ujungnya.
3.  **Penumbukan/Penghalusan:** Tumbuk irisan buah tersebut menggunakan lumping dan alu hingga hancur dan mengeluarkan sari pati. Jika menggunakan blender, tambahkan sedikit air (maksimal 1 sendok makan) agar mudah halus, namun hindari penambahan air berlebih agar konsentasi sari tetap tinggi.
4.  **Pencampuran (Opsional):** Jika kulit Anda cenderung kering atau sensitif, campurkan hasil tumbukan dengan 1 sendok teh madu murni. Aduk hingga merata membentuk pasta kental.
5.  **Penyaringan (Alternatif):** Jika Anda lebih menyukai penggunaan air sarinya saja, peras hasil tumbukan menggunakan kain kasa steril ke dalam mangkuk bersih. Ampas dapat dibuang atau digunakan sebagai lulur lembut pada area tubuh lain yang tidak berjerawat.

### 3. Cara Aplikasi yang Benar pada Kulit
Agar manfaat terapeutik terserap maksimal tanpa merusak lapisan pelindung kulit (*skin barrier*), ikuti langkah berikut:

1.  **Pembersihan Awal:** Cuci muka dengan pembersih wajah lembut (*gentle cleanser*) dan air hangat suam-suam kuku untuk membuka pori-pori. Keringkan wajah dengan menepuk-nepuk menggunakan handuk bersih.
2.  **Uji Tempel (*Patch Test*):** Sebelum mengaplikasikan ke seluruh wajah, oleskan sedikit ramuan pada area kecil di belakang telinga atau rahang. Tunggu 15–20 menit. Jika muncul rasa panas berlebih, gatal, atau kemerahan signifikan, segera bilas dan batalkan penggunaan.
3.  **Aplikasi:** Gunakan kapas bersih atau ujung jari yang telah dicuci, lalu oleskan ramuan atau sari belimbing wuluh secara tipis dan merata pada area berjerawat atau seluruh wajah (hindari area mata dan bibir yang sensitif).
4.  **Waktu Diam:** Biarkan ramuan bekerja selama 10–15 menit. Jangan dibiarkan hingga kering sepenuhnya karena dapat menyebabkan kulit terasa tertarik dan iritasi.
5.  **Pembilasan:** Bilas wajah dengan air dingin atau air suhu ruang hingga bersih untuk menutup pori-pori.
6.  **Pelembap:** Segera aplikasikan pelembap wajah (*moisturizer*) non-komedogenik untuk mengunci hidrasi, mengingat sifat asam belimbing wuluh dapat membuat kulit sedikit kering.
7.  **Frekuensi:** Lakukan perawatan ini 2–3 kali seminggu. Penggunaan setiap hari tidak disarankan karena berpotensi mengikis lapisan kulit terlalu agresif.

### 4. Catatan Keamanan dan Efek Samping
Meskipun berbahan alami, kehati-hatian tetap menjadi prioritas utama dalam etnobotani terapan:

*   **Risiko Iritasi Asam:** Belimbing wuluh memiliki tingkat keasaman (pH rendah) yang cukup tinggi. Pada kulit sensitif, hal ini dapat menyebabkan *contact dermatitis* berupa kemerahan, rasa perih, atau pengelupasan kulit. Jika hal ini terjadi, hentikan penggunaan segera.
*   **Fotosensitivitas:** Penggunaan bahan asam pada kulit dapat meningkatkan sensitivitas terhadap sinar matahari. Sangat disarankan untuk menggunakan tabir surya (*sunscreen*) jika beraktivitas di luar ruangan setelah perawatan ini.
*   **Interaksi dengan Obat Lain:** Hindari mengombinasikan ramuan ini secara bersamaan dengan produk perawatan kulit yang mengandung retinoid, AHA/BHA konsentrasi tinggi, atau benzoyl peroxide, karena dapat memicu iritasi berlebihan. Berikan jeda waktu atau gunakan pada hari yang berbeda.
*   **Kondisi Luka Terbuka:** Jangan mengaplikasikan ramuan ini pada jerawat yang sudah pecah, bernanah parah, atau luka terbuka, karena akan menimbulkan rasa sakit yang tajam dan memperlambat proses penyembuhan luka.
*   **Konsultasi Medis:** Ramuan ini bersifat pendukung (*komplementer*). Jika jerawat bersifat kistik, meradang parah, atau tidak membaik setelah 4 minggu penggunaan rutin, segera konsultasikan dengan dokter kulit untuk penanganan medis yang lebih komprehensif.

Dengan memadukan pengetahuan tradisional dan prinsip kehati-hatian ilmiah, belimbing wuluh dapat menjadi solusi alami yang efektif untuk membantu mengendalikan jerawat dan mengembalikan kejernihan kulit secara bertahap.","{""task"": ""preparation"", ""language"": ""id"", ""indication"": ""Jerawat""}",,
"As an ethnobotany expert, explain how to prepare Teh to treat Sakit Kepala Sebelah.","To treat Sakit Kepala Sebelah using Teh:
Ingredients:
- Teh
  Scientific name: Camellia sinensis L.
  Part: pucuk daun
  Dose: 3 x 8 g pucuk daun/hari

Preparation:
Bahan diseduh dengan 1 cangkir air mendidih, diamkan, saring dan dapat ditambahkan dengan sedikit air jeruk nipis dan/atau madu kemudian diaduk rata dan diminum sekaligus.

Safety Information:
Contraindications: iritasi lambung, susah tidur, kecemasan dan jantung berdebar
Warnings: hati-hati teh mengandung kafein
Side effects: minum 5 cangkir atau lebih/hari, yang mengandung ±100 mg kafein dapat menyebabkan gangguan pencernaan, rasa lemah, gelisah, gemetar, sukar tidur, bingung, jantung berdebar debar, sesak nafas dan kadang kadang sembelit.","Act as an ethnobotany expert. Explain the preparation of 'Teh' (a traditional herbal tea) to treat 'Sakit Kepala Sebelah' (a term referring to one-sided headache or migraine). Provide clear, step-by-step instructions including necessary ingredients and methods.

Context Data:
{""task"": ""preparation"", ""language"": ""en"", ""indication"": ""Sakit Kepala Sebelah""}","**Important Health Notice:** The following information describes a traditional herbal preparation. It is not a substitute for professional medical advice, diagnosis, or treatment. Migraines ('Sakit Kepala Sebelah') can be complex and may indicate underlying health conditions. Always consult a qualified healthcare provider before starting any herbal regimen, especially if you are pregnant, nursing, taking medication (such as blood thinners or diabetes drugs), or have chronic health issues. If the headache is sudden and severe, follows a head injury, or is accompanied by fever, stiff neck, confusion, or vision loss, seek emergency medical care immediately.

### Traditional Preparation of Herbal 'Teh' for Headache Relief

In many Southeast Asian communities, herbal infusions known collectively as 'Teh' are prepared to support comfort during episodes of one-sided headache. While formulations vary by region and family tradition, the following method outlines a common approach using readily available botanicals known for their warming, calming, and circulatory properties. Please approach this preparation with care; herbal medicines are potent and should be treated with respect.

#### Necessary Ingredients
*   **Fresh Ginger (*Zingiber officinale*):** One thumb-sized piece (approx. 20–30 grams), sliced thinly. Traditionally selected for its warming properties and ability to support circulation.
*   **Fresh Turmeric (*Curcuma longa*):** One finger-sized piece (approx. 20–30 grams), sliced thinly. 
*   **Lemongrass (*Cymbopogon citratus*):** One stalk, bruised. Included for its calming aroma and mild analgesic properties.
*   **Water:** 500 ml (approximately 2 cups) of clean, filtered water.
*   **Optional Leaves:** 10–15 fresh Peppermint leaves OR 3–5 fresh Pandan leaves (tied into a knot). These are added for their cooling or soothing aromatic properties.
*   **Optional:** A small amount of honey or palm sugar for taste.

#### Step-by-Step Preparation Method

1.  **Cleaning the Botanicals**
    Thoroughly wash the ginger, turmeric, and lemongrass under running water. Use a soft brush to remove soil from the rhizomes. If the ingredients are not organic, peeling is recommended to remove potential residues. Slice the ginger and turmeric into thin coins to increase the surface area for extraction. Bruise the lemongrass stalk by gently crushing it with the flat side of a knife to release its oils.

2.  **Decoction of Hard Roots**
    Pour the 500 ml of water into a stainless steel, glass, or clay pot. Avoid aluminum pots, as some herbal compounds can react with the metal. Add the sliced ginger, turmeric, and bruised lemongrass to the water. Bring to a boil, then reduce the heat to a low simmer. Cover the pot and allow it to simmer gently for 10 to 15 minutes. Do not boil vigorously, as excessive heat may destroy volatile oils.

3.  **Infusion of Leaves**
    After the simmering period, turn off the heat. If using peppermint or pandan leaves, add them now. Cover the pot again and let the mixture steep for another 5 to 10 minutes. This ensures the delicate oils in the leaves are not boiled away.

4.  **Straining and Serving**
    Strain the liquid into a clean cup using a fine mesh strainer or cheesecloth. Discard the plant material. The tea should be consumed warm, not scalding hot. If necessary, stir in a small amount of honey or palm sugar.

#### Usage and Safety Guidelines

*   **Dosage:** Traditionally, one cup is consumed at the onset of discomfort. Do not exceed two cups in a 24-hour period without professional guidance.
*   **Environment:** Traditional healing emphasizes the setting. Drink this in a quiet, dimly lit space. Rest your eyes and minimize sensory input while the tea takes effect.
*   **Observation:** Pay close attention to how your body responds. Some individuals may experience heartburn due to the ginger or turmeric. If you experience nausea, dizziness, or worsening pain, discontinue use immediately.
*   **Interactions:** Ginger and turmeric can interact with certain medications, including blood thinners and drugs for diabetes or high blood pressure. Review your current medications with a healthcare provider.

This preparation is intended to complement a healthy lifestyle and medical care, not to replace them. Safety must always remain the primary concern.","{""task"": ""preparation"", ""language"": ""en"", ""indication"": ""Sakit Kepala Sebelah""}",,
"Minangka ahli etnobotani, nerangake carane nggawe jampi saka Brotowali kanggo nambani diabetes.","Kanggo nambani diabetes nggunakake Brotowali:
Bahan:
- Brotowali
  Jeneng Ilmiah: Tinospora crispa (L)
  Bagian: watang
  Dosis: 2 x 7,5 g / dina.

Cara Nggawe:
Godhok bahan ing 300 ml banyu nganti setengah, adhem, saring lan ngunjuk bebarengan.

Informasi Keamanan:
Larangan: meteng lan nyusoni
Warning: gangguan fungsi ati
Efek samping: mual lan muntah.","Minangka ahli etnobotani, mangga nerangaken kanthi rinci lan teliti babagan tata cara nyiyapaken jampi saking tuwuhan Brotowali kangge ngobati penyakit diabetes.

Pandhuan respon:
1. **Basan**: Ginakaken Basa Jawi Krama Inggil ingkang leres lan sopan.
2. **Isi**: Jelasaken langkah-langkah persiapan, wiwit saking milih bahan, ngresiki, ngolah, dumugi cara ngunjukipun.
3. **Peringatan**: Sertakaken cathetan penting babagan dosis ingkang aman lan potensi efek samping, sarta anjuran kangge konsultasi kaliyan dokter.

Data Tugas:
{""task"": ""preparation"", ""language"": ""jv"", ""jv_herb_name"": ""Brotowali"", ""register"": ""Krama_Inggil""}","Nuun, dhumateng panjenengan ingkang nembe madosi kawruh babagan jampi tradisional. Kanthi asoring manah, keparenga kula ngandharaken tata cara nyiyapaken jampi saking tuwuhan Brotowali (*Tinospora crispa*) ingkang saged dipunginakaken kangge mbantu ngandhani kadar gula darah utawi penyakit diabetes. 

**1. Milih Bahan Ingkang Saé**
Langkah ingkang pisanan inggih punika milih batang Brotowali ingkang sampun sepuh. Ciri-cirinipun warninipun coklat semu abu-abu, teksturipun kasar, lan ukuranipun kirang langkung 1-2 cm diameteripun. Endhani batang ingkang taksih enom utawi ijem amargi kandhutan zat aktifipun dereng maksimal. Mastikaken batang wau sehat, mboten bosok, mboten dipunpangan uler, lan saking tuwuhan ingkang tumbuh alami tebih saking polusi.

**2. Ngresiki Bahan**
Karesikan punika wigatos sanget supados jampi mboten mbeta kuman. Kumbah batang Brotowali ngginakaken toya mili kanthi resik. Gosok alon-alon ngginakaken sikat alus supados lebu ingkang nempel ical. Salajengipun, iris batang wau mringil-mringil kirang langkung 2-3 centimeter supados sari-sarinipun gampil medal nalika dipungodhog.

**3. Tata Cara Ngolah (Nggodhog)**
*   Siapaken panci tanah liat utawi *stainless steel*. Pungkasi ngginakaken panci aluminium amargi saged ngrusak khasiat jampi.
*   Lebetaken irisan Brotowali kirang langkung 10-15 gram (utawi sak-genggam alit).
*   Tambahaken toya resik 3 gelas (± 600 ml).
*   Godhog kanthi geni alit ngantos toyanipun nyuda dados 1 gelas (± 200 ml). Proses menika mbetahaken wekdal kirang langkung 20-30 menit. Toya badhé owah warni dados kuning coklat lan raosipun pait sanget.
*   Sasampunipun, mateni geni, lajeng saring toya wau supados ampasipun mboten tumut.

**4. Cara Ngunjuk**
*   Jampi menika saged dipununjuk nalika taksih anget utawi sampun adhem. 
*   Amargi raosipun sanget pait, panjenengan saged nambahaken sekedhik madu murni supados langkung gampil dipununjuk.
*   Wekdal ingkang saé kangge ngunjuk inggih menika enjing lan sore dinten, sakderengipun dhahar. Takaran ingkang aman kirang langkung 1 gelas alit (100-150 ml) saben dintenipun.

**Cathetan Wigati lan Peringatan**
Minangka tiyang ingkang ngajeni kaselamatan panjenengan, wonten babagan ingkang kedah dipuneling-eling sanget:

1. **Dosis Ingkang Aman:** Ampun ngunjuk jampi menika kelangkung kathah utawi dangu sanget tanpa jeda, amargi saged ndamel beban abot kangge organ ati lan ginjel. Disaranaken ngunjuk selama 1-2 minggu, lajeng mandheg (jeda) 1 minggu rumiyin sadereng nglajengaken malih.
2. **Potensi Efek Samping:** Menawi panjenengan ngrasakaken mual, pusing, awak lemes, utawi kulit lan mata katingal kuning (tandha gangguan ati), enggal-enggal mandhegaken ngunjuk jampi menika.
3. **Interaksi Obat:** Brotowali saged ndamel gula getih mudhun drastis (hipoglikemia) menawi dipunkombinasikaken kaliyan obat diabetes saking dokter. Menawi panjenengan saweg ngonsumsi obat kimia, paring jeda wekdal kirang langkung 2 jam saking jampi menika.
4. **Ibu Hamil lan Menyusui:** Kangge ibu ingkang meteng utawi nyusoni, langkung sae dipunendhani amargi keamananipun dereng saged dipunpestekaken.
5. **Konsultasi Dokter:** Jampi tradhisional menika sifatipun minangka pendamping, mboten nggantosaken pengobatan medis utama. Mangga konsultasikaken rumiyin kaliyan dokter spesialis penyakit dalam supados pengobatan panjenengan saged lumampah kanthi saé lan mboten mbebayani.

Mugi-mugi katerangan menika saged paring mupangat lan panjenengan tansah pinaringan kasarasan. Rahayu.","{""task"": ""preparation"", ""language"": ""jv"", ""jv_herb_name"": ""Brotowali"", ""register"": ""Krama_Inggil""}",,
"Minangka ahli etnobotani, nerangake carane nggawe jampi saka Sirih kanggo nambani kukul.","Kanggo nambani kukul nggunakake Betel:
Bahan:
- Sirih
  Jeneng ilmiah: Piper bettleL
  Bagian: godhong seger
  Dosis: 2 x 7-10 godhong / dina

Cara Nggawe:
Bahan-bahan kasebut digodhog ing banyu 2 gelas nganti nggodhok, adhem, banyune kanggo ngumbah kulit (wajah).

Informasi Keamanan:
Pènget: saged nyebabake iritasi ing kulit lan membran mukus
Efek samping: iritasi abang","Minangka ahli etnobotani, please nerangake langkah-langkah nggawe jampi saka Sirih kanggo nambani kukul kanthi rinci.

Pedoman respons:
- Basa: Gunakake Basa Jawa Krama Inggil (alus) sakabehane.
- Struktur: Wenehake penjelasan ing bentuk langkah-langkah urutan (step-by-step) sing jelas lan gampang ditindakake.
- Isi: Jelasna bahan sing dibutuhake, cara nyiyapake, lan cara nggunakake jampi kasebut.
- Keamanan: Sertakake cathetan penting babagan precautions utawa hal sing kudu diwaspadai nalika nggunakake jampi tradisional iki.

Konteks tambahan:
{""task"": ""preparation"", ""language"": ""jv"", ""jv_herb_name"": ""Sirih"", ""register"": ""Krama_Inggil""}","Kagem nambani kukul, godhong sirih kagungan sipat antiseptik ingkang saged mbantu ngresikaken bakteri saha nyegah peradangan. Menika langkah-langkah nyiyapaken jampi saking godhong sirih ingkang saged Panjenengan tindakaken kanthi urut:

**Bahan-bahan ingkang dipunbetahaken:**
1. Godhong sirih ijem seger cacahipun 5 dumugi 10 lembar.
2. Toya resik kirang langkung 2 gelas (500 ml).
3. Garam laut sakedhap (menawi kersa, kagem nambah khasiat antiseptik).
4. Panci resik (langkung sae saking tanah utawi stainless steel, supados mboten wonten reaksi kimia).
5. Kain kasa, kapas, utawi kain alus ingkang resik.
6. Saringan resik.

**Langkah-langkah nyiyapaken jampi:**
1. **Ngresiki Godhong:** Wisuh godhong sirih rumiyin ngginakaken toya mili ngantos resik saking lebu. Suwek-suwek utawi iris alit supados sari-sarinipun gampil medal.
2. **Ngodhog:** Lebetaken toya wonten panci, godhog ngantos umob. Salajengipun, lebetaken godhong sirih (lan garam menawi wonten).
3. **Ngentosi Mateng:** Alitaken geni, tutup panci, lan godhog malih kirang langkung 10 dumugi 15 menit ngantos toyanipun gantos warna dados coklat enom lan sari-sarinipun medal.
4. **Nyaring lan Ngademaken:** Mateni geni, lajeng saring toya godhogan wau. Entosi ngantos anget kuku (ampun ngginakaken nalika taksih panas sanget amargi saged ndadosaken kulit kerisaken).

**Cara ngginakaken jampi:**
1. **Ngresiki Kulit:** Umbah pasuryan utawi bagian kulit ingkang wonten kukulipun ngginakaken toya resik, lajeng keringaken.
2. **Kompres:** Celupaken kapas utawi kain kasa wonten toya sirih, lajeng tempelaken utawi usapaken kanthi alus wonten papan ingkang kukul.
3. **Keringaken Alami:** Biyarakaken toya sirih garing piyambak kanthi alami tanpa dipunbilas. Lampahi cara punika kalih dinten sepisan (enjang lan sonten) kanthi ajeg.

**Cathetan Wigati (Keamanan):**
1. **Uji Alergi:** Sadèrèngipun dipunagem ing wajah, cobakaken sakedhap toya sirih wonten kulit tangan. Menawi wonten rasa gatel, abrit, utawi iritasi, ampun dipunlajengaken.
2. **Njagi Soca:** Ati-ati supados toya mboten kelebet wonten soca amargi saged ndadosaken iritasi.
3. **Kondisi Parah:** Menawi kukul sampun parah, meradang awrat, utawi wonten nanah, langkung sae pados tamba dhateng dhokter utawi spesialis kulit.
4. **Karesikan:** Mastikaken tangan saha piranti ingkang dipunagem resik sanget supados mboten nambah infeksi bakteri.
5. **Kesabaran:** Jampi alami mbetahaken wekdal lan kesabaran supados asilipun saged katingal sae.

Mugi-mugi pandhuan menika saged migunani lan kulit Panjenengan enggal saras wangsul.","{""task"": ""preparation"", ""language"": ""jv"", ""jv_herb_name"": ""Sirih"", ""register"": ""Krama_Inggil""}",,
"Sebagai pakar etnobotani, jelaskan cara membuat ramuan dari Akar Manis untuk mengobati Batuk.","Untuk mengobati Batuk menggunakan Akar Manis:
Bahan:
- Akar Manis
  Nama ilmiah: Glycyrrhiza glabra Linn.
  Bagian: akar
  Dosis: digoxin

Cara Pembuatan:
1 x 10 g akar/hari

Informasi Keamanan:
Larangan: kehamilan dan menyusui
Peringatan: kehamilan
Efek samping: pengunaan dosis tinggi (>50 g/hari) berturutturut selama 6 minggu dapat menyebabkan retensi yodium, hipertensi, obesitas, keluhan jantung dan ginjal","Berperanlah sebagai pakar etnobotani. Jelaskan secara rinci cara menyiapkan ramuan dari Akar Manis (Glycyrrhiza glabra) untuk mengobati batuk.

Konteks Tugas:
{""task"": ""preparation"", ""language"": ""id"", ""indication"": ""Batuk""}

Dalam penjelasan Anda, pastikan untuk mencakup:
1. Identifikasi bahan dan takaran yang tepat.
2. Langkah-langkah persiapan dan pembuatan ramuan.
3. Cara konsumsi dan dosis yang disarankan.
4. Peringatan keamanan atau kontraindikasi yang perlu diperhatikan.","Akar Manis (*Glycyrrhiza glabra*), atau yang dalam tradisi lokal sering kita kenal sebagai akar yang memberikan rasa manis alami, telah lama menjadi pilar dalam penanganan gangguan pernapasan, khususnya batuk. Senyawa aktif utamanya, glisirizin, memiliki sifat anti-inflamasi dan ekspektoran yang kuat, membantu mengencerkan dahak dan menenangkan selaput lendir tenggorokan yang iritasi. Namun, sebagaimana halnya dengan semua tumbuhan obat yang poten, kunci keberhasilannya terletak pada ketepatan takaran dan kehati-hatian dalam penyajian.

Berikut adalah panduan rinci untuk menyiapkan ramuan Akar Manis guna meredakan batuk:

### 1. Identifikasi Bahan dan Takaran
Untuk mendapatkan khasiat optimal tanpa risiko efek samping, penggunaan bahan baku yang tepat sangat krusial.

*   **Bahan Utama:** Gunakan akar manis kering (*dried licorice root*) yang telah dipotong kecil-kecil atau digeprek. Pastikan sumbernya bersih, bebas dari jamur, dan ideally merupakan varietas *Glycyrrhiza glabra* yang terstandarisasi. Hindari menggunakan akar segar langsung dari tanah tanpa proses pengeringan yang benar karena konsentrasi senyawanya sulit dikontrol.
*   **Takaran:**
    *   **Akar Manis Kering:** 3 hingga 5 gram (setara dengan sekitar 1 sendok teh penuh serpihan akar atau 1-2 batang kecil yang digeprek).
    *   **Air:** 250 ml (1 gelas sedang). Air bersih sebaiknya digunakan, bukan air yang sudah mendidih berulang kali.
*   **Bahan Tambahan (Opsional):** Untuk meningkatkan efektivitas pada batuk berdahak, dapat ditambahkan seiris tipis jahe (*Zingiber officinale*) atau sedikit madu murni setelah ramuan dingin kuku.

### 2. Langkah-langkah Persiapan dan Pembuatan
Metode ekstraksi yang paling tepat untuk akar adalah perebusan (*decoction*), bukan sekadar penyeduhan, agar senyawa aktif dalam jaringan kayu akar dapat keluar secara maksimal.

1.  **Pembersihan Awal:** Bilas cepat serpihan akar manis di bawah air mengalir untuk menghilangkan debu, namun jangan merendamnya terlalu lama agar senyawa aktif tidak larut terbuang.
2.  **Proses Perebusan:**
    *   Masukkan 3–5 gram akar manis ke dalam panci kecil (disarankan panci kaca, tanah liat, atau *stainless steel*; hindari aluminium).
    *   Tuangkan 250 ml air dingin ke dalam panci.
    *   Nyalakan api sedang hingga air mendidih.
    *   Setelah mendidih, kecilkan api hingga titik terendah (simmer), tutup panci, dan biarkan mendidih perlahan selama 10–15 menit. Waktu ini penting untuk mengekstrak glisirizin secara optimal.
3.  **Penyaringan:** Matikan api dan biarkan ramuan sedikit dingin selama 2–3 menit. Saring air rebusan ke dalam cangkir menggunakan saringan teh halus atau kain kasa bersih untuk memisahkan ampas akar.
4.  **Penyajian:** Ramuan siap diminum selagi hangat. Jika ingin menambahkan madu, tunggu hingga suhu ramuan turun menjadi hangat kuku (di bawah 40°C) agar enzim dalam madu tidak rusak akibat panas.

### 3. Cara Konsumsi dan Dosis yang Disarankan
Penggunaan yang disiplin sangat menentukan hasil terapi.

*   **Dosis Harian:** Minum 1 cangkir (250 ml) ramuan ini 2 hingga 3 kali sehari.
*   **Durasi:** Konsumsi ramuan ini maksimal selama 7 hari berturut-turut untuk pengobatan akut. Jika batuk tidak membaik setelah 3 hari atau justru memburuk, segera hentikan dan konsultasikan dengan tenaga medis.
*   **Waktu Minum:** Sebaiknya diminum setelah makan untuk mengurangi potensi iritasi lambung ringan pada individu yang sensitif, atau saat terasa gatal di tenggorokan.

### 4. Peringatan Keamanan dan Kontraindikasi
Meskipun alami, Akar Manis memiliki profil farmakologis yang kuat dan dapat berinteraksi serius dengan kondisi tubuh tertentu. Harap perhatikan poin-poin berikut dengan saksama:

*   **Hipertensi (Darah Tinggi):** Ini adalah kontraindikasi paling kritis. Glisirizin dapat menyebabkan retensi natrium dan pengeluaran kalium, yang berakibat pada kenaikan tekanan darah. Penderita hipertensi **tidak disarankan** mengonsumsi ramuan ini tanpa pengawasan ketat dokter.
*   **Gangguan Jantung dan Ginjal:** Individu dengan riwayat gagal jantung, aritmia, atau penyakit ginjal harus menghindari konsumsi akar manis karena risiko ketidakseimbangan elektrolit (hipokalemia).
*   **Kehamilan dan Menyusui:** Penggunaan akar manis dalam jumlah terapeutik tidak direkomendasikan bagi ibu hamil dan menyusui karena adanya risiko potensial terhadap perkembangan janin dan keseimbangan hormon.
*   **Interaksi Obat:** Hati-hati jika Anda sedang mengonsumsi obat diuretik (peluruh air seni), obat kortikosteroid, atau obat pencahar, karena akar manis dapat memperkuat efek samping obat-obatan tersebut.
*   **Efek Samping Jangka Panjang:** Penggunaan terus-menerus lebih dari 2–4 minggu dapat menyebabkan pseudolaldosteronisme (gejala mirip kelebihan hormon aldosteron), yang ditandai dengan lemah otot, sakit kepala, dan pembengkakan.

Herbal adalah mitra penyembuhan yang bijak jika kita memperlakukannya dengan hormat dan pengetahuan. Gunakan ramuan ini dengan kesadaran penuh akan kondisi tubuh Anda. Jika ragu, selalu utamakan konsultasi dengan profesional kesehatan sebelum memulai pengobatan herbal.","{""task"": ""preparation"", ""language"": ""id"", ""indication"": ""Batuk""}",,
"Minangka ahli etnobotani, nerangake carane nggawe jampi saka kunir kanggo nambani lemes.","Kanggo nambani lemes lan lemes nggunakake kunir:
Bahan:
- Kunyit
  Jeneng ilmiah: Curcuma domestica Val
  Bagian: rhizome
  Dosis: a) 3 x 1,5-3 g / dina, dijupuk 1 jam sadurunge dhahar b) 3 x 15 g rimpang seger / dina, dijupuk 1 jam sadurunge dhahar

Cara Nggawe:
a) Bahan-bahan garing digiling dadi bubuk, diseduh nganggo 1 gelas banyu sing nggodhok, diendheg, dipun-saring lan diombe nalika anget. b) Bahan diuleg, digodhog nganggo banyu 3 gelas nganti dadi 1 gelas, adhem dipun-saring banjur diombe.

Informasi Keamanan:
Larangan: alergi lan watu gall
Warning: meteng lan nyusoni
Efek samping: alergi","Minangka ahli etnobotani, sumangga nerangaken kanthi rinci langkah-langkah nggawe jampi saka kunir kangge nambani lemes. Mugi-mugi penjelasan menika ngginakaken Basa Jawa Krama Inggil supados trep kaliyan unggah-ungguh.

Konfigurasi Tugas:
{""task"": ""preparation"", ""language"": ""jv"", ""jv_herb_name"": ""Kunyit"", ""register"": ""Krama_Inggil""}","Sugeng rawuh, Panjenengan. Mugi-mugi Panjenengan tansah pinaringan kasarasan lan kabagyan. Babagan badan ingkang kraos lemes utawi lojo, punika lumrah kedadosan nalika awak kekirangan energi utawi kelelahan. Kunir, ingkang wonten ing kawruh modern dipunwastani *Curcuma longa*, punika salah satunggaling tetuwuhan ingkang sugih khasiat kangge ngembaliken kebugaran sarta ngiyataken badan, mligi amargi kandhutan kurkumin ingkang mbiyantu nambah daya tahan salira.

Ing ngandhap punika, kula aturaken langkah-langkah damel jampi kunir kanthi tertib lan resik, supados khasiatipun saged kaserap kanthi sae dening badan Panjenengan. Mugi-mugi penjelasan menika saged dados pandhuan ingkang mbiyantu.

**Bahan-bahan ingkang dipunbetahaken:**
1. Kunir seger ingkang kualitasipun sae, ukuran kirang langkung 2-3 ruas jari, dipunpilih ingkang warninipun kuning semu oranye lan sepuh supados sarinipun kiyat.
2. Jahe emprit setunggal ruas jari (kangge nambah raos anget sarta ngiyataken khasiat).
3. Toya resik kirang langkung 2 gelas.
4. Madu asli utawi gula jawa secukupipun (kangge nyedhepaken raos sarta nambah energi).
5. Perasan jeruk nipis utawi asem jawi secukupipun (kangge netralaken rasa langse sarta mbantu penyerapan khasiat kunir).
6. Uyah sakedhik (kangge ngiyataken rasa jampi).

**Langkah-langkah pangolahan:**
1. **Ngresiki:** Kunir sarta jahe dipunkumbah kanthi resik ngginakaken toya mili supados lebu utawi tanah saged ical. Menawi perlu, kulitanipun saged dipunuris alit ngginakaken pisau ingkang resik, nanging menawi kuniripun organik lan resik sampun cetha, kulitanipun saged dipunbiyanten amargi wonten khasiatipun ugi.
2. **Ngalusaken:** Kunir sarta jahe dipunparut alit utawi dipuniris tipis sanget. Cara menika dipunlampahi supados saripatinipun gampil medal kanthi maksimal nalika dipungodhog.
3. **Nggodhog:** Bahan ingkang sampun alus dipunlebetaken wonten ing panci ingkang resik (langkung sae panci keramik utawi stainless steel), lajeng dipuncampuri toya kalih gelas. Godhog kanthi api alit kirang langkung 10-15 menit ngantos toyanipun nyuda dados setunggal gelas saha warninipun kuning emas. Proses menika penting sanget kangge ngaktifaken senyawa aktip sarta mateni kuman ingkang mungkin wonten.
4. **Nyaring:** Sasampunipun dingin sethithik (ngremeh-ngremeh anget), toya kunir dipunsaring ngginakaken kain resik utawi saringan teh, supados ampasipun mboten ikut kainum saha tenggorokan mboten kraos gatel.
5. **Panyedhap:** Lebokaken madu utawi gula jawa, perasan jeruk nipis, sarta uyah sakedhik. Aduk kanthi alon ngantos sedaya bahan nyampur kanthi rata.

**Anjuran ngginakaken:**
Jampi kunir punika prayoginipun dipununjuk nalika taksih anget, kirang langkung setunggal gelas saben enjing sadurunge sarapan. Konsistensi penting sanget, nanging mboten perlu kekirangan; badan mbutuhaken wekdal kangge nanggapi khasiat alami menika. Menawi Panjenengan gadhah riwayat gerah lambung utawi maag ingkang sensitif, sumangga ngunjuk jampi menika sasampunipun dhahar supados lambung mboten kraos perih utawi panas.

**Perlu dipunatos-atos:**
Sanajan kunir punika bahan alami ingkang sae, Panjenengan kedah ngatos-atos menawi gadhah riwayat alergi utawi watu gall. Menawi raos lemes taksih terus wonten, mboten wonten owah-owahan, utawi dipuniringan dening gejala sanesipun, langkung sae Panjenengan konsultasi kaliyan dhokter utawi tenaga medis kangge pemeriksaan langkung jangkep. Jampi tradhisional punika minangka pendamping ingkang sae, nanging diagnosa medis tetep utami.

Mugi-mugi ikhtiar menika saged mbantu ngembaliken kebugaran Panjenengan. Jaga pola sare ingkang cekap lan pangan ingkang bergizi ugi penting sanget. Mugi Panjenengan enggal waras, seger, lan saged aktivitas malih kanthi semangat.","{""task"": ""preparation"", ""language"": ""jv"", ""jv_herb_name"": ""Kunyit"", ""register"": ""Krama_Inggil""}",,
"Sebagai pakar etnobotani, jelaskan cara membuat ramuan dari Alang-alang untuk mengobati Melancarkan Air Seni.","Untuk mengobati Melancarkan Air Seni menggunakan Alang-alang:
Bahan:
- Alang-alang
  Nama ilmiah: Imperata cylindrica L
  Bagian: akar
  Dosis: 3 x 100 g akar/hari

Cara Pembuatan:
bahan direbus dengan 3 gelas air sampai tersisa 1 gelas, dinginkan, saring, dan dapat diminum dengan menambahkan gula batu secukupnya.

Informasi Keamanan:
Peringatan: alergi
Efek samping: pusing, mual, peningkatan buang air kecil","Sebagai pakar etnobotani, jelaskan secara rinci cara mempersiapkan dan membuat ramuan dari tanaman Alang-alang (Imperata cylindrica) yang efektif untuk mengobati gangguan melancarkan air seni (diuretik).

Harap ikuti struktur berikut dalam penjelasan Anda:
1. **Pendahuluan**: Jelaskan singkat manfaat Alang-alang dalam konteks etnobotani untuk kesehatan saluran kemih.
2. **Bahan dan Alat**: Daftar bahan baku (bagian tanaman yang digunakan) dan alat yang diperlukan.
3. **Langkah Pembuatan**: Uraikan proses pembuatan ramuan secara bertahap, mulai dari pembersihan, pengolahan, hingga penyajian.
4. **Dosis dan Cara Penggunaan**: Berikan rekomendasi dosis aman dan cara konsumsinya.
5. **Peringatan dan Kontraindikasi**: Sertakan catatan keamanan, efek samping potensial, atau kondisi di mana ramuan ini tidak boleh digunakan.

Konteks Tugas:
{""task"": ""preparation"", ""language"": ""id"", ""indication"": ""Melancarkan Air Seni""}","### 1. Pendahuluan
Dalam khazanah pengobatan tradisional Nusantara, Alang-alang (*Imperata cylindrica*) telah lama dihormati sebagai ""penjaga ginjal"" yang handal. Secara etnobotani, tanaman ini bukan sekadar rumput liar yang tumbuh di tegalan, melainkan sumber daya hayati vital yang akarnya mengandung senyawa aktif seperti kalium, manitol, dan glukosa. Senyawa-senyawa inilah yang bekerja sinergis untuk meningkatkan volume urine, mendinginkan saluran kemih yang meradang, dan membantu melarutkan kristal kecil penyebab batu ginjal. Penggunaannya sangat umum dalam praktik *Jamu* untuk mengatasi keluhan sulit buang air kecil (disuria), urine yang sedikit dan pekat, serta rasa panas saat berkemih.

### 2. Bahan dan Alat
Untuk mempersiapkan ramuan yang efektif dan aman, pastikan Anda mempersiapkan komponen berikut dengan teliti:

**Bahan Baku:**
*   **Akar Alang-alang Segar:** Sebanyak 30–60 gram. Pilih akar yang berwarna putih kekuningan, bersih, dan tidak berbau apek. Akar segar dianggap lebih poten dibandingkan akar kering untuk tujuan diuretik akut.
*   **Air Bersih:** Sekitar 600–800 ml (sekitar 3–4 gelas). Gunakan air sumur yang sudah dimasak atau air mineral.
*   **Pemanis Alami (Opsional):** Gula batu secukupnya atau madu murni untuk memperbaiki rasa jika diperlukan, meskipun ramuan asli alang-alang sudah memiliki rasa manis alami yang lembut.

**Alat:**
*   Pisau dapur yang tajam dan bersih.
*   Sikat sayur halus (untuk membersihkan akar tanpa mengupas kulit ari terlalu dalam).
*   Panci tanah liat, kaca, atau *stainless steel* (hindari panci aluminium untuk menjaga kestabilan senyawa herbal).
*   Saringan kain bersih atau saringan teh.
*   Gelas atau wadah penyimpanan kaca.

### 3. Langkah Pembuatan
Proses ekstraksi senyawa aktif dari akar alang-alang memerlukan ketelatenan agar khasiatnya tidak hilang. Ikuti tahapan berikut:

1.  **Pembersihan Mendalam:** Cuci akar alang-alang di bawah air mengalir. Gunakan sikat halus untuk membersihkan tanah yang menempel pada serabut akar. Hindari mengupas kulit luar secara berlebihan karena banyak senyawa aktif terletak di dekat permukaan akar. Cukup buang bagian akar yang hitam atau rusak.
2.  **Pemotongan dan Memarkan:** Potong-potong akar menjadi ruas sepanjang 2–3 cm. Setelah itu, memarkan (geprek) potongan akar tersebut menggunakan ulekan atau bagian tumpul pisau. Langkah ini krusial untuk memecah dinding sel tanaman agar sari patinya mudah keluar saat direbus.
3.  **Proses Perebusan:** Masukkan akar yang sudah dimemarkan ke dalam panci bersama air bersih. Nyalakan api sedang hingga air mendidih. Setelah mendidih, kecilkan api ke tingkat paling rendah (simmer), tutup panci, dan biarkan meresap selama 15–20 menit. Jangan merebus terlalu lama dengan api besar karena dapat menguapkan senyawa volatil yang bermanfaat.
4.  **Penyaringan:** Angkat panci dari kompor. Biarkan sebentar hingga uap panas berkurang, lalu saring air rebusan ke dalam wadah bersih. Ampas akar dapat diperas perlahan dengan sendok untuk mengambil sisa sari, lalu dibuang.
5.  **Penyajian:** Ramuan siap diminum selagi hangat. Jika desired, tambahkan gula batu saat air masih hangat agar larut sempurna.

### 4. Dosis dan Cara Penggunaan
Agar terapi berjalan efektif tanpa membebani kerja ginjal:

*   **Dosis Harian:** Minum 1 gelas (sekitar 200 ml) ramuan hangat, 2 hingga 3 kali sehari.
*   **Waktu Konsumsi:** Sebaiknya diminum di pagi hari setelah sarapan dan sore hari. Hindari minum terlalu dekat dengan waktu tidur malam untuk mencegah terbangun akibat sering buang air kecil.
*   **Durasi:** Gunakan ramuan ini selama 3–5 hari berturut-turut hingga gejala membaik. Jika dalam 3 hari tidak ada perubahan atau gejala justru memburuk, segera hentikan dan konsultasikan dengan tenaga medis.

### 5. Peringatan dan Kontraindikasi
Meskipun alami, penggunaan alang-alang harus tetap dilakukan dengan bijak:

*   **Kondisi Ginjal Kronis:** Individu dengan diagnosed penyakit ginjal kronis (gagal ginjal) atau yang sedang menjalani dialisis **dilarang** mengonsumsi ramuan diuretik ini tanpa pengawasan ketat dokter, karena peningkatan beban cairan dan elektrolit dapat memperburuk kondisi.
*   **Efek Samping Potensial:** Pada beberapa orang dengan sensitivitas tinggi, konsumsi berlebihan dapat menyebabkan ketidakseimbangan elektrolit (hipokalemia) akibat terlalu sering buang air kecil. Tanda-tandanya meliputi kram otot atau lemas luar biasa.
*   **Kehamilan dan Menyusui:** Belum ada data etnobotani yang cukup kuat mengenai keamanan alang-alang dalam dosis terapi untuk ibu hamil dan menyusui. Disarankan untuk menghindari penggunaan atau berkonsultasi terlebih dahulu dengan bidan atau dokter.
*   **Interaksi Obat:** Jika Anda sedang mengonsumsi obat diuretik resep dokter (seperti furosemid), hindari menggabungkannya dengan ramuan ini untuk mencegah dehidrasi berlebihan.

Semoga panduan ini membantu Anda memanfaatkan kekayaan alam sekitar untuk menjaga kesehatan saluran kemih dengan cara yang aman dan terukur.","{""task"": ""preparation"", ""language"": ""id"", ""indication"": ""Melancarkan Air Seni""}",,
"As an ethnobotany expert, explain how to prepare Kejibeling to treat Kencing Batu.","To treat Kencing Batu using Kejibeling:
Ingredients:
- Kejibeling
  Scientific name: Strobillanthus crispus Bl
  Part: daun
  Dose: 2x 15 lembar daun/hari

Preparation:
rebus daun dengan 2 gelas air sampai menjadi separuhnya, saring, diminum selagi hangat.

Safety Information:
Contraindications: gangguan hati, ginjal, kehamilan
Side effects: belum dilaporkan.","As an ethnobotany expert, provide a detailed explanation of the traditional preparation methods for the herb Kejibeling (Peperomia pellucida) used to treat Kencing Batu (kidney stones). Adhere to the following specifications:

- **Role**: Ethnobotany Expert
- **Task**: Describe the preparation process
- **Target Indication**: Kencing Batu
- **Language**: English

Ensure the response covers:
1. Identification of the plant material.
2. Step-by-step preparation instructions (e.g., dosage, brewing method, or application).
3. Traditional context or usage notes relevant to the treatment of kidney stones.

Input Configuration:
{""task"": ""preparation"", ""language"": ""en"", ""indication"": ""Kencing Batu""}","### Identification of Plant Material

The herb specified for this preparation is *Peperomia pellucida*, commonly known as Kejibeling or shiny bush. Correct identification is vital to ensure safety and efficacy. It is a small, succulent annual herb characterized by:

*   **Stems:** Translucent, fleshy, and watery, often appearing light green or slightly reddish, rooting easily at the nodes.
*   **Leaves:** Heart-shaped (cordate), shiny, and fleshy, appearing somewhat translucent when held to the light.
*   **Flowers:** Slender, spike-like flower heads resembling tiny rat tails.
*   **Aroma:** A distinct, slightly peppery scent when the leaves are crushed.
*   **Habitat:** Damp, shaded areas, often growing in garden crevices or on moist walls.

For this remedy, only the fresh aerial parts (leaves and stems) are utilized; the roots are discarded. The plant must be harvested from areas free of chemical pesticides or heavy soil contamination.

### Step-by-Step Preparation Instructions

The primary traditional method is a water decoction, though fresh juice extraction is also practiced for a more concentrated dose.

**Method A: Decoction (Boiled Infusion)**
1.  **Harvesting & Cleaning:** Gather approximately a handful of fresh aerial parts (roughly 15–30 grams). Wash thoroughly under running water to remove soil and debris. Some traditions include a brief soak in salted water followed by a final rinse.
2.  **Boiling:** Place the cleaned herb into a pot with 2 to 3 cups (500–750 ml) of clean water.
3.  **Simmering:** Bring to a boil, then reduce heat and simmer gently for 10–15 minutes. The liquid will typically turn a light greenish or yellowish hue. Avoid prolonged boiling to preserve volatile compounds.
4.  **Straining:** Remove from heat, allow to cool to a warm drinkable temperature, and strain the plant matter out.

**Method B: Fresh Juice Extraction**
1.  **Cleaning:** Wash a small bunch of fresh leaves and stems thoroughly.
2.  **Mashing:** Pound the plant in a mortar and pestle or blend with a small amount of clean water.
3.  **Filtering:** Squeeze the pulp through a clean cloth to extract the concentrated juice.

**Dosage and Application:**
*   **Decoction:** Drink one glass (approx. 200 ml) twice daily, morning and evening, while warm.
*   **Juice:** Consume 1–2 tablespoons of the fresh extract mixed with a small amount of water.

### Traditional Context and Usage Notes

In the context of *Kencing Batu* (kidney stones), Kejibeling is traditionally viewed as a supportive remedy to facilitate the passage of small stones or gravel and to prevent new crystal formation, rather than a cure for large obstructions. It is believed to promote urine flow due to its diuretic and anti-inflammatory properties.

*   **Duration:** It is typically consumed for a limited period, ranging from a few days to a week, rather than as a long-term daily tonic.
*   **Dietary Notes:** The decoction is usually consumed without sweeteners, as sugar is traditionally avoided in renal remedies.
*   **Combinations:** While often used alone to monitor the body's reaction, it may also be combined with other local diuretic herbs, such as *Imperata cylindrica* (alang-alang) roots.
*   **Hydration:** This treatment must be accompanied by a significant increase in plain water intake to assist the kidneys in flushing out dissolved minerals.

### Important Health Considerations

It is necessary to approach this traditional knowledge with significant caution and sobriety. Kidney stones are a serious medical condition that can lead to severe pain, infection, obstruction, and permanent renal damage if not managed correctly.

*   **Medical Supervision:** This preparation should never replace professional medical diagnosis or treatment. It is imperative to consult a qualified healthcare provider before using herbal remedies, especially to assess the size, location, and composition of the stone.
*   **Serious Symptoms:** If the patient experiences severe pain (renal colic), high fever, or an inability to urinate, the remedy must be stopped immediately and emergency medical care sought, as these signs may indicate a complete urinary blockage.
*   **Pre-existing Conditions:** Those with chronic kidney disease, liver disorders, or those taking pharmaceutical diuretics or blood pressure medications should exercise extreme caution and consult a doctor, as altering mineral balance or fluid dynamics can be risky in compromised states. Pregnant women should also avoid use.
*   **Variable Potency:** Wild-harvested herbs have variable chemical compositions based on soil, season, and plant age, making standardized dosing difficult.

Safety must always take precedence over tradition. Prioritize professional medical guidance to ensure that traditional knowledge complements, rather than compromises, health outcomes.","{""task"": ""preparation"", ""language"": ""en"", ""indication"": ""Kencing Batu""}",,
"As an ethnobotany expert, explain how to prepare Daun Cincau to treat Panas Dalam.","To treat Panas Dalam using Daun Cincau:
Ingredients:
- Daun Cincau
  Scientific name: Cyclea barbata L.Miers
  Part: daun segar
  Dose: 1 x150 g daun/hari

Preparation:
Bahan ditumbuk atau diremas-remas dengan air secukupnya, peras, saring, tampung dalam loyang, diamkan hingga terbentuk gel. Potong sesuai selera, dapat ditambahkan santan dan gula merah secukupnya.","Act as an ethnobotany expert. Provide a detailed, step-by-step guide on how to prepare Daun Cincau (a traditional herbal jelly made from the leaves of the Mesona palustris plant) specifically to treat 'Panas Dalam' (an Indonesian folk medicine term referring to internal heat or excessive body warmth). 

User Configuration:
{""task"": ""preparation"", ""language"": ""en"", ""indication"": ""Panas Dalam""}

Ensure your response:
1. Explains the selection and cleaning of the leaves.
2. Details the extraction process to create the jelly.
3. Describes the recommended method of consumption for alleviating Panas Dalam.
4. Maintains an educational and culturally respectful tone.","### Traditional Preparation of Daun Cincau (Mesona palustris) for Panas Dalam

In Indonesian traditional medicine, *Panas Dalam* refers to a state of internal heat characterized by symptoms such as sore throat, mouth ulcers, mild fever, and general discomfort. *Daun Cincau*, specifically from the *Mesona palustris* plant (commonly known as Black Cincau), is highly regarded for its cooling properties that help restore bodily equilibrium. 

#### 1. Selection and Cleaning of the Leaves
For *Mesona palustris*, dried leaves are traditionally preferred over fresh ones, as the drying process concentrates the polysaccharides required for gelling and enhances the plant's therapeutic aroma.

*   **Selection:** Choose dried leaves that are dark green to brownish-black in color. They should be intact rather than crushed into dust, with a distinct earthy, herbal fragrance. Avoid leaves that show signs of mold, excessive moisture, or an off-putting sour smell.
*   **Cleaning:** Place the dried leaves in a large bowl and rinse thoroughly under cool running water two to three times. Gently agitate the leaves with your hands to remove any field dust, sand, or debris accumulated during the drying process, then drain the water completely.

#### 2. Extraction Process: Creating the Jelly
Unlike the green cincau variety (*Cyclea barbata*), which is rubbed fresh in cold water, black cincau requires heat to extract its active compounds and natural pectin.

*   **Water Ratio:** Use a ratio of approximately 1 part dried leaves to 15 parts water. For example, 50 grams of dried leaves to 750 milliliters of water. Using too much water may prevent the jelly from setting firmly.
*   **Boiling:** Place the cleaned leaves and water in a stainless steel or clay pot. Avoid aluminum cookware, as it may react with the plant compounds. Bring the water to a boil over medium-high heat.
*   **Simmering:** Once boiling, reduce the heat to low. Partially cover the pot and allow it to simmer for 45 to 60 minutes. The water will gradually turn dark brown or black. Stir occasionally to ensure even extraction.
*   **Straining:** Remove the pot from the heat and let it cool slightly. Pour the liquid through a fine mesh sieve or cheesecloth into a clean container. Press the leaves gently to extract the remaining liquid, then discard the plant material.
*   **Setting:** Allow the strained liquid to cool to room temperature, then place the container in a cool, shaded area or refrigerator. The liquid should solidify into a jelly within 3 to 4 hours due to the natural polysaccharides released during boiling. Do not disturb the container while it is setting.

#### 3. Recommended Method of Consumption for Panas Dalam
To effectively address *Panas Dalam*, the manner of consumption is just as important as the preparation. The goal is to cool the system without shocking the digestion.

*   **Serving Temperature:** Serve the jelly cool, but not ice-cold. Traditional wisdom suggests that consuming extremely cold substances can shock the stomach and hinder digestion, potentially worsening the internal imbalance. Let the jelly sit out of the refrigerator for a few minutes before serving.
*   **Sweeteners and Additions:** Refrain from using refined white sugar or condensed milk, as excessive sugar is believed to generate heat in the body. If sweetness is desired, use a small amount of honey or palm sugar (*gula aren* or *gula jawa*), which are considered more neutral or cooling. It can also be served with fresh coconut water or a splash of coconut milk to enhance its hydrating properties.
*   **Dosage and Frequency:** During periods of noticeable internal heat, consume one small bowl (approximately 150 grams) once or twice daily. It is best consumed until symptoms subside, accompanied by adequate rest and increased intake of plain water to assist the body in regulating temperature. 

This preparation honors generations of local knowledge, offering a natural way to support wellness by balancing the body's internal energies.","{""task"": ""preparation"", ""language"": ""en"", ""indication"": ""Panas Dalam""}",,
"As an ethnobotany expert, explain how to prepare Daun Dewa to treat Mata Ikan.","To treat Mata Ikan using Daun Dewa:
Ingredients:
- Daun Dewa
  Scientific name: Gynura divaricata, G segetum (Lour.) Merr.
  Part: daun segar
  Dose: 3 x 5 g daun/hari.

Preparation:
bahan dihaluskan, kemudian dilumurkan pada bagian yang sakit,dibalut dan dilepas keesokan harinya .","As an ethnobotany expert, provide a detailed explanation of how to prepare Daun Dewa (Gynura divaricata) to treat Mata Ikan (a traditional term for eye conditions or specific ocular ailments). 

Please structure your response to include:
1. **Identification**: Briefly confirm the botanical identity of Daun Dewa.
2. **Preparation Method**: Step-by-step instructions on cleaning, processing, and administering the herb for this specific indication.
3. **Safety & Dosage**: Important precautions, potential side effects, and traditional dosage guidelines.
4. **Context**: Any relevant traditional usage notes regarding its efficacy for Mata Ikan.

User Configuration:
{""task"": ""preparation"", ""language"": ""en"", ""indication"": ""Mata Ikan""}","### 1. Identification
Botanically identified as *Gynura divaricata* (L.) DC.—often synonymous with or closely related to *Gynura pseudochina* in local practice—Daun Dewa is a perennial herb characterized by fleshy, lanceolate leaves. It is widely cultivated for its medicinal properties, though precise botanical verification is essential to avoid confusion with toxic lookalikes.

### 2. Preparation Method
**Critical Warning:** There is a dangerous linguistic misunderstanding regarding the term ""Mata Ikan."" While it literally translates to ""Fish Eye,"" in Indonesian traditional medicine, it universally refers to **clavus (skin corns) or warts**—hyperkeratotic skin lesions that visually resemble a fish eye. It does **not** refer to ocular ailments or conditions of the actual eye. Applying this herb directly into the eye carries a severe risk of corneal abrasion, chemical conjunctivitis, infection, or permanent vision loss. The following instructions are strictly for the traditional treatment of skin corns/warts:

*   **Cleaning:** Select 3 to 7 fresh, healthy leaves free of pests or discoloration. Wash thoroughly under running water to remove soil, followed by a final rinse with cooled boiled water to ensure sterility.
*   **Processing:** Crush the clean leaves using a sterile mortar and pestle until a moist, consistent paste forms. Traditionally, a pinch of salt or turmeric powder may be added for antiseptic properties, or a few drops of clean water or coconut oil may be used if the paste is too dry to adhere.
*   **Administration:** Apply the paste directly onto the hardened skin corn, taking care to minimize contact with surrounding healthy skin to prevent irritation. Secure the poultice with clean gauze or a cloth bandage. Leave it in place for several hours or overnight. Remove the bandage the following morning, rinse the area gently, and repeat the process once daily until the lesion softens and resolves. 

### 3. Safety & Dosage
*   **Ocular Safety:** This preparation is for external dermatological use only. Under no circumstances should the pulp or juice come into contact with the eyes or mucous membranes.
*   **Allergic Reaction:** Perform a patch test on a small area of healthy skin prior to full application. Discontinue use immediately if redness, itching, swelling, or contact dermatitis occurs.
*   **Toxicity & Contraindications:** Some *Gynura* species contain pyrrolizidine alkaloids, which can be hepatotoxic if ingested or absorbed in significant quantities. Internal consumption is not recommended for this indication. Pregnant or nursing individuals should avoid use without professional supervision. Do not apply to open, bleeding, or highly infected wounds.
*   **Infection Risk:** If the treated area becomes hot, swollen, or oozes pus, discontinue use and seek modern medical intervention. Individuals with diabetes or poor circulation should avoid self-treating foot lesions due to the risk of ulceration and severe complications.
*   **Dosage:** Apply fresh leaves topically once daily. There is no standardized internal dosage for this condition.

### 4. Context
In Indonesian ethnobotany, the naming of ""Mata Ikan"" is purely morphological, describing the hard, translucent center of a skin corn rather than its anatomical location. Daun Dewa is traditionally valued for its anti-inflammatory and softening properties, which help break down hyperkeratotic tissue. However, it is a palliative remedy; unless the underlying mechanical friction (such as ill-fitting footwear) is addressed, the condition will likely return. If you are experiencing actual eye pain, vision changes, or ocular infection, immediate consultation with an ophthalmologist is required—herbal intervention is neither safe nor traditionally indicated for the ocular organ.","{""task"": ""preparation"", ""language"": ""en"", ""indication"": ""Mata Ikan""}",,
"Sebagai pakar etnobotani, jelaskan cara membuat ramuan dari Mimba untuk mengobati Eksim.","Untuk mengobati Eksim menggunakan Mimba:
Bahan:
- Mimba
  Nama ilmiah: Azadirachta indica (A. Juss)
  Bagian: daun segar
  Dosis: secukupnya

Cara Pembuatan:
bahan dihaluskan, bubuhkan pada bagian yang sakit, balut dengan perban.

Informasi Keamanan:
Larangan: alergi
Peringatan: penggunaan tidak boleh lebih dari 3 minggu
Efek samping: alergi","Bertindaklah sebagai pakar etnobotani. Jelaskan secara rinci cara menyiapkan ramuan dari tanaman Mimba (*Azadirachta indica*) untuk mengobati Eksim.

Konteks Tugas:
{""task"": ""preparation"", ""language"": ""id"", ""indication"": ""Eksim""}

Dalam penjelasan Anda, pastikan untuk:
1. Menguraikan langkah-langkah persiapan bahan dan proses pembuatan ramuan secara sistematis.
2. Menjelaskan metode aplikasi yang tepat pada area kulit yang terkena Eksim.
3. Menyertakan catatan keamanan atau peringatan penting terkait penggunaan tradisional ini.
4. Mempertahankan nada profesional namun mudah dipahami, sesuai dengan konteks etnobotani.","Penggunaan tanaman Mimba (*Azadirachta indica*) untuk merawat kondisi peradangan kulit seperti eksim telah lama dipraktikkan secara tradisional. Senyawa aktif seperti nimbidin dan azadirachtin di dalamnya dikenal memiliki sifat anti-inflamasi dan antimikroba yang bermanfaat. Namun, karena kulit dengan eksim memiliki lapisan pelindung (*skin barrier*) yang terganggu dan sangat sensitif, pendekatan persiapan dan aplikasi harus dilakukan dengan ketelitian tinggi agar tidak memperburuk iritasi.

Berikut adalah panduan sistematis untuk menyiapkan dan menggunakan ramuan daun Mimba dengan memprioritaskan keamanan dan efektivitas:

### 1. Preparasi Bahan dan Proses Pembuatan

Untuk kulit yang sedang meradang akut, metode rebusan (dekok) untuk kompres lebih disarankan karena lebih lembut dibandingkan pasta daun segar yang berpotensi terlalu astringen (mengeringkan).

**A. Seleksi dan Pembersihan Bahan**
*   **Pemilihan Daun:** Gunakan daun Mimba segar yang sudah matang (hijau tua), bebas dari bercak penyakit, serangan hama, atau kotoran tanah. Daun yang terlalu muda mengandung getah lebih tinggi yang dapat memicu iritasi.
*   **Pencucian:** Cuci daun di bawah air mengalir yang bersih. Untuk mengurangi beban mikroba permukaan, rendam sebentar dalam larutan air garam encer selama 5–10 menit, lalu bilas kembali secara menyeluruh.
*   **Pengeringan Awal:** Anginkan daun di tempat teduh. Hindari penjemuran langsung agar senyawa aktif tidak cepat terdegradasi.

**B. Proses Ekstraksi (Metode Rebusan)**
1.  **Takaran:** Siapkan 10–15 lembar daun Mimba bersih untuk 500 ml air bersih.
2.  **Perebusan:** Masukkan daun ke dalam panci stainless steel atau kaca (hindari aluminium yang dapat bereaksi). Didihkan air, lalu kecilkan api dan biarkan mendidih perlahan (*simmer*) selama 10–15 menit hingga air berwarna hijau kecokelatan. Perebusan terlalu lama membuat sari terlalu pekat dan berisiko mengiritasi.
3.  **Penyaringan:** Matikan api, tutup panci, dan biarkan suhu turun menjadi suam-suam kuku (sekitar 37°C). Saring menggunakan kain kasa steril untuk memastikan tidak ada partikel daun yang tersisa dan mengiritasi kulit secara mekanis.
4.  **Penyimpanan:** Ramuan sebaiknya digunakan segera. Jika harus disimpan, masukkan ke wadah kaca steril tertutup dan simpan di kulkas maksimal 24 jam. Buang jika aroma berubah atau muncul kekeruhan.

*(Catatan alternatif: Metode pasta juga dapat digunakan dengan menumbuk daun segar dan mencampurkannya dengan minyak pembawa seperti minyak kelapa murni/VCO untuk mengurangi efek pengeringan. Namun, kompres rebusan tetap lebih aman untuk kulit yang sangat sensitif atau lecet.)*

### 2. Metode Aplikasi pada Area Kulit

Tujuan aplikasi adalah menenangkan kulit tanpa menimbulkan gesekan yang dapat memicu siklus gatal-garuk (*itch-scratch cycle*).

*   **Uji Tempel (*Patch Test*):** Sebelum mengaplikasikan pada area luas, oleskan sedikit air rebusan pada area kulit sehat (misalnya lengan bagian dalam). Tunggu 24 jam. Jika muncul kemerahan, gatal bertambah, atau bengkak, hentikan penggunaan.
*   **Pembersihan Awal:** Pastikan area eksim bersih dari keringat atau sisa salep. Cukup bilas dengan air biasa.
*   **Kompres Lembap:** Celupkan kain kasa steril atau kapas bersih ke dalam air rebusan suam-suam kuku. Tempelkan pada area eksim selama 10–15 menit. Jangan menggosok kulit; cukup tepuk-tepuk lembut atau biarkan meresap.
*   **Pelembap (Langkah Krusial):** Setelah dikompres, biarkan kulit kering alami atau tepuk lembat dengan kain bersih. **Segera aplikasikan pelembap (emolien) hypoallergenic.** Mimba memiliki sifat astringen yang dapat mengeringkan kulit, sedangkan kulit eksim membutuhkan kelembapan ekstra untuk memperbaiki *barrier* yang rusak.
*   **Frekuensi:** Lakukan 1 kali sehari untuk mengamati respons kulit. Jika tidak ada iritasi, dapat ditingkatkan menjadi 2 kali sehari.

### 3. Catatan Keamanan dan Peringatan Penting

Meskipun berasal dari alam, Mimba adalah tanaman obat yang poten. ""Alami"" tidak selalu berarti ""aman"" untuk semua kondisi.

*   **Hanya untuk Penggunaan Luar:** Ramuan ini *strictly* untuk aplikasi topikal. Jangan pernah meminum air rebusan Mimba tanpa pengawasan medis ketat, karena bersifat toksik bagi hati dan ginjal dalam dosis tertentu.
*   **Risiko Iritasi:** Jika rasa panas, gatal, atau kemerahan meningkat drastis setelah aplikasi, bilas segera dengan air bersih dan hentikan penggunaan.
*   **Kelompok Rentan:** Penggunaan pada anak-anak (terutama di bawah usia 5 tahun karena kulit mereka lebih permeabel), ibu hamil, dan ibu menyusui harus dikonsultasikan dengan dokter terlebih dahulu. Mimba berpotensi memiliki efek toksik bagi janin.
*   **Interaksi Pengobatan:** Jika Anda menggunakan krim steroid atau obat resep dokter, beri jeda minimal 1–2 jam antara aplikasi obat medis dan ramuan ini untuk menghindari interaksi kimia yang tidak diinginkan pada kulit.
*   **Waspada Infeksi Sekunder:** Jika area eksim mengeluarkan nanah, terasa sangat panas, atau disertai demam, itu adalah tanda infeksi bakteri. Jangan aplikasikan ramuan tradisional pada luka terinfeksi parah; segera cari bantuan medis profesional.
*   **Pendekatan Penunjang:** Ramuan ini bersifat suportif. Jika kondisi eksim tidak membaik dalam 3–5 hari, jangan mengandalkan herbal semata. Prioritaskan kenyamanan dan keamanan kulit di atas segalanya.

Dengarkan respons tubuh Anda; setiap kulit memiliki reaksi unik terhadap fitokimia tanaman. Pendekatan yang menggabungkan kearifan tradisional dengan standar keamanan klinis modern adalah kunci perawatan yang bijak untuk kondisi kronis seperti eksim.","{""task"": ""preparation"", ""language"": ""id"", ""indication"": ""Eksim""}",,
"Sebagai pakar etnobotani, jelaskan cara membuat ramuan dari Lengkuas untuk mengobati Terkilir.","Untuk mengobati Terkilir menggunakan Lengkuas:
Bahan:
- Lengkuas
  Nama ilmiah: Alpinia galanga L.
  Bagian: rimpang segar
  Dosis: 1 x 1 rimpang /hari

Cara Pembuatan:
bahan dihaluskan, tambahkan air secukupnya dan oleskan pada bagian yang sakit.","Bertindaklah sebagai pakar etnobotani. Berdasarkan data berikut, jelaskan secara rinci cara membuat ramuan dari Lengkuas untuk mengobati Terkilir.

Data Konteks:
{""task"": ""preparation"", ""language"": ""id"", ""indication"": ""Terkilir""}

Pastikan penjelasan Anda mencakup:
1. Bahan-bahan yang diperlukan.
2. Langkah-langkah persiapan dan pembuatan ramuan.
3. Metode aplikasi atau penggunaan pada bagian yang terkilir.
4. Catatan keamanan atau peringatan penting terkait penggunaan tradisional ini.","Terkilir adalah kondisi yang umum terjadi ketika ligamen di sekitar sendi mengalami peregangan berlebihan atau robek kecil, sering kali disertai rasa nyeri, bengkak, dan keterbatasan gerak. Dalam tradisi pengobatan kita, Lengkuas (*Alpinia galanga*) telah lama dipercaya sebagai salah satu solusi alami yang efektif untuk meredakan keluhan ini. Kandungan minyak atsiri seperti galangin dan flavonoid dalam rimpang lengkuas memiliki sifat anti-inflamasi (anti-peradangan) dan analgesik (pereda nyeri) yang dapat membantu mempercepat pemulihan jaringan yang cedera.

Berikut adalah panduan lengkap dan terperinci mengenai cara menyiapkan dan menggunakan ramuan lengkuas untuk mengatasi terkilir.

### 1. Bahan-bahan yang Diperlukan

Untuk mendapatkan hasil yang optimal, pastikan Anda memilih bahan-bahan dengan kualitas terbaik:

*   **Rimpang Lengkuas Segar:** Pilihlah lengkuas tua yang dagingnya berwarna kemerahan atau putih kekuningan padat, bukan yang muda dan berair. Ambil sekitar 100–150 gram (sekitar 2 ruas jari besar). Lengkuas tua memiliki konsentrasi senyawa aktif yang lebih tinggi.
*   **Garam Halus:** Sekitar 1 sendok teh. Garam berfungsi sebagai agen osmotik ringan yang membantu menarik cairan berlebih dari jaringan yang bengkak dan meningkatkan penetrasi sari lengkuas ke dalam kulit.
*   **Air Hangat:** Secukupnya untuk membersihkan area luka atau membasuh kompres.
*   **Kain Bersih atau Perban:** Untuk membungkus ramuan atau membalut area yang sakit setelah pengobatan.
*   **Alat Parut atau Blender:** Untuk menghancurkan rimpang.
*   **Wadah Mangkuk Kecil:** Tempat mencampur bahan.

### 2. Langkah-langkah Persiapan dan Pembuatan Ramuan

Proses pembuatan ramuan ini sederhana namun memerlukan ketelitian agar sari pati lengkuas keluar secara maksimal:

1.  **Pembersihan:** Cuci bersih rimpang lengkuas di bawah air mengalir untuk menghilangkan tanah dan kotoran yang menempel. Gosok perlahan menggunakan sikat lembut jika perlu. Jangan dikupas terlalu tebal; cukup kerok kulit luarnya yang kotor untuk mempertahankan lapisan dekat kulit yang kaya akan minyak atsiri.
2.  **Penghancuran:** Parut lengkuas hingga menjadi serat-serat halus. Jika menggunakan blender, tambahkan sedikit sekali air (hanya agar mesin bisa berputar) untuk mendapatkan bubur yang kental. Tujuannya adalah memecah dinding sel tanaman agar sari patinya mudah keluar.
3.  **Pencampuran:** Masukkan hasil parutan lengkuas ke dalam mangkuk. Tambahkan garam halus, lalu aduk rata hingga terbentuk pasta yang agak lembap. Tekan-tekan campuran ini dengan sendok atau tangan (yang bersih) selama beberapa menit hingga keluar air sari berwarna keruh kekuningan.
4.  **Pemanasan Ringan (Opsional namun Disarankan):** Untuk meningkatkan efektivitas, Anda dapat mengukus campuran pasta tersebut selama 3–5 menit hingga hangat kuku (jangan sampai mendidih atau gosong). Hangatnya suhu akan membantu melebarkan pori-pori kulit dan melancarkan sirkulasi darah saat diaplikasikan.

### 3. Metode Aplikasi pada Bagian yang Terkilir

Penggunaan yang tepat sangat penting untuk memastikan ramuan bekerja efektif tanpa menyebabkan iritasi tambahan:

*   **Persiapan Area:** Pastikan area yang terkilir bersih dan kering. Jika ada luka terbuka (lecet atau sobek), **jangan** aplikasikan ramuan ini langsung pada luka tersebut.
*   **Aplikasi Langsung:** Oleskan pasta lengkuas secara merata pada area yang bengkak dan nyeri dengan gerakan memutar yang sangat lembut. Jangan menekan terlalu keras karena dapat memperparah cedera ligamen.
*   **Pembalutan:** Tutup area yang telah diolesi dengan kain kasa steril atau daun pisang bersih (jika tersedia, karena daun pisang memiliki efek mendinginkan alami), kemudian balut longgar dengan perban. Pembalutan bertujuan menjaga kehangatan dan mencegah ramuan mengering terlalu cepat.
*   **Durasi:** Biarkan ramuan menempel selama 30–60 menit. Jika terasa panas yang berlebihan atau perih, segera lepaskan.
*   **Pembersihan:** Setelah waktu yang ditentukan, bersihkan sisa ramuan dengan air hangat. Keringkan area tersebut dengan menepuk-nepuk menggunakan handuk bersih.
*   **Frekuensi:** Ulangi proses ini 2 kali sehari (pagi dan malam) selama 2–3 hari pertama hingga pembengkakan mulai surut.

### 4. Catatan Keamanan dan Peringatan Penting

Meskipun bahan ini alami, keselamatan tetap menjadi prioritas utama. Harap perhatikan hal-hal berikut:

*   **Luka Terbuka:** Ramuan ini hanya untuk penggunaan eksternal pada kulit yang utuh. Hindari kontak langsung dengan luka terbuka, lecet, atau kulit yang terkelupas karena garam dan minyak atsiri lengkuas dapat menyebabkan rasa perih yang hebat dan iritasi.
*   **Uji Sensitivitas Kulit:** Sebelum mengaplikasikan pada area luas, lakukan uji tempel (*patch test*) pada area kulit kecil di lengan. Tunggu 15 menit. Jika muncul kemerahan parah, gatal berlebihan, atau bentol, hentikan penggunaan segera karena Anda mungkin memiliki alergi terhadap tanaman suku jahe-jahean.
*   **Suhu Ramuan:** Pastikan ramuan tidak terlalu panas saat diaplikasikan. Kulit yang sedang cedera lebih sensitif terhadap suhu ekstrem.
*   **Kondisi Medis Serius:** Ramuan ini bertujuan untuk meredakan gejala ringan hingga sedang. Jika nyeri tidak berkurang setelah 2 hari, bengkak semakin membesar, area tersebut berubah warna menjadi ungu gelap, atau Anda tidak bisa menggerakkan sendi sama sekali, segera hubungi tenaga medis profesional. Hal ini bisa mengindikasikan patah tulang atau robekan ligamen serius yang memerlukan penanganan khusus.
*   **Istirahat:** Pengobatan herbal akan lebih efektif jika dibarengi dengan istirahat yang cukup (*rest*), kompres dingin pada 24 jam pertama (*ice*), dan elevasi kaki/tangan yang cedera (*elevation*).

Semoga panduan ini membantu Anda merawat diri dengan bijak menggunakan kekayaan alam yang ada di sekitar kita. Lakukan dengan sabar dan penuh kesadaran akan kondisi tubuh Anda.","{""task"": ""preparation"", ""language"": ""id"", ""indication"": ""Terkilir""}",,
"Minangka ahli etnobotani, nerangake carane nggawe racikan saka katepeng kebo kanggo nambani kurap.","Kanggo nambani kurap nganggo katepeng kebo:
Bahan:
- kebo kebo
  Jeneng Ilmiah: Cassia alata L.
  Bagian: godhong seger
  Dosis: 1 sakepel godhong / dina

Cara Nggawe:
Bahan-bahane dipun-tumbuk nganggo 1/3 sendok teh tawas, diaduk nganti kaya bubur encer. Gosok campuran ing kulit sing kena pengaruh kaping 2 dina.

Informasi Keamanan:
Efek samping: sinau 10 taun ing India minangka terapi kanggo dermatitis jamur ing kulit kacarita ora ana efek samping.","Minangka ahli etnobotani, sumangga nerangaken kanthi rinci lan teliti babagan tata cara nyiapaken ramuan saking ""katepeng kebo"" kangge ngobati penyakit kurap.

Pandhuan respons:
- Basa: Ngginakaken Basa Jawa Krama Inggil (alus) ingkang leres lan sopan.
- Isi: Jelasaken langkah-langkah persiapan, wiwit saking milih bahan, ngresiki, ngolah, dumugi cara ngginakaken ramuan kasebut.
- Konteks: Fokus ing aspek etnobotani lan kearifan lokal.

Data tugas ingkang kedah dipun tindakaken:
{""task"": ""preparation"", ""language"": ""jv"", ""jv_herb_name"": ""katepeng kebo"", ""register"": ""Krama_Inggil""}","Sugeng rawuh, mugi-mugi panjenengan tansah dipun paringi kasarasan. Babagan panggunaan tetanduran ""katepeng kebo"" kangge ngobati penyakit kurap, menika kalebet warisan luhur kearifan lokal ingkang sampun turun-temurun dipun jaga. Tetanduran menika dipun pitados ngandhut zat ingkang saged nglawan jamur lan nyuda rasa gatel. Supados khasiatipun saged mantep, sumangga dipun tindakaken langkah-langkah persiapan kanthi teliti lan pakurmatan dhumateng alam.

**1. Milih Bahan Ingkang Saé**
Langkah ingkang kaping pisan inggih milih ron (godhong) katepeng kebo ingkang taksih seger. Saenipun dipun petik ing wekdal enjang dinten nalika embun taksih wonten, amargi kandhutan sari ingkang taksih kumpul sampurna. Pilih ron ingkang warninipun ijo pepak, mboten patia enem lan mboten patia sepuh, sarta mboten wonten ingkang bolong-bolong amargi kena hama. Cukup nyamektakaken gangsal dumugi sepuluh lembar utawi sak genggem tangan, gumantung jembaring kulit ingkang badhe dipun rawat.

**2. Ngresiki Bahan Kanthi Teliti**
Karesikan menika kunci utami ing pangobatan. Ron ingkang sampun dipun petik lajeng dipun kumbah ngginakaken toya ingkang mili ngantos resik, kanthi alon-alon supados lebu ical tuntas. Menawi ron katingal kotor sanget, saged dipun rendhem rumiyin ngginakaken toya ingkang dipun paringi uyah sakedhik, lajeng dipun bilas malih. Sasampunipun, tiriskan wonten papan ingkang resik lan adhem supados toya bilasan ical nanging kandhutan zatipun boten rusak.

**3. Ngolah Ramuan**
Wonten kalih cara ingkang saged dipun ginakaken sesuai kaliyan kabutuhan, inggih menika kanthi dipun tumbuk dados pasta utawi dipun godhog kangge toya kompres.
*   **Cara Tumbuk (Pasta):** Lebetaken ron ingkang sampun resik wonten ing lumpang watu. Tambahaken uyah sakedhik kemawon minangka bahan alami kangge mbantu nglawan kuman. Uleg kanthi alon nanging tumemen dumugi lembut kados boreh utawi pasta. Menawi kirang lembut, saged dipun tambahi toya sakedhik.
*   **Cara Nggodhog (Dekok):** Godhog toya resik kirang langkung 2 gelas, lebetaken ron kasebut, lan tahan geni alon kirang langkung 10 dumugi 15 menit. Mateni geni, lajeng saring toya kasebut nalika sampun anget-anget kuku.

**4. Cara Ngginakaken Ramuan**
Saderengipun ngginakaken ramuan, resikaken rumiyin bagean kulit ingkang kena kurap ngginakaken toya anget, lajeng dipun garingaken kanthi alus.
*   **Kangge Pasta:** Olesaken pasta ron katepeng kebo kasebut kanthi rata wonten ing kulit ingkang gerah. Tutup ngginakaken kasa steril utawi kain resik supados mboten ngrodhi sandhangan lan ramuan tetep nempel.
*   **Kangge Toya Godhogan:** Ginakaken toya saringan kasebut kangge ngumbah utawi ngompres bagean kulit ingkang gatel utawi abrit kanthi kain ingkang lembut selama 10-15 menit.
Tindakaken pengobatan menika kaping kalih sedinten, inggih menika enjang lan sore, supados asilipun langkung maksimal.

**5. Pangertosan lan Kawigatosan**
Penyembuhan kanthi cara tradhisional mbutuhaken wektu lan kasabaran. Pastikaken kulit tansah garing lan resik sasampunipun dipun obati. Menawi wonten tandha-tandha iritasi, rasa panas ingkang kelangkung, utawi mboten wonten perubahan saé sasampunipun sawetawis dinten, sumangga ramuan dipun mandhegaken rumiyin lan dipun konsultasikaken kaliyan ahli kesehatan. Jagi ugi karesihan badan lan pakaian supados kurap mboten gampil nular dhateng papan sanesipun.

Mugi-mugi ikhtiar ngginakaken kekayaan alam lan kawruh leluhur menika saged maringi katentreman lan enggal waras kangge panjenengan.","{""task"": ""preparation"", ""language"": ""jv"", ""jv_herb_name"": ""katepeng kebo"", ""register"": ""Krama_Inggil""}",,
"Sebagai pakar etnobotani, jelaskan cara membuat ramuan dari Temulawak untuk mengobati Batu Empedu.","Untuk mengobati Batu Empedu menggunakan Temulawak:
Bahan:
- Temulawak
  Nama ilmiah: Curcuma xanthorhiza Roxb.
  Bagian: rimpang segar
  Dosis: 1x 30 g rimpang/hari

Cara Pembuatan:
bahan dipotong-potong, direbus dengan 2 gelas air sampai menjadi separuhnya, dinginkan, saring dan diminum sekaligus.

Informasi Keamanan:
Larangan: sumbatan saluran empedu, kuning
Peringatan: batu ginjal, obat pengencer darah
Efek samping: iritasi lambung","Sebagai pakar etnobotani (ahli yang mempelajari pemanfaatan tumbuhan oleh masyarakat tradisional), jelaskan secara rinci cara membuat ramuan dari Temulawak untuk mengobati Batu Empedu (kondisi medis berupa pembentukan kristal keras di kantong empedu). Sertakan langkah-langkah persiapan, takaran, dan metode konsumsi yang tepat.

Konteks Tugas:
{""task"": ""preparation"", ""language"": ""id"", ""indication"": ""Batu Empedu""}","Penggunaan Temulawak (*Curcuma xanthorrhiza*) untuk kesehatan kantong empedu memiliki dasar yang kuat dalam tradisi pengobatan Nusantara. Rimpang ini bersifat kolagogum dan koleretik, yang berarti dapat merangsang produksi dan melancarkan aliran cairan empedu. Namun, batu empedu adalah kondisi medis yang serius dan berpotensi membahayakan. Ramuan ini hanya berfungsi sebagai pendukung dan sama sekali tidak boleh menggantikan evaluasi medis profesional, terutama mengingat risiko komplikasi fatal jika terjadi penyumbatan.

Berikut adalah panduan persiapan dan konsumsi yang diformulasikan dengan memadukan kearifan tradisional dan prinsip keamanan farmakologis:

### Persiapan Bahan
*   **Rimpang Temulawak Segar:** 30–50 gram (setara 1-2 ruas jari orang dewasa). Pilih rimpang tua yang bagian dalamnya berwarna oranye pekat, segar, dan tidak berjamur karena kandungan kurkuminoid dan xanthorrhizolnya lebih optimal.
*   **Air Bersih:** 400–500 ml (sekitar 2 gelas).
*   **Bahan Tambahan (Opsional):** 1 ruas kecil asam jawa untuk membantu penyerapan, serta sedikit madu murni atau perasan jeruk nipis untuk meningkatkan palatabilitas.

### Langkah-Langkah Pembuatan (Dekoksi)
1.  **Pembersihan:** Cuci rimpang di bawah air mengalir dan sikat perlahan untuk menghilangkan sisa tanah. Tidak perlu mengupas seluruhnya jika kulitnya sudah bersih, guna mempertahankan senyawa aktif di dekat kulit.
2.  **Pengolahan:** Iris tipis-tipis (3-5 mm) atau memarkan rimpang agar senyawa aktif dan minyak atsiri keluar maksimal saat diekstraksi.
3.  **Perebusan:** Masukkan irisan temulawak (dan asam jawa jika menggunakan) ke dalam panci stainless steel atau tanah liat. **Hindari penggunaan panci aluminium** karena dapat merusak stabilitas senyawa aktif. Tuangkan air dan didihkan.
4.  **Ekstraksi:** Setelah mendidih, kecilkan api dan biarkan mendidih perlahan (*simmer*) selama 10–15 menit dengan panci tertutup agar minyak atsiri tidak menguap. Biarkan air menyusut hingga tersisa sekitar 1 gelas (200–250 ml).
5.  **Penyaringan:** Saring air rebusan selagi hangat. Tambahkan madu atau perasan jeruk nipis setelah air tidak terlalu panas agar khasiat tambahan tidak rusak.

### Takaran dan Metode Konsumsi
*   **Dosis:** Minum 1 gelas ramuan ini, 1 hingga 2 kali sehari.
*   **Waktu:** Konsumsi 30 menit sebelum makan. Hal ini bertujuan agar senyawa aktif dapat merangsang sekresi empedu sebelum sistem pencernaan mengolah makanan, terutama lemak.
*   **Durasi:** Lakukan secara konsisten selama 1–2 minggu, lalu jeda untuk mengevaluasi respons tubuh. Hindari konsumsi jangka panjang tanpa jeda untuk mencegah beban kerja hati yang berlebihan.

### Peringatan Keamanan dan Kontraindikasi (Sangat Penting)
Sebelum memutuskan menggunakan ramuan ini, perhatikan risiko kritis berikut dengan saksama:

1.  **Risiko Obstruksi Akut:** Karena Temulawak merangsang kontraksi kantong empedu, jika batu berukuran besar (>1 cm) atau menyumbat saluran empedu, peningkatan aliran ini dapat mendorong batu dan menyebabkan nyeri hebat (kolik bilier), peradangan, hingga pankreatitis akut. **Jangan konsumsi ramuan ini jika Anda sedang mengalami nyeri akut, demam, atau kulit/mata menguning (ikterus).**
2.  **Konsultasi dan Diagnosis Wajib:** Sangat disarankan melakukan pemeriksaan USG abdomen terlebih dahulu untuk mengetahui ukuran dan posisi batu. Ramuan herbal umumnya hanya efektif untuk batu kolesterol kecil atau pencegahan, bukan untuk melarutkan batu kalsium yang keras.
3.  **Tanda Bahaya:** Segera hentikan konsumsi dan cari bantuan medis darurat jika mengalami nyeri tajam di perut kanan atas yang menjalar ke punggung/bahu, demam menggigil, urine berwarna gelap, atau tinja berwarna pucat.
4.  **Interaksi dan Kontraindikasi:** Berhati-hatilah jika mengonsumsi obat pengencer darah atau obat diabetes, karena Temulawak dapat memperkuat efek obat tersebut. Hindari penggunaan pada penderita sumbatan saluran empedu, batu ginjal, iritasi lambung, ibu hamil/menyusui, dan anak-anak tanpa pengawasan dokter.

Keselamatan adalah prioritas utama. Gunakan resep ini dengan bijak sebagai bagian dari manajemen kesehatan yang terintegrasi dengan saran medis profesional.","{""task"": ""preparation"", ""language"": ""id"", ""indication"": ""Batu Empedu""}",,
"As an ethnobotany expert, explain how to prepare Adas to treat Batuk.","To treat Batuk using Adas:
Ingredients:
- Adas
  Scientific name: Foeniculum vulgare Mill.
  Part: buah
  Dose: belum dilaporkan

Preparation:
2 x 3-7 g buah/hari

Safety Information:
Warnings: mual, muntah dan alergi kulit.
Side effects: bayi dan anak-anak yang mengalami spasme laring atau sesak napas","As an ethnobotany expert, explain how to prepare Adas (Fennel seeds) to treat Batuk (cough).
{""task"": ""preparation"", ""language"": ""en"", ""indication"": ""Batuk""}","Adas, botanically known as *Foeniculum vulgare*, is traditionally used to alleviate Batuk (cough) due to its volatile oils, particularly anethole, which provide expectorant and antispasmodic properties. These compounds help loosen mucus and relax bronchial muscles. 

**Preparation Methods**

**1. Infusion (Standard Method)**
*   **Ingredients:** 1 to 2 teaspoons (approximately 3 to 7 grams) of whole, dried Adas seeds and 250 ml of freshly boiled water. Optional: honey or fresh ginger.
*   **Crushing:** Lightly crush the seeds using a mortar and pestle to break the seed coat and release the essential oils. Avoid pulverizing them into a fine powder, as this makes straining difficult.
*   **Steeping:** Place the crushed seeds in a cup, pour the boiling water over them, and cover immediately to prevent the volatile oils from evaporating. Let steep for 10 to 15 minutes. 
*   **Straining:** Pour the liquid through a fine-mesh sieve or cloth and discard the seeds.

**2. Decoction (Stronger Preparation)**
For a more robust extraction, add the crushed seeds to a pot of water, bring to a gentle boil, and simmer covered for 5 to 10 minutes before straining. Note that this may result in a slightly more bitter taste.

**3. Steam Inhalation (For Congestion)**
Place 1 tablespoon of crushed seeds into a bowl of freshly boiled water. Drape a towel over your head and the bowl to create a tent, and breathe deeply for 5 to 10 minutes. Exercise caution to avoid scalding from the hot steam.

**Administration**
Consume the infusion warm, up to three times daily. Honey or ginger can be added to soothe the throat and improve palatability, though honey should only be added once the liquid has cooled slightly to preserve its beneficial properties. Never give honey to children under one year of age due to the risk of botulism.

**Safety and Precautions**
*   **Side Effects:** Some individuals may experience nausea, vomiting, or skin allergic reactions. Discontinue use if these occur.
*   **Pregnancy and Hormone-Sensitive Conditions:** Due to mild estrogenic and emmenagogue effects, medicinal use is discouraged during pregnancy, lactation, or for those with hormone-sensitive conditions without medical advice.
*   **Infants and Children:** Use in young children requires strict caution. Some fennel varieties contain estragole, a compound that raises concerns in high concentrations, and fennel has been associated with laryngeal spasms or dyspnea in infants.
*   **Allergies:** Individuals allergic to plants in the Apiaceae family (such as carrots, celery, or mugwort) may experience cross-reactivity.
*   **Drug Interactions:** Fennel may interact with certain medications, including antibiotics like ciprofloxacin and estrogen-based therapies.

Traditional remedies are supportive measures and do not replace professional medical care. Consult a healthcare provider if the cough persists for more than a week, or if it is accompanied by a high fever, difficulty breathing, chest pain, or blood in the sputum.","{""task"": ""preparation"", ""language"": ""en"", ""indication"": ""Batuk""}",,
"Sebagai pakar etnobotani, jelaskan cara membuat ramuan dari Purwoceng untuk mengobati Lemah Syahwat.","Untuk mengobati Lemah Syahwat menggunakan Purwoceng:
Bahan:
- Purwoceng
  Nama ilmiah: Pimpinella pruatjan Molkenb.
  Bagian: daun
  Dosis: 3 x 10 g daun/hari

Cara Pembuatan:
rebus dengan 3 gelas air sampai tersisa 1 gelas, dinginkan, saring, diminum selagi hangat.

Informasi Keamanan:
Larangan: gagal ginjal, hipertensi, kelainan jantung, obat lemah syahwat lainnya.
Peringatan: konsumsi berlebihan mengakibatkan gangguan ginjal
Efek samping: dosis rendah menyebabkan tidak bisa tidur, dosis tinggi bisa menyebabkan demam, gelisah.","Sebagai pakar etnobotani, jelaskan secara komprehensif cara mempersiapkan ramuan dari tanaman Purwoceng (Pimpinella pruatjan) yang secara tradisional digunakan untuk mengatasi lemah syahwat (disfungsi ereksi). Penjelasan Anda harus mencakup:

1. **Identifikasi Bahan**: Deskripsi botani singkat dan bagian tanaman yang digunakan.
2. **Proses Preparasi**: Langkah-langkah detail mulai dari panen, pengeringan, hingga metode ekstraksi atau peracikan tradisional.
3. **Cara Konsumsi**: Dosage tradisional dan metode penyajian.
4. **Catatan Keamanan**: Peringatan penting mengenai efek samping, kontraindikasi, dan anjuran konsultasi medis.

Harap sertakan konteks data berikut dalam analisis Anda:
{""task"": ""preparation"", ""language"": ""id"", ""indication"": ""Lemah Syahwat""}

Pastikan respons Anda akurat secara ilmiah namun tetap menghormati kearifan lokal, serta disampaikan dalam bahasa Indonesia yang jelas dan terstruktur.","Berikut adalah panduan komprehensif mengenai preparasi tanaman Purwoceng (*Pimpinella pruatjan*) untuk mengatasi lemah syahwat, yang disusun berdasarkan praktik etnobotani tradisional dan prinsip keamanan medis.

### 1. Identifikasi Bahan

*   **Nama Botani:** *Pimpinella pruatjan* Molkenb. (Famili Apiaceae).
*   **Deskripsi Botani:** Tanaman herba endemik yang tumbuh liar di dataran tinggi, khususnya Dataran Tinggi Dieng, Jawa Tengah, pada ketinggian 1.500–2.000 mdpl. Tanaman ini memiliki batang ramping, daun majemuk, dan bunga kecil berwarna putih yang terkumpul dalam payung (umbel).
*   **Bagian yang Digunakan:** Bagian utama yang dimanfaatkan adalah **akar (radix)**. Akar berwarna cokelat kekuningan hingga cokelat tua, bertekstur keras saat kering, dan beraroma tajam serta hangat. Akar mengandung senyawa metabolit sekunder seperti saponin, flavonoid, alkaloid, minyak atsiri, dan *pimpinellin* yang berkontribusi pada efek fisiologisnya.
*   **Kriteria Bahan:** Pilih akar dari tanaman yang telah berusia lebih dari 1 tahun untuk memastikan kandungan senyawa aktifnya optimal.

### 2. Proses Preparasi

Proses pengolahan yang tepat sangat penting untuk menjaga stabilitas senyawa aktif agar tidak rusak oleh panas berlebih atau kontaminasi.

*   **Panen:** Gali akar secara hati-hati agar tidak patah. Terapkan prinsip keberlanjutan dengan tidak mengambil seluruh populasi tanaman di satu area agar dapat beregenerasi.
*   **Pembersihan:** Cuci akar segar dengan air mengalir hingga bersih dari tanah. Gunakan sikat lembut jika perlu, namun hindari menggosok terlalu keras agar kulit akar yang mengandung senyawa penting tidak terkelupas.
*   **Pengeringan:** Iris akar melintang atau memanjang dengan ketebalan sekitar 0,5–1 cm untuk mempercepat pengeringan. Keringkan di tempat teduh (diangin-anginkan) atau menggunakan pengering suhu rendah (maksimal 40–50°C). Hindari sinar matahari langsung karena dapat merusak minyak atsiri dan senyawa volatil. Simpan simplisia kering dalam wadah kedap udara di tempat sejuk dan gelap.
*   **Metode Ekstraksi (Dekoksi):** Siapkan 5–10 gram akar kering. Masukkan ke dalam wadah tanah liat atau *stainless steel* (hindari aluminium reaktif). Tambahkan 200–250 ml air bersih. Rebus dengan api kecil selama 10–15 menit hingga air tersisa sekitar setengahnya. Saring air rebusan saat masih hangat. (Opsional: tambahkan irisan jahe saat merebus untuk efek hangat tambahan).

### 3. Cara Konsumsi

Penggunaan tradisional mengutamakan keseimbangan dan tidak disarankan untuk dikonsumsi secara berlebihan.

*   **Dosis Tradisional:** Minum 1 cangkir (sekitar 100–150 ml) air rebusan.
*   **Frekuensi:** Dikonsumsi 2–3 kali seminggu atau sesuai kebutuhan, bukan setiap hari. Berikan masa jeda penggunaan untuk mencegah akumulasi efek panas dalam tubuh.
*   **Metode Penyajian:** Minum dalam keadaan hangat, sebaiknya pada sore atau malam hari. Tambahkan madu murni untuk meningkatkan rasa dan menambah energi, serta hindari gula pasir berlebihan.

### 4. Catatan Keamanan

Meskipun berasal dari bahan alami, Purwoceng memiliki efek farmakologis yang kuat dan memerlukan kehati-hatian serius.

*   **Efek Samping:** Dosis berlebih dapat menyebabkan sensasi panas berlebih pada tubuh (panas dalam), jantung berdebar (palpitasi), gelisah, sulit tidur, sakit kepala, demam, atau iritasi lambung jika diminum saat perut kosong.
*   **Kontraindikasi:** Tidak disarankan bagi penderita hipertensi yang tidak terkontrol, penyakit jantung (aritmia/koroner), serta gangguan ginjal atau hati kronis.
*   **Interaksi Obat:** Sangat berbahaya jika dikombinasikan dengan obat disfungsi ereksi sintetis (inhibitor PDE5 seperti sildenafil) atau obat nitrat jantung, karena dapat menyebabkan penurunan tekanan darah drastis. Berpotensi juga berinteraksi dengan obat pengencer darah dan obat penurun tekanan darah.
*   **Anjuran Medis:** Lemah syahwat sering kali merupakan gejala awal dari kondisi medis serius seperti diabetes, gangguan hormonal, atau masalah kardiovaskular. Sangat disarankan untuk berkonsultasi dengan dokter sebelum memulai regimen herbal ini untuk memastikan akar masalah medis tertangani. Hentikan penggunaan segera jika terjadi reaksi alergi atau ketidaknyamanan fisik.","{""task"": ""preparation"", ""language"": ""id"", ""indication"": ""Lemah Syahwat""}",['sexual'],['sexual']
"As an ethnobotany expert, explain how to prepare Temu Hitam to treat Letih Lesu.","To treat Letih Lesu using Temu Hitam:
Ingredients:
- Temu Hitam
  Scientific name: Curcuma aeruginosa Roxb.
  Part: rimpang
  Dose: 1 x 1 ibu jari/hari a) Dewasa dan anak > 11 tahun: 1 x 1 cangkir/hari b) Anak usia 1-3 tahun 1 x 1 sdm (dari dosis dewasa)/hari c) Anak usia 3-6 tahun 1 x 2 sdm (dari dosis dewasa)/hari d) Anak usia 6-9 tahun 1 x ¼ cangkir (dari dosis dewasa)/hari e) Anak usia 9-11 tahun 1 x ½ cangkir (dari dosis dewasa)/hari

Preparation:
Cara pembuatan/penggunaan (untuk anak >11 tahun dan dewasa): bahan dihaluskan, ditambah air hangat 1 cangkir, peras, saring dan endapkan beberapa saat. Bagian yang bening diambil, diminum 1 kali sehari.","Act as an expert ethnobotanist. Explain the traditional preparation method for ""Temu Hitam"" (Black Zedoary, *Curcuma aeruginosa*) to treat ""Letih Lesu"" (a Malay/Indonesian term for chronic fatigue, lethargy, or physical exhaustion).

User Configuration:
{""task"": ""preparation"", ""language"": ""en"", ""indication"": ""Letih Lesu""}

Guidelines:
1. **Botanical Context**: Briefly identify the plant and its active properties relevant to energy restoration.
2. **Preparation Steps**: Provide a clear, step-by-step guide on how to prepare the remedy (e.g., decoction, poultice, or infusion) based on traditional practices.
3. **Usage & Dosage**: Explain how the prepared remedy should be administered for treating fatigue.
4. **Safety Note**: Include any relevant traditional contraindications or safety considerations.

Ensure the response is in English, authoritative yet accessible, and strictly adheres to the user's configuration provided above.","### Botanical Context: *Curcuma aeruginosa*

*Curcuma aeruginosa*, commonly known as Temu Hitam or Black Zedoary, is a perennial herb in the Zingiberaceae (ginger) family. Unlike its cousin turmeric, Temu Hitam is distinguished by its rhizome, which features a characteristic dark blue or blackish interior. In traditional Malay and Indonesian medicine, it is classified as a ""warming"" herb. It contains a rich profile of essential oils (such as germacrone and curzerene) and curcuminoids. These active constituents are traditionally believed to stimulate blood circulation, dispel internal sluggishness, and reduce inflammation. By improving microcirculation and warming the body's internal systems, the herb is utilized to restore vitality and combat *Letih Lesu*—a state of deep lethargy, physical exhaustion, or chronic fatigue.

### Traditional Preparation Method: Decoction (Rebusan)

A water decoction is the most effective traditional method for extracting the dense, active compounds from the hard rhizome, ensuring bioavailability while remaining gentle on the digestive system.

**Ingredients:**
*   15–20 grams of fresh Temu Hitam rhizome (approximately 1–2 thumb-sized pieces)
*   500–600 ml of clean drinking water
*   Optional: 1 teaspoon of pure honey or palm sugar (*gula melaka*) for palatability and a quick source of glucose

**Steps:**
1.  **Cleaning:** Wash the rhizome thoroughly under running water, using a gentle brush to remove soil. Do not peel the skin, as many beneficial compounds reside near the surface.
2.  **Preparation:** Slice the rhizome thinly or crush it lightly with the flat side of a knife. Increasing the surface area allows for better extraction of the volatile oils.
3.  **Boiling:** Place the prepared rhizome into a pot with the water. Bring to a rolling boil over medium heat.
4.  **Simmering:** Once boiling, reduce the heat to low. Cover the pot and allow it to simmer gently for 15–20 minutes. The liquid should reduce slightly and take on a deep yellowish-brown hue with a distinct earthy aroma.
5.  **Straining:** Remove the pot from heat and strain the liquid through a fine sieve into a clean vessel, discarding the solid plant material.
6.  **Finishing:** If using honey or palm sugar, stir it in only after the liquid has cooled slightly (below 60°C) to preserve its enzymatic properties.

### Usage & Dosage

Consistency and timing are key in traditional practice when addressing chronic fatigue.

*   **Administration:** The decoction should be consumed warm to maximize its warming and circulatory effects; drinking it cold is generally discouraged.
*   **Dosage:** Divide the prepared liquid into two servings of approximately 200 ml each. Drink one cup in the morning after breakfast, and the second in the late afternoon.
*   **Timing:** Avoid taking the remedy late in the evening, as its stimulating properties may interfere with sleep.
*   **Duration:** This remedy is typically used for short-term revitalization. A traditional course lasts 5 to 7 consecutive days. If fatigue persists beyond this period, it indicates a need for further assessment rather than continued self-medication.

### Safety Note & Contraindications

While Temu Hitam is a respected traditional remedy, it is potent and requires respectful, cautious handling.

*   **Pregnancy and Nursing:** This remedy is **contraindicated during pregnancy**. Traditional practice utilizes it to stimulate blood flow and uterine contractions during post-partum recovery, making it unsafe for expecting mothers unless under direct professional supervision.
*   **Medication Interactions:** Individuals taking anticoagulants (blood thinners) or antiplatelet medications should exercise caution, as the rhizome may influence blood clotting.
*   **Gallbladder Conditions:** Those with gallstones or bile duct obstruction should avoid this remedy, as curcumin-containing herbs can stimulate bile production.
*   **Gastric Sensitivity:** Individuals with severe gastric ulcers or hyperacidity should use caution, as the pungent essential oils may irritate the stomach lining.
*   **Underlying Conditions:** *Letih Lesu* can sometimes be a symptom of underlying medical issues such as anemia, thyroid dysfunction, or chronic infection. If exhaustion is severe, accompanied by unexplained weight loss, or does not improve with rest and herbal support, please consult a medical professional. Discontinue use immediately if you experience gastric discomfort or allergic reactions.","{""task"": ""preparation"", ""language"": ""en"", ""indication"": ""Letih Lesu""}",,
"Sebagai pakar etnobotani, jelaskan cara membuat ramuan dari Kemangi untuk mengobati Bau Mulut.","Untuk mengobati Bau Mulut menggunakan Kemangi:
Bahan:
- Kemangi
  Nama ilmiah: Ocimum canum Sims (L.)
  Bagian: herba
  Dosis: 1 x 6 g/hari, pagi sebelum makan

Cara Pembuatan:
bahan diseduh dengan 1 cangkir air mendidih, diamkan, saring, dapat ditambahkan gula merah atau madu secukupnya.

Informasi Keamanan:
Larangan: anak, kehamilan dan menyusui
Peringatan: alergi","Berperanlah sebagai pakar etnobotani. Berdasarkan data berikut:
{""task"": ""preparation"", ""language"": ""id"", ""indication"": ""Bau Mulut""}

Jelaskan secara rinci cara membuat ramuan dari tanaman Kemangi (Ocimum basilicum) untuk mengobati bau mulut. Pastikan penjelasan Anda mencakup:
1. Bahan-bahan yang diperlukan.
2. Langkah-langkah persiapan dan pembuatan ramuan.
3. Cara penggunaan yang tepat.
4. Catatan keamanan atau efek samping potensial jika ada.

Gunakan bahasa Indonesia yang jelas, ilmiah namun mudah dipahami, dan pertahankan nada profesional seorang ahli.","Bau mulut, atau dalam istilah medis disebut halitosis, sering kali menjadi masalah yang mengganggu kepercayaan diri, namun alam menyediakan solusi yang telah teruji oleh waktu. Tanaman Kemangi (*Ocimum basilicum*), yang akrab di dapur kita, bukan sekadar pelengkap masakan, melainkan gudang senyawa aktif seperti eugenol, linalool, dan flavonoid yang bersifat antibakteri serta aromatik. Senyawa-senyawa ini bekerja efektif menetralkan bakteri anaerob di rongga mulut yang menjadi penyebab utama bau tidak sedap.

Berikut adalah panduan lengkap dan terukur untuk mempersiapkan ramuan kemangi guna mengatasi bau mulut secara alami.

### 1. Bahan-bahan yang Diperlukan

Untuk mendapatkan khasiat optimal, pemilihan bahan harus segar dan bersih:
*   **Daun Kemangi Segar:** Sebanyak 10–15 lembar. Pastikan memilih daun yang berwarna hijau cerah, tidak layu, dan bebas dari bercak hitam. Daun yang segar mengandung minyak atsiri dengan konsentrasi tertinggi.
*   **Air Bersih:** Sekitar 200–250 ml (satu gelas sedang). Gunakan air matang atau air mineral untuk menghindari kontaminan.
*   **Garam Dapur (Opsional):** Sejumput kecil (sekitar ¼ sendok teh). Garam berfungsi sebagai antiseptik ringan yang memperkuat efek pembersihan kemangi.

### 2. Langkah-langkah Persiapan dan Pembuatan

Proses ekstraksi ini bertujuan mengeluarkan minyak atsiri tanpa merusaknya akibat pemanasan berlebihan.

1.  **Pencucian Awal:** Cuci lembar daun kemangi di bawah air mengalir. Gosok perlahan permukaan daun untuk menghilangkan debu atau residu tanah. Jika memungkinkan, rendam sebentar dalam air yang diberi sedikit garam selama 5 menit untuk sterilisasi awal, lalu bilas kembali.
2.  **Penghancuran Jaringan Daun:** Remas-remas atau tumbuk halus daun kemangi yang telah bersih menggunakan lumpang dan alu (cobek) berbahan batu atau keramik. Tujuan langkah ini adalah memecah dinding sel daun agar minyak atsiri (yang mengandung eugenol) keluar secara maksimal. Jangan menggunakan blender jika hanya untuk satu porsi kecil, karena oksidasi yang terlalu cepat dapat mengurangi potensi aromatik.
3.  **Infusi (Penyeduhan):** Masukkan daun yang telah ditumbuk ke dalam cangkir atau gelas tahan panas. Tuangkan air panas (suhu sekitar 80–90°C, bukan air mendidih mendidih yang mengepul keras) ke atas daun tersebut. Suhu ini cukup untuk mengekstrak senyawa aktif tanpa menguapkan minyak atsiri yang mudah hilang.
4.  **Penutupan dan Pendiaman:** Tutup cangkir dengan piring kecil atau penutup lainnya. Diamkan selama 10–15 menit. Proses ini memungkinkan senyawa antibakteri larut sempurna ke dalam air.
5.  **Penyaringan:** Setelah dingin hingga menjadi hangat kuku, saring airnya menggunakan kain bersih atau saringan teh halus untuk memisahkan ampas daun. Jika diinginkan, tambahkan sejumput garam dan aduk hingga larut.

### 3. Cara Penggunaan yang Tepat

Agar terapi ini efektif, konsistensi dan teknik penggunaan sangat penting:

*   **Sebagai Obat Kumur:** Ambil sebagian ramuan (sekitar 2–3 sendok makan). Kumur-kumur di dalam mulut selama 30–60 detik. Pastikan cairan menjangkau seluruh area rongga mulut, termasuk sela-sela gigi dan permukaan lidah di mana bakteri sering bersarang.
*   **Frekuensi:** Lakukan perawatan ini 2 kali sehari, yaitu setelah sikat gigi di pagi hari dan sebelum tidur di malam hari.
*   **Konsumsi Langsung (Opsional):** Sisa ramuan yang hangat dapat diminum perlahan. Rasa hangat dan aroma kemangi akan membantu menyegarkan napas dari dalam saluran pencernaan atas. Namun, fokus utama pengobatan bau mulut adalah melalui mekanisme kumur (topikal).

### 4. Catatan Keamanan dan Efek Samping Potensial

Meskipun kemangi umumnya aman (*Generally Recognized As Safe*), beberapa hal perlu diperhatikan demi keamanan pengguna:

*   **Reaksi Alergi:** Meskipun jarang, sebagian individu mungkin memiliki sensitivitas terhadap tanaman famili *Lamiaceae*. Jika muncul rasa gatal, bengkak pada bibir, atau ruam setelah penggunaan, hentikan segera dan bilas mulut dengan air bersih.
*   **Kehamilan dan Menyusui:** Konsumsi kemangi dalam jumlah masakan dianggap aman. Namun, penggunaan ekstrak pekat secara rutin sebagai obat kumur atau minuman bagi ibu hamil sebaiknya dikonsultasikan terlebih dahulu dengan tenaga kesehatan, karena efek farmakologis dosis tinggi belum sepenuhnya terpetakan untuk kondisi ini.
*   **Interaksi Obat:** Eugenol dalam kemangi memiliki sifat pengencer darah ringan. Jika Anda sedang mengonsumsi obat antikoagulan (pengencer darah) dalam dosis tinggi, gunakan ramuan ini secukupnya dan pantau kondisi Anda.
*   **Kesehatan Gigi Mendasar:** Perlu diingat bahwa ramuan ini bersifat simtomatik dan preventif. Jika bau mulut persisten (menetap) meskipun sudah menjaga kebersihan mulut, hal ini bisa menjadi indikasi masalah gigi yang lebih dalam (seperti gigi berlubang atau penyakit gusi) atau gangguan sistemik lainnya. Dalam kasus demikian, pemeriksaan ke dokter gigi tetap diperlukan.

Dengan merawat kebersihan mulut menggunakan bahan alam, kita tidak hanya menyelesaikan masalah bau, tetapi juga mengembalikan harmoni antara tubuh dan alam sekitar. Selamat mencoba dan semoga bermanfaat.","{""task"": ""preparation"", ""language"": ""id"", ""indication"": ""Bau Mulut""}",,
"As an ethnobotany expert, explain how to prepare Akar Manis to treat Batuk.","To treat Batuk using Akar Manis:
Ingredients:
- Akar Manis
  Scientific name: Glycyrrhiza glabra Linn.
  Part: akar
  Dose: digoxin

Preparation:
1 x 10 g akar/hari

Safety Information:
Contraindications: kehamilan dan menyusui
Warnings: kehamilan
Side effects: pengunaan dosis tinggi (>50 g/hari) berturutturut selama 6 minggu dapat menyebabkan retensi yodium, hipertensi, obesitas, keluhan jantung dan ginjal","Act as an ethnobotany expert. Provide a detailed explanation on how to prepare 'Akar Manis' (a traditional medicinal root) to treat 'Batuk' (cough). Adhere to the following specifications derived from the user's request:

- **Task**: Preparation instructions
- **Language**: English (en)
- **Indication**: Batuk

User Request Data:
{""task"": ""preparation"", ""language"": ""en"", ""indication"": ""Batuk""}","### Preparation of Akar Manis for Cough (Batuk)

**1. Sourcing and Identification**
In regional traditional medicine, the common name ""Akar Manis"" can refer to several botanical species. It most frequently denotes *Glycyrrhiza glabra* (licorice root), but may also apply to native species such as *Premna serratifolia* or the roots of *Abrus precatorius* (extreme caution is required with the seeds of the latter). Accurate identification is critical. Only source roots from reputable herbal suppliers who can verify the species, and avoid wild harvesting unless expert identification is certain.

**2. Cleaning and Preparation**
Rinse approximately 5 to 10 grams of dried root (or 20 grams of fresh root) thoroughly under running water, using a soft brush to remove soil and debris. Using a clean knife, slice the root into small, uniform pieces or lightly crush it with a mortar and pestle. Increasing the surface area ensures a more efficient extraction of the active compounds during boiling.

**3. Decoction Process**
Because the medicinal properties are bound within dense, woody tissue, a decoction (simmering) is necessary rather than a simple steeping.
*   **Ratio:** Place the prepared root into a non-reactive pot (clay, glass, or stainless steel; avoid aluminum). Add 500 milliliters (approximately 2 cups) of clean water.
*   **Simmering:** Bring the water to a rolling boil, then immediately reduce the heat to low. Partially cover the pot to allow some steam to escape while retaining heat. Let the mixture simmer gently for 20 to 30 minutes. The liquid should reduce by about one-third to one-half, taking on a dark, concentrated amber color.
*   **Straining:** Remove the pot from the heat and strain the liquid through a fine mesh sieve or cheesecloth into a clean vessel. Discard the spent root material.

**4. Administration**
*   **Dosage:** Consume half a cup (approximately 100 milliliters) of the warm decoction two to three times daily. Sipping the liquid slowly allows it to coat the throat, soothing irritation and easing the urge to cough.
*   **Enhancements:** To improve palatability and further soothe the throat, a teaspoon of honey, a small piece of sliced ginger, or a few drops of lime juice may be added. Add honey only after the liquid has cooled slightly, as boiling water degrades its beneficial properties.

**5. Safety and Contraindications**
Traditional remedies require prudent use and do not replace professional medical treatment.
*   **Duration:** Limit continuous use to no more than one week without a break. Prolonged consumption of species like *Glycyrrhiza glabra* can lead to potassium depletion, sodium retention, and elevated blood pressure.
*   **Contraindications:** Avoid use if you have high blood pressure, heart conditions, or kidney disease. It is contraindicated for pregnant or breastfeeding women and young children.
*   **Interactions:** Consult a healthcare provider before use if taking prescription medications, particularly diuretics, corticosteroids, or blood pressure drugs, as interactions can occur.
*   **Medical Attention:** Discontinue use immediately if adverse reactions occur, or if the cough persists beyond three days, worsens, or is accompanied by high fever or difficulty breathing.","{""task"": ""preparation"", ""language"": ""en"", ""indication"": ""Batuk""}",,
"Minangka ahli etnobotani, nerangake carane nggawe jampi saka lombok kanggo nambani impotensi.","Kanggo nambani impotensi nggunakake cabe:
Bahan:
- cabe
  Jeneng ilmiah: Piper retrofractum Vahl.
  Bagian: woh
  Dosis: 1 x 2,5 -5 g woh garing sadurunge kegiatan

Cara Nggawe:
bahan-bahane digiling alus, diseduh nganggo banyu benter, diombe nalika anget.

Informasi Keamanan:
Warning: alergi
Efek samping: yen bubuk dihirup, saged nyebabake sesak ambegan","Minangka ahli etnobotani, sumangga nerangaken kanthi rinci babagan caranipun nyiapaken jampi saking lombok (cabean) kangge nambani impotensi.

Monggo miturut pandhuan ing ngandhap menika:
- Basa: Ginakaken Basa Jawa Krama Inggil.
- Terminologi: Sebutaken lombok minangka ""cabean"".
- Struktur jawaban:
  1. Pengantar ringkes babagan khasiat cabean ing konteks etnobotani.
  2. Dhaptar bahan-bahan ingkang dipunbetahaken.
  3. Langkah-langkah pamrosesan lan peracikan kanthi urut.
  4. Aturan pakai lan peringatan ingkang perlu.

Data tugas:
{""task"": ""preparation"", ""language"": ""jv"", ""jv_herb_name"": ""cabean"", ""register"": ""Krama_Inggil""}","**1. Pengantar Ringkes Babagan Khasiat Cabean ing Konteks Etnobotani**

Wonten ing kawruh etnobotani tradhisional, cabean punika boten namung dipunginakaken minangka bumbu pawon kemawon, nanging ugi gadhah peran wigati kangge kesehatan. Cabean ngandhut senyawa *capsaicin* ingkang saged nuwuhaken raos anget wonten ing salebeting raga saha ngrangsang aliran rah. Aliran rah ingkang lancar punika dipunpitados saged mbantu nuwuhaken vitalitas saha kekuatan fisik, kalebet kangge ngatasi masalah lemah syahwat utawi impotensi. Sanajan makaten, pangginaan cabean minangka jampi punika kedah dipunlampahi kanthi wicaksana amargi sifatipun ingkang panas, saha mboten saged nggantosaken panangan medis profesional.

**2. Dhaptar Bahan-bahan Inggang Dipunbetahaken**

Kangge nyiapaken jampi menika, sumangga siapaken bahan-bahan alami ingkang makaten:
*   Cabean abrit (rawit) ingkang seger utawi garing, kirang langkung 3 dumugi 5 wiji.
*   Jahe emprit seger sawatawis 2 cm (kangge ngimbangi sifat panas cabean).
*   Madu murni kirang langkung 1 dumugi 2 sendhok dhahar.
*   Toya anget ingkang sampun mateng satunggal gelas.
*   Perasan jeruk nipis sakedhik (menawi kersa, kangge nambah kesegaran).

**3. Langkah-langkah Pamrosesan lan Peracikan Kanthi Urut**

Sumangga tindakaken langkah-langkah ing ngandhap menika kanthi premati:
1.  **Reresik:** Kumbah cabean saha jahe ngantos resi kanthi toya mili supados mboten wonten regedan ingkang nempel.
2.  **Ngiris utawi Nguleg:** Iris cabean tipis-tipis utawi uleg kasar. Jahe emprit dipungeprek supados sarinipun saged medal.
3.  **Nggodhog:** Lebetakaken jahe ingkang sampun dipungeprek wonten ing toya, lajeng dipunpanasaken ngantos menggol. Wonten ing toya ingkang menggol wau, lebetakaken cabean ingkang sampun dipuniris, lajeng entosi sekedhap supados sari-sarinipun larut.
4.  **Nyaring:** Saring toya jampi wau supados ampasipun kapisah saha toyanipun resik.
5.  **Nyampur Madu:** Nalika toya jampi sampun suam-suam kuku (mboten panas sanget), tambahi madu murni saha perasan jeruk nipis, lajeng diudak ngantos rata.

**4. Aturan Pakai lan Peringatan Inggang Perlu**

**Aturan Pakai:**
*   Jampi menika dipununjuk kanthi suam, satunggal gelas saben kalih dinten utawi 2 dumugi 3 kali seminggu kemawon, mliginipun wekdal enjang saderengipun sarapan utawi dalu saderengipun sare. Mboten pareng dipununjuk saben dinten supados badan mboten kebak panas.

**Peringatan:**
*   **Kondhisi Lambung:** Cabean gadhah sifat panas. Menawi panjenengan gadhah riwayat maag, asam lambung, utawi saluran pencernaan ingkang sensitif, sumangga ngindhari jampi menika utawi mboten ngunjuk kanthi weteng kosong.
*   **Reaksi Awak:** Menawi sasampunipun ngunjuk timbul rasa panas berlebihan utawi weteng mringet, enggal mandhegaken pangginaanipun.
*   **Konsultasi Medis:** Lemah syahwat saged dados tandha wontenipun lelara ingkang langkung serius kados diabetes utawi gangguan jantung. Jampi tradhisional punika namung minangka pelengkap, saéngga konsultasi dhateng dhokter tetep wigatos kangge panangan ingkang langkung pasti.","{""task"": ""preparation"", ""language"": ""jv"", ""jv_herb_name"": ""cabean"", ""register"": ""Krama_Inggil""}",['sexual'],['sexual']
"As an ethnobotany expert, explain how to prepare Kunyit to treat Sakit Pinggang.","To treat Sakit Pinggang using Kunyit:
Ingredients:
- Kunyit
  Scientific name: Curcuma domestica Val
  Part: rimpang segar
  Dose: 1 x 3-9 g rimpang/hari.

Preparation:
bahan diparut, ditempelkan pada bagian yang sakit,dan didiamkan sampai kering.

Safety Information:
Contraindications: alergi
Side effects: alergi","Act as an expert in ethnobotany. Explain the traditional preparation methods for 'Kunyit' (turmeric) to treat 'Sakit Pinggang' (lower back pain). Ensure your response is in English and covers the following steps:

1. **Ingredient Identification**: Define Kunyit and its active properties relevant to pain relief.
2. **Preparation Process**: Detail the step-by-step method to prepare the remedy (e.g., paste, decoction, or poultice).
3. **Application Guidelines**: Explain how to apply or consume the preparation for treating Sakit Pinggang.
4. **Safety & Context**: Include any relevant traditional context or safety precautions.

Use the following task parameters as your guide:
{""task"": ""preparation"", ""language"": ""en"", ""indication"": ""Sakit Pinggang""}","### Traditional Preparation of Kunyit for Sakit Pinggang

**1. Ingredient Identification**
*Kunyit* refers to the fresh rhizome of the plant *Curcuma longa*, widely recognized for its vibrant orange-yellow flesh and distinct earthy aroma. The primary bioactive compound responsible for its therapeutic effects is curcumin, which possesses potent anti-inflammatory and analgesic properties. By inhibiting enzymes like COX-2, curcumin helps reduce localized inflammation and soothe muscle tension. Traditionally, it is also believed to improve blood circulation and alleviate swelling (*bengkak*) in the affected area, making it highly suitable for treating *Sakit Pinggang* (lower back pain). Fresh, firm rhizomes are preferred over dried powder, as they contain higher levels of volatile oils that aid in skin penetration.

**2. Preparation Process**
The most effective traditional method for localized musculoskeletal pain is a poultice (*tapal* or *tampal*), which allows for direct transdermal absorption while providing a soothing warming effect.

*   **Materials Needed:** Fresh *Kunyit* rhizome (approximately 50–100g), a mortar and pestle or fine grater, a small pinch of sea salt (optional), and a binding agent (a few drops of warm coconut oil, rice water, or lime juice).
*   **Cleaning:** Thoroughly wash the rhizome under running water to remove all soil. Peeling is optional but ensures a smoother paste.
*   **Grinding:** Cut the rhizome into small chunks. Using a mortar and pestle, pound the pieces into a fine, moist paste. (A mortar and pestle is preferred over a blender to avoid friction heat that can degrade volatile oils). If using sea salt, add it during pounding; it acts as a mild abrasive to help open pores and preserves the paste.
*   **Binding:** Mix in your chosen binding agent—coconut oil or rice water for sensitive skin, or lime juice to enhance the warming effect—until the paste is spreadable but not runny.
*   **Warming (Optional):** Some traditions suggest gently warming the paste in a double boiler or over a low flame for a few seconds to activate the volatile oils. Ensure it is only lukewarm before application to prevent burns.

**3. Application Guidelines**
Proper application ensures the remedy remains in contact with the skin long enough to be effective without causing irritation.

*   **Site Preparation:** Clean the lower back area with warm water and dry thoroughly.
*   **Application:** Spread the paste evenly over the painful area, approximately half a centimeter thick.
*   **Covering:** Cover the paste with a clean piece of muslin cloth or gauze to keep it in place and prevent staining. A warm compress can be placed over the cloth to enhance penetration.
*   **Duration:** Leave the poultice on for 20 to 30 minutes, or until the paste begins to dry. 
*   **Removal:** Remove the cloth and gently wash the area with warm water. Soap may be needed to remove the yellow residue. 
*   **Frequency:** This can be applied once or twice daily, preferably in the evening when the body is at rest.
*   **Internal Support:** To support systemic inflammation reduction, traditional practice also includes consuming fresh *Kunyit* juice mixed with a pinch of black pepper (to enhance curcumin absorption) once daily.

**4. Safety & Context**
While *Kunyit* is a staple household remedy, certain precautions are necessary to ensure safe use.

*   **Staining:** Turmeric pigments will intensely and permanently stain skin, clothing, and fabrics. Use old cloths for the poultice and wash hands immediately after handling.
*   **Skin Sensitivity:** Perform a patch test on a small area of the arm before full application to check for contact dermatitis or allergic reactions. If redness or itching occurs, discontinue use.
*   **Medical Context:** This remedy is intended for mild, muscular discomfort. *Sakit Pinggang* can stem from serious conditions like kidney issues, herniated discs, or nerve compression. If pain persists or worsens, or is accompanied by numbness, loss of bladder control, or fever, seek immediate professional medical attention.
*   **Internal Interactions:** Curcumin has mild blood-thinning properties. Individuals taking anticoagulant medication, those with gallbladder issues, or those scheduled for surgery should consult a healthcare provider before using therapeutic internal doses of turmeric.
*   **Pregnancy:** While culinary amounts are generally safe, medicinal doses—especially internal—should be avoided during pregnancy unless approved by a qualified healthcare professional.","{""task"": ""preparation"", ""language"": ""en"", ""indication"": ""Sakit Pinggang""}",,
"Minangka ahli etnobotani, nerangake carane nggawe jampi saka Fennel kanggo nambani watuk.","Kanggo nambani watuk nggunakake Fennel:
Bahan:
- Adas
  Jeneng ilmiah: Foeniculum vulgare Mill.
  Bagian: woh
  Dosis: durung kacarita

Cara Nggawe:
2 x 3-7 g woh / dina

Informasi Keamanan:
Warning: mual, muntah lan alergi kulit.
Efek samping: bayi lan bocah sing ngalami laryngospasm utawa sesak ambegan","Minangka ahli etnobotani, sumangga nerangaken kanthi rinci lan sistematik caranipun nggawé jampi saking tanduran Adas (Fennel) kangge nambani watuk.

Mangga susun wangsulan Panjenengan miturut paugeran ing ngandhap punika:

1. **Basanipun**: Ginakaken Basa Jawa Krama Inggil ingkang leres lan sopan.
2. **Struktur Pipirsan**:
   - **Bahan-bahan**: Sebutaken bahan ingkang dipunbetahaken kanthi jangkep.
   - **Langkah-langkah**: Jelaskan proses damel jampi step-by-step kanthi urut.
   - **Aturan Pangginum**: Wenehaken pandhuan babagan dosis lan wekdal ingkang saé kangge ngunjuk.
   - **Pepéling**: Sertakaken cathetan utawi peringatan menawi wonten efek samping utawi kondisi tartamtu ingkang kedah dipunwaspadai.

Konteks Tambahan:
{""task"": ""preparation"", ""language"": ""jv"", ""jv_herb_name"": ""Adas"", ""register"": ""Krama_Inggil""}","Kanthi asmanipun Gusti Ingkang Maha Welas, keparenga kula ngaturaken tata cara damel jampi saking tanduran Adas (Foeniculum vulgare) kangge nambani watuk. Mugi-mugi ikhtiar punika saged mbeta kasarasan dhumateng panjenengan.

**Bahan-bahan**
Kagem damel jampi punika, panjenengan mbetahaken bahan-bahan kados ing ngandhap punika:
*   **Wiji Adas**: 1 sendok teh (kirang langkung 5 gram, miturut pandhuan dosis ingkang aman inggih 3-7 gram per dinten). Pilih wiji ingkang garing, resik, lan mboten jamuran.
*   **Toya Resik**: 2 gelas (kirang langkung 400 ml).
*   **Jahe**: Sakedhik ruas jari, dipungeprek (opsional, kangge maringi raos anget lan nglembutaken tenggorokan).
*   **Madu Murni utawi Gula Jawa**: Secukupipun (kangge nambah raos lan nambah khasiat).

**Langkah-langkah**
Kanthi telaten lan sabar, sumangga dipunlampahi urut-urutan ing ngandhap punika:
1.  **Reresik Bahan**: Kumbah wiji adas ngginakaken toya ingkang mili kangge ngicalaken lebu utawi regedan. Menawi ngginakaken jahe, resikaken lajeng dipungeprek.
2.  **Nggodhog Toya**: Panaskan toya wonten ing panci ingkang resik (saénipun saking lempung utawi stainless steel) ngantos umeb.
3.  **Nglebetaken Bahan**: Menawi toya sampun umeb, lebeting wiji adas lan jahe. Alonaken geni, tutup panci, lajeng godhog alon (simmer) selama 10 ngantos 15 menit supados minyak atsiri lan sari-sari saking adas saged medal kanthi sampurna.
4.  **Ndiamaken**: Pateni geni, lajeng diamaken kanthi panci taksih dipuntutup selama 5 menit supados sari-sarinipun mrésép wonten ing toya.
5.  **Nyaring**: Saring toya jampi punika ngginakaken saringan teh utawi kain resik supados mboten wonten ampasipun.
6.  **Nambah Rasa**: Campuraken madu utawi gula jawa nalika toya jampi sampun anget kuku (mboten panas sanget), lajeng dipun-aduk ngantos rata. Madu kedah dipunlebetaken wekdal toya sampun mboten panas supados khasiatipun mboten risak.

**Aturan Pangginum**
Supados asilipun saé lan optimal, jampi punika dipun-unjuk kanthi aturan kados makaten:
*   **Dosis**: Unjuk 1/2 ngantos 1 gelas (kirang langkung 150-200 ml), 2 kali sedinten.
*   **Wekdal**: Saénipun dipun-unjuk nalika taksih anget, ing wekdal énjing sasampunipun sarapan lan wekdal dalu sadèrèngipun sare.
*   **Konsistensi**: Lampahi kanthi rutin selama 3 ngantos 5 dinten ngantos watuk mringan.

**Pepéling**
Sanajan tanduran Adas punika alami, wonten sawetawis bab ingkang kedah dipunwaspadai:
*   **Ibu Hamil lan Menyusui**: Kangge ibu ingkang saweg nggarbini utawi menyusui, prayoginipun konsultasi rumiyin kaliyan dhokter amargi adas saged mangaruhi hormon.
*   **Laré Alit lan Bayi**: Jampi adas mboten dipunsarèkaken kangge bayi amargi saged njalari laryngospasm (sesek napas). Kangge laré alit ing ngandhap 5 taun, kedah konsultasi dhumateng tenaga medis rumiyin.
*   **Efek Samping lan Alergi**: Menawi panjenengan gadhah riwayat alergi dhumateng kulawarga Apiaceae (kados wortel utawi seledri), sumangga dipunwaspadai. Efek samping ingkang saged medal antawisipun mual, muntah, utawi alergi kulit. Menawi kadadosan makaten, enggal dipunhentikan pangginumipun.
*   **Kondisi Medis**: Menawi watuk mboten kendhat langkung saking kalih minggu, utawi dipun-barengi kaliyan panas ingkang inggil, sesek napas, lan dahak getih, sumangga enggal priksa dhumateng fasilitas kesehatan. Jampi tradisional punika minangka panyengkuyung, mboten nggantosaken perawatan medis.

Mugi-mugi jampi prasaja punika saged paring mupangat lan nggawa waras dhumateng panjenengan sedaya.","{""task"": ""preparation"", ""language"": ""jv"", ""jv_herb_name"": ""Adas"", ""register"": ""Krama_Inggil""}",,
"As an ethnobotany expert, explain how to prepare Jahe to treat Perut Kembung.","To treat Perut Kembung using Jahe:
Ingredients:
- Jahe
  Scientific name: Zingiber officinale Rosc.
  Part: rimpang segar
  Dose: 2 x 2,5 cm rimpang/hari sebelum makan

Preparation:
bahan diiris, diseduh dengan 1 cangkir air mendidih, diamkan dan dapat ditambahkan gula atau lemon.

Safety Information:
Contraindications: anak <6 tahun, batu empedu, perdarahan
Warnings: jangan digunakan lebih dari 6 g dalam keadaan perut kosong
Side effects: rasa tidak enak pada ulu hati, sedikit nyeri lambung","Act as an ethnobotany expert. Explain how to prepare Jahe to treat Perut Kembung (abdominal bloating).

Please adhere to the following requirements:
- **Task**: Provide a clear, step-by-step preparation guide.
- **Language**: English.
- **Indication**: Specifically address the treatment of Perut Kembung.
- **Context Data**: {""task"": ""preparation"", ""language"": ""en"", ""indication"": ""Perut Kembung""}

Ensure your explanation includes necessary botanical context, preparation methods, and usage instructions suitable for the specified indication.","### Soothing Abdominal Bloating with Jahe (Ginger)

Abdominal bloating, known in Indonesia as *perut kembung*, often arises from trapped gas, slow digestion, or an imbalance in the gut's natural warmth. In traditional practice, we turn to **Jahe** (*Zingiber officinale*) not just as a kitchen spice, but as a potent carminative herb. Its active compounds, particularly gingerols and shogaols, work to relax the intestinal muscles, encourage the downward movement of gas, and stimulate digestive enzymes.

Here is a gentle, time-tested method to prepare a therapeutic ginger decoction specifically for relieving bloating.

#### 1. Selecting the Right Root
For digestive distress, the maturity of the ginger matters.
*   **Choose Mature Ginger (Jahe Gajah or Jahe Emprit):** Look for roots with tough, thick skin that is light brown or slightly grayish. When you break a piece off, the flesh should be yellow and fibrous, not juicy and pale. Mature ginger contains higher concentrations of the warming compounds necessary to dispel gas and cold dampness in the stomach.
*   **Avoid Young Ginger:** While delicious in cooking, young ginger is too mild for treating significant bloating.

#### 2. Preparation Steps

**Ingredients:**
*   30–40 grams of mature ginger root (about the size of a large thumb).
*   500 ml (2 cups) of clean water.
*   Optional: A small piece of palm sugar (*gula aren*) or a teaspoon of honey (add only after cooking if using honey).

**Method:**

1.  **Clean Thoroughly:** Scrub the ginger root under running water using a soft brush to remove any soil. There is no need to peel it; many beneficial compounds reside just beneath the skin.
2.  **Bruise the Fibers:** Slice the ginger into thin rounds or, traditionally, smash it lightly with the flat side of a knife or a mortar pestle. This step is crucial—it ruptures the plant cells, allowing the essential oils and active constituents to release fully into the water.
3.  **The Decoction:** Place the bruised ginger and water in a small pot (stainless steel or clay is preferred). Bring the water to a boil, then immediately reduce the heat to a low simmer.
4.  **Simmer for Potency:** Cover the pot and let it simmer gently for 15 to 20 minutes. You will notice the water turning a golden-yellow hue and filling the air with a spicy, warming aroma. This slow extraction ensures the medicinal properties are fully dissolved.
5.  **Strain and Sweeten:** Remove from heat and strain the liquid into a cup, discarding the fibrous pulp. If you desire a touch of sweetness to make it more palatable, stir in a small amount of palm sugar while the tea is hot, or wait until it cools slightly before adding honey.

#### 3. Usage Instructions for Relief

*   **When to Drink:** Consume the tea while it is still warm. The heat itself helps soothe the abdominal muscles and enhances the circulation of the herb's properties.
*   **Dosage:** Drink one cup slowly. For acute bloating, this can be repeated 2 to 3 times a day, ideally 30 minutes before meals or when discomfort arises.
*   **Mindful Consumption:** Sip slowly rather than gulping. This prevents swallowing additional air, which could worsen the bloating. As you drink, take deep, calm breaths to help relax the diaphragm and abdominal wall.

#### A Note on Care
This preparation works by warming the digestive tract and encouraging the natural expulsion of gas. You should feel a gentle warmth spreading in your stomach, followed by a reduction in pressure and discomfort.

*Please remember: While ginger is a powerful natural remedy, if your bloating is severe, persistent, accompanied by sharp pain, vomiting, or fever, it is important to seek professional medical attention immediately.*","{""task"": ""preparation"", ""language"": ""en"", ""indication"": ""Perut Kembung""}",,
"As an ethnobotany expert, explain how to prepare Pepaya to treat Mata Ikan.","To treat Mata Ikan using Pepaya:
Ingredients:
- Pepaya
  Scientific name: Carica papaya L
  Part: getah pada tangkai buah
  Dose: 3 x 1 tangkai/hari.

Preparation:
1 buah muda dipotong pada tangkainya, getah yang keluar ditempelkan pada bagian yang sakit.","Act as an expert in ethnobotany. Provide a detailed explanation of the traditional preparation methods for 'Pepaya' (papaya) used to treat 'Mata Ikan' (a common term for plantar warts/verruca).

Please structure your response to include:
1. **Identification**: Briefly confirm the botanical identity of the plant and the condition being treated.
2. **Preparation Steps**: A step-by-step guide on how to prepare the remedy using specific parts of the plant.
3. **Application**: Instructions on how to apply the treatment safely.
4. **Safety & Context**: Include any necessary warnings, contraindications, or cultural context regarding this traditional remedy.

User Task Parameters:
{""task"": ""preparation"", ""language"": ""en"", ""indication"": ""Mata Ikan""}","###1. Identification
The plant is *Carica papaya*, commonly known as papaya or pepaya. The medicinal component for this remedy is the milky latex sap found in the unripe fruit, leaves, and stem, particularly the fruit stalk. The condition 'Mata Ikan' (literally ""fish eye"") refers to **verruca plantaris** (plantar warts) or hard corns on the feet, characterized by thickened, hardened skin. Despite the name, this is a skin condition, not an ocular one; the remedy is strictly for external use on the feet, never for the eyes.

### 2. Preparation Steps
The remedy's efficacy relies on the enzyme papain in the latex, which acts as a keratolytic agent to break down hardened skin.

1. **Selection:** Choose an unripe, green papaya fruit still on the tree, or locate a young leaf stem or fruit stalk. The latex is most potent before the fruit ripens.
2. **Extraction:** Wash the fruit exterior thoroughly. Using a clean, sharp knife, make shallow incisions (1-2 cm long) into the green skin, or cleanly cut the fruit stalk or leaf stem. Do not cut deeply into the flesh.
3. **Collection:** Allow the white, milky sap to ooze out. Collect it directly onto a clean spoon, glass dish, or cotton swab. 
4. **Storage:** Fresh latex is strongly preferred for each application to ensure enzymatic activity remains high. If storage is necessary, keep it in a sealed, dark glass container in a cool place for no more than 24 hours, as the potency degrades rapidly.

### 3. Application
Precision is vital to ensure the caustic latex affects only the unwanted tissue.

1. **Soaking:** Soak the affected foot in warm water for 10 to 15 minutes to soften the hardened skin. Dry the area thoroughly.
2. **Protection:** Apply a layer of petroleum jelly or coconut oil to the healthy skin surrounding the 'Mata Ikan' to create a barrier against irritation or chemical burns.
3. **Treatment:** Using a cotton swab or clean stick, apply a small drop of latex directly onto the center of the wart or corn. Avoid spreading it beyond the lesion.
4. **Covering:** Allow the latex to dry naturally for a few minutes, then cover the area with a clean bandage to prevent it from rubbing off.
5. **Frequency:** Repeat once daily, preferably in the evening. After several days, the treated skin will darken and soften. Do not forcibly remove it; allow it to slough off naturally.

### 4. Safety & Context
Traditional remedies require respect for their potency and limitations. Papaya latex contains biologically active enzymes that can cause tissue damage if misused.

* **Ocular Safety:** Under no circumstances should this latex come into contact with the eyes. It is corrosive to mucous membranes and can cause severe irritation or permanent damage.
* **Skin Irritation:** The latex is a known irritant. Perform a patch test on healthy skin first. If excessive burning, redness, or blistering occurs, wash the area immediately with soap and water and discontinue use.
* **Contraindications:** Individuals with diabetes, peripheral neuropathy, or poor circulation should not use this method, as minor skin injuries can lead to serious ulcers or infections. Pregnant women are also advised to avoid excessive exposure to papaya latex due to traditional concerns regarding uterine stimulation. 
* **Infection Risk:** Do not apply to broken skin, open wounds, or bleeding warts.
* **Medical Context:** This is a traditional supportive practice. If the lesion bleeds, spreads, shows signs of infection (pus, excessive heat), or does not resolve after two weeks, consult a qualified healthcare professional.","{""task"": ""preparation"", ""language"": ""en"", ""indication"": ""Mata Ikan""}",,
"Sebagai pakar etnobotani, jelaskan cara membuat ramuan dari Temu Hitam untuk mengobati Letih Lesu.","Untuk mengobati Letih Lesu menggunakan Temu Hitam:
Bahan:
- Temu Hitam
  Nama ilmiah: Curcuma aeruginosa Roxb.
  Bagian: rimpang
  Dosis: 1 x 1 ibu jari/hari a) Dewasa dan anak > 11 tahun: 1 x 1 cangkir/hari b) Anak usia 1-3 tahun 1 x 1 sdm (dari dosis dewasa)/hari c) Anak usia 3-6 tahun 1 x 2 sdm (dari dosis dewasa)/hari d) Anak usia 6-9 tahun 1 x ¼ cangkir (dari dosis dewasa)/hari e) Anak usia 9-11 tahun 1 x ½ cangkir (dari dosis dewasa)/hari

Cara Pembuatan:
Cara pembuatan/penggunaan (untuk anak >11 tahun dan dewasa): bahan dihaluskan, ditambah air hangat 1 cangkir, peras, saring dan endapkan beberapa saat. Bagian yang bening diambil, diminum 1 kali sehari.","Bertindaklah sebagai pakar etnobotani. Jelaskan secara rinci cara menyiapkan ramuan dari Temu Hitam (Curcuma aeruginosa) untuk mengatasi kondisi Letih Lesu (kelelahan kronis atau kurang energi).

Pastikan penjelasan Anda mencakup:
1. Bahan-bahan yang diperlukan.
2. Langkah-langkah pembuatan yang jelas dan terurut.
3. Dosisme atau aturan pakai yang umum dalam tradisi.
4. Catatan keamanan atau kontraindikasi jika ada.

Konteks Tugas:
{""task"": ""preparation"", ""language"": ""id"", ""indication"": ""Letih Lesu""}","Memahami kondisi tubuh yang terasa letih dan lesu adalah langkah awal yang penting untuk kembali bersemangat. Dalam tradisi perawatan alami, Temu Hitam (*Curcuma aeruginosa*) dikenal memiliki sifat hangat yang dapat melancarkan peredaran darah dan mengembalikan vitalitas tubuh. Berikut adalah panduan lengkap menyiapkan ramuan ini secara aman dan efektif.

### 1. Bahan-bahan yang Diperlukan

Untuk mendapatkan khasiat optimal, pilihlah bahan yang segar dan berkualitas baik:

*   **Rimpang Temu Hitam Segar:** 2 hingga 3 ruas jari (sekitar 15–20 gram). Pilih rimpang yang masih keras, kulitnya tidak keriput, dan saat dibelah terlihat cincin berwarna biru kehitaman di dalamnya.
*   **Air Bersih:** 600 ml (sekitar 3 gelas). Gunakan air minum yang layak.
*   **Pemanis Alami (Opsional):** Madu murni atau gula aren secukupnya. Temu Hitam memiliki rasa yang agak pahit, sehingga pemanis membantu agar lebih mudah dikonsumsi sekaligus menambah energi.
*   **Jahe Merah (Opsional):** 1 ruas jari. Penambahan jahe dapat memperkuat efek menghangatkan tubuh dan mendukung sirkulasi darah.

### 2. Langkah-langkah Pembuatan

Ikuti urutan berikut untuk memastikan sari pati rimpang keluar secara maksimal:

**Metode Rebusan (Direkomendasikan untuk hasil optimal):**
1.  **Pembersihan:** Cuci bersih rimpang Temu Hitam (dan Jahe jika digunakan) di bawah air mengalir. Sikat perlahan bagian kulitnya untuk menghilangkan tanah, namun tidak perlu dikupas habis karena banyak zat aktif terdapat di dekat kulit.
2.  **Penyiapan Rimpang:** Iris tipis-tipis atau memarkan (geprek) rimpang tersebut. Menggeprek rimpang membantu melepaskan minyak atsiri lebih cepat saat perebusan.
3.  **Perebusan:** Masukkan irisan rimpang ke dalam panci (disarankan panci tanah liat, kaca, atau *stainless steel*; hindari aluminium). Tuangkan 600 ml air.
4.  **Proses Masak:** Rebus dengan api sedang hingga mendidih. Setelah mendidih, kecilkan api dan biarkan mendidih perlahan (*simmer*) selama 15–20 menit hingga air tersisa sekitar 2 gelas (400 ml). Air akan berubah warna menjadi kekuningan atau kecokelatan dan aroma khas akan tercium.
5.  **Penyaringan:** Matikan api, lalu saring air rebusan ke dalam gelas atau teko menggunakan saringan kain atau halus untuk memisahkan ampas.
6.  **Pencampuran:** Tunggu hingga air rebusan hangat kuku (suam-suam kuku), baru kemudian tambahkan madu atau gula aren. **Penting:** Jangan menambahkan madu saat air masih mendidih karena panas tinggi dapat merusak enzim baik pada madu.

**Metode Perasan (Alternatif cepat):**
Jika waktu terbatas, haluskan 1 ruas jari Temu Hitam, tambahkan 1 cangkir air hangat, peras dan saring. Endapkan beberapa saat dan ambil bagian air yang bening.

### 3. Aturan Pakai (Dosisme Tradisional)

Untuk kondisi letih lesu, konsistensi adalah kunci agar tubuh dapat merespons ramuan dengan baik:

*   **Dewasa:** Minum ramuan rebusan 2 kali sehari (pagi hari setelah sarapan dan sore hari saat energi mulai menurun), masing-masing 1 gelas (sekitar 200 ml). Minum selagi hangat.
*   **Anak-anak (Metode Perasan):** Jika diperlukan untuk anak, gunakan dosis yang disesuaikan dari 1 cangkir perasan dewasa: usia 6–9 tahun (1/4 cangkir), usia 9–11 tahun (1/2 cangkir), dan di atas 11 tahun (dosis dewasa). Diberikan 1 kali sehari.
*   **Durasi:** Lakukan secara rutin selama 3 hingga 7 hari. Jika kondisi tubuh sudah membaik, Anda dapat mengurangi frekuensinya menjadi 3–4 kali seminggu untuk pemeliharaan.

### 4. Catatan Keamanan dan Kontraindikasi

Meskipun alami, Temu Hitam memiliki sifat farmakologis yang aktif. Perhatikan hal-hal berikut demi keamanan Anda:

*   **Ibu Hamil dan Menyusui:** Hindari konsumsi rutin tanpa pengawasan ahli karena sifatnya yang dapat merangsang aliran darah di area panggul.
*   **Penderita Maag atau GERD:** Temu Hitam memiliki rasa pedas dan sifat hangat yang dapat meningkatkan asam lambung pada sebagian orang. Pastikan sudah makan sebelum meminum ramuan ini. Jika terasa perih di lambung, hentikan pemakaian.
*   **Interaksi Obat:** Jika Anda sedang mengonsumsi obat pengencer darah (antikoagulan) atau obat diabetes, berkonsultasilah dengan dokter terlebih dahulu karena kandungan kurkuminoid dapat mempengaruhi kerja obat-obatan tersebut.
*   **Reaksi Tubuh:** Setiap tubuh unik. Hentikan segera jika muncul gejala alergi seperti gatal-gatal, ruam, atau sesak setelah konsumsi.
*   **Kondisi Persisten:** Jika rasa letih lesu berlanjut lebih dari 1–2 minggu meskipun sudah istirahat dan mengonsumsi ramuan ini, disarankan untuk memeriksakan diri ke fasilitas kesehatan guna memastikan tidak ada kondisi medis yang mendasarinya.

Merawat tubuh dengan bahan alam adalah proses yang membutuhkan kesabaran. Dengarkan sinyal yang diberikan tubuh Anda selama proses ini. Semoga ramuan ini dapat membantu mengembalikan semangat dan kebugaran Anda secara alami.","{""task"": ""preparation"", ""language"": ""id"", ""indication"": ""Letih Lesu""}",,
"Minangka ahli etnobotani, nerangake carane nggawe jampi saka kayu legi kanggo nambani watuk.","Kanggo nambani watuk nggunakake kayu legi:
Bahan:
- kayu legi
  Jeneng ilmiah: Glycyrrhiza glabra Linn.
  Bagian: ROOT
  Dosis: digoxin

Cara Nggawe:
1 x 10 g oyod / dina

Informasi Keamanan:
Larangan: meteng lan nyusoni
Warning: meteng
Efek samping: nggunakake dosis dhuwur (> 50 g / dina) kanthi berturut-turut sajrone 6 minggu saged nyebabake retensi yodium, hipertensi, obesitas, keluhan jantung lan ginjel.","Minangka ahli etnobotani, sumangga nerangaken kanthi rinci lan ngginakaken Basa Krama Inggil babagan cara nyiapaken jampi saka kayu legi kangge nambani watuk.

Konfigurasi Tugas:
{""task"": ""preparation"", ""language"": ""jv"", ""jv_herb_name"": ""kayu legi"", ""register"": ""Krama_Inggil""}","Nuwun sewu, kepareng kula aturaken tata cara nyawisaken jampi saking kayu legi (Glycyrrhiza glabra Linn.) kagem nambani watuk kanthi titi saha premati. Kayu legi punika gadhah sipat anget saha manis, sae sanget kangge nglegakaken tenggorokan sarta ngirangi rasa gatel utawi inflamasi ingkang njalari watuk.

Kagem nyawisaken jampi menika, sumangga dipun siapaken rumiyin bahan-bahan saha pirantosipun:

**Bahan-bahan ingkang dipun betahaken:**
1. Oyod kayu legi ingkang sampun garing (kirang langkung 10 gram utawi 3-5 centimeter).
2. Toya resik kalih gelas (kirang langkung 400-500 ml).
3. Tambahan: Jahe emprit sekedhik (dipun geprek) saha madu utawi gula jawi miturut selera, kagem nentremaken tenggorokan saha nambah angeting badan.

**Tata cara nyawisaken:**
1. **Ngresiki Bahan:** Kumbah oyod kayu legi ngginakaken toya ingkang mili resik supados bibit lebu utawi regedan saged ical. Menawi sampun resik, tiriskan sakderengipun.
2. **Ngiris:** Iris tipis-tipis oyod kasebat supados saripatinipun saged medal kanthi gampil nalika dipun godhog.
3. **Nggodhog Jampi:** Lebetaken irisane kayu legi saha jahe wonten ing panci, lajeng tuangaken toya resik. Godhog kanthi geni ingkang alit ngantos umub saha toyanipun susut dados satunggal gelas (kirang langkung 15-20 menit). Saenipun kendhil dipun tutup sakderengipun supados uap ingkang ngemot khasiat boten mboyang.
4. **Nyaring saha Nambah Pamanis:** Menawi sampun mateng saha warninipun owah dados coklat enom, matenaken geni lajeng saring toyanipun ngginakaken kain kasa utawi saringan resik. Nalika taksih anget, tambahi madu utawi gula jawi miturut selera, lajeng udek ngantos rata.

**Cara Ngunjuk:**
Jampi menika saenipun dipun unjuk nalika taksih anget-anget kuku, kaping kalih ing sedinten (enjing saha sore). Ngunjuk kanthi alon-alon supados tenggorokan saged nampi khasiatipun kanthi sampurna. Saliyanipun, sumangga ngindhahi dhaharan ingkang digoreng utawi pedhes ingkang saged ndadosaken tenggorokan risau.

**Pangéling Kaslametan:**
Sanadyan saking bahan alami, kedah dipun manahaken bilih kayu legi saged mangaruhi keseimbangan cairan saha tekanan darah. Dados, menawi panjenengan gadhah riwayat tekanan darah inggil, saweg ngandhut, utawi nyusoni, langkung sae boten ngginakaken utawi konsultasi rumiyin kaliyan dhokter. Ngginakaken dosis inggil (langkung saking 50 gram sedinten) kanthi beturut-turut saged ndadosaken efek samping kados ta retensi cairan, hipertensi, obesitas, saha keluhan jantung saha ginjel. Menawi watuk taksih berlarut-larut utawi tansah parah, monggo segera dipun periksakaken dhateng ahli kesehatan.

Kanthi sabar saha telaten, mugi-mugi jampi menika saged mbantu nyarasaken watukipun saha mbalekaken kasarasaning badan. Mugi Gusti Ingkang Maha Kuwaos tansah paring kasarasan saha ketentreman dhumateng panjenengan sekalian.","{""task"": ""preparation"", ""language"": ""jv"", ""jv_herb_name"": ""kayu legi"", ""register"": ""Krama_Inggil""}",,
"Minangka ahli etnobotani, nerangake carane nggawe jampi saka Bengle kanggo nambani Seven Roving Headaches.","Kanggo nambani Gerah Mustaka Seven Round nggunakake Bengle:
Bahan:
- Bengkulu
  Jeneng ilmiah: Zingiber purpureum Roxb
  Bagian: rimpang seger
  Dosis: 2 x 5 g rhizome / dina

Cara Nggawe:
Nyampur bahan kasebut, tambahake banyu sethithik nganti dadi campuran kaya bubur, gunakake ing pelipis lan ninggalake nganti garing.","Minangka ahli etnobotani, mangsuli panjenengan kanthi ngginakaken Basa Jawa Krama Inggil. Tugas utami inggih punika nerangaken cara nyiapaken jampi saking suket ""Bengle"" kangge nambani sakit sirah ingkang parah utawi ""Seven Roving Headaches"".

Mangga dipunlampahi langkah-langkah ingkang jelas lan terstruktur:
1. Ngenalaken khasiat Bengle ing konteks pangobatan tradhisional.
2. Nerangaken proses persiapan bahan (ngumbah, ngiris, utawi ngalusaken).
3. Menehi instruksi detail babagan cara ngolah (rebus, seduh, utawi campur kaliyan bahan sanes menawi wonten).
4. Njelasken cara ngunjuk lan dosis ingkang dipunanjuraken.

Wonten ing ngandhap punika data tugas ingkang kedah dipun tindakaken:
{""task"": ""preparation"", ""language"": ""jv"", ""jv_herb_name"": ""Bengle"", ""register"": ""Krama_Inggil""}","Sugeng siang, mugi-mugi panjenengan tansah pinaringan rahayu. Gerah sirah ingkang parah utawi ingkang asring dipunsebut ""Seven Roving Headaches"" punika saged ngganggu katentreman. Ing ngandhap punika, kula aturaken pandhuan nyiapaken jampi saking rimpang Bengle (*Zingiber purpureum*) kangge ngringanaken gerah sirah kasebut kanthi langkah-langkah ingkang jelas.

**1. Khasiat Bengle ing Konteks Pangobatan Tradhisional**
Bengle gadhah sipat anget ingkang saged nglancaraken peredaran rah ingkang mampet ing sirah sarta ngendhokaken otot-otot ingkang kaku. Ing salebetipun Bengle, wonten zat aktif ingkang saged ngirangi peradangan lan damel raga dados ayem, saengga cocog sanget kangge nambani nyeri sirah ingkang parah utawi ngalih-alih (roving).

**2. Proses Persiapan Bahan**
*   **Milih Bahan:** Pilih rimpang Bengle ingkang seger, boten keriput, lan boten busuk. Utaminipun ingkang taksih enem supados sarinipun kandel (sawatawis 10-15 gram utawi jempol tangan).
*   **Ngumbah:** Resikaken rimpang kaliyan toya ingkang mili ngantos reresik saking lempung lan kotoraning tanah.
*   **Ngupas lan Ngalusaken:** Kupas kulit njawinipun tipis-tipis ngginakaken pisau resik. Lajeng iris tipis-tipis utawi parut ngantos alus supados sari-sarinipun gampil medal nalika dipunolah.

**3. Instruksi Detail Cara Ngolah**
*   Siapaken panci resik (langkung sae saking lempung utawi stainless steel, mboten pareng ngginakaken aluminium).
*   Lebetaken irisan utawi parutan Bengle, lajeng tambahaken toya resik kirang langkung 2-3 gelas (500-600 ml).
*   Godhog kaliyan geni ingkang alit ngantos toya mendidih lan nyuda dados satunggal gelas (kirang langkung 200 ml) utawi wekdal 15-20 menit. Werninipun toya badhe owah dados kuning semu abang.
*   Menawi kersa, saged dipuntambahi gula jawi utawi madu asli kangge nambah raos lan khasiat ingkang menenangkan.
*   Saring toya godhogan ngginakaken kain resik supados ampasipun mboten kategep.

**4. Cara Ngunjuk lan Dosis ingkang Dipunanjuraken**
*   Ngunjuk jampi nalika taksih anget-anget kuku, supados sipat angetipun saged nembus lan ngendhokaken rasa sakit.
*   Dosis ingkang dipunanjuraken inggih punika satunggal gelas alit (200 ml) saben dinten, saged ing enjang saderengipun sarapan utawi sonten saderengipun sare. Saged ugi dipunpérang satengah gelas kaping kalih sedinten.
*   Penting sanget dipuneling, menawi gerah sirah mboten reda utawi malah saya parah sasampunipun ngunjuk jampi punika, sumangga enggal konsultasi dhumateng tenaga medis ingkang kompeten kangge mendhet tindakan ingkang langkung trep.

Mugi-mugi jampi punika saged mbiyantu panjenengan supados enggal dhangan lan sehat malih. Tansah njagi pola istirahat lan ngunjuk toya pethak ingkang cekap ugi penting sanget kangge kasembuhan ingkang sampurna.","{""task"": ""preparation"", ""language"": ""jv"", ""jv_herb_name"": ""Bengle"", ""register"": ""Krama_Inggil""}",,
"As an ethnobotany expert, explain how to prepare Ketepeng Cina to treat Panu.","To treat Panu using Ketepeng Cina:
Ingredients:
- Ketepeng Cina
  Scientific name: Cassia alata L
  Part: daun
  Dose: 2 x 1 genggam/ hari

Preparation:
bahan dihaluskan dengan tawas 1/3 sendok teh. Gosokkan pada bagian yang sakit

Safety Information:
Warnings: kebersihan perorangan perlu diutamakan
Side effects: belum dilaporkan.","Act as an expert in ethnobotany. Provide a detailed explanation on how to prepare **Ketepeng Cina** (scientific name: *Senna alata*, also known as Candlestick Cassia) to treat **Panu** (a common fungal skin infection also known as Tinea versicolor). 

Your response must include:
1. **Identification**: Briefly confirm the plant and the condition being treated.
2. **Preparation Method**: Step-by-step instructions on how to process the plant parts (leaves, flowers, etc.) for topical application.
3. **Application**: Directions on how to apply the remedy to the affected area.
4. **Safety & Precautions**: Include any known side effects, contraindications, or advice to consult a medical professional.

Maintain an informative, professional, and culturally respectful tone.

Context Parameters:
{""task"": ""preparation"", ""language"": ""en"", ""indication"": ""Panu""}","### 1. Identification
**Plant:** *Senna alata* (syn. *Cassia alata*), commonly known as Ketepeng Cina, Candlestick Cassia, or Ringworm Cassia. The leaves are the primary medicinal part used. 
**Condition:** Panu, medically known as Tinea versicolor, is a superficial fungal infection caused by an overgrowth of *Malassezia* yeast on the skin. It presents as discolored patches—lighter or darker than the surrounding skin—often on the chest, back, or shoulders, and is sometimes accompanied by mild itching. The leaves of *Senna alata* contain chrysophanic acid, a compound recognized for its antifungal properties.

### 2. Preparation Method
Traditional preparation focuses on extracting the active compounds from the leaf tissue. Hygiene is critical during preparation to prevent secondary bacterial infections.

**Materials Needed:**
*   5–10 fresh, healthy *Senna alata* leaves (young leaves are often preferred as they are less fibrous).
*   Clean water.
*   Mortar and pestle (or a clean stone and bowl).
*   Fine strainer or clean cheesecloth.
*   *Optional traditional addition:* 1/3 teaspoon of *tawas* (alum) powder, traditionally used as an astringent adjuvant.

**Steps:**
1.  **Cleaning:** Rinse the leaves thoroughly under running water to remove dust and contaminants. Pat dry with a clean cloth.
2.  **Extraction (Juice Method):** Place the leaves (and *tawas*, if using) in the mortar. Crush and grind them vigorously until a pulpy mass forms and dark green juice is released.
3.  **Filtration:** Wrap the pulp in the cheesecloth or strainer over a clean bowl. Squeeze firmly to extract the pure juice. Discard the fibrous pulp. The resulting mixture can be used directly as a poultice or as a liquid.
4.  **Alternative (Decoction Method):** If fresh crushing is not feasible, boil 5–7 leaves in 2 cups of water for 10–15 minutes until the water reduces by half and turns dark greenish-brown. Allow it to cool completely before straining.
5.  **Storage:** Fresh juice is most potent when used immediately. If necessary, store the liquid in a sealed container in the refrigerator for no more than 24 hours.

### 3. Application
Consistency and proper hygiene are essential for treating fungal infections effectively.

1.  **Clean the Area:** Wash the affected skin with mild soap and warm water. Dry thoroughly with a clean towel. Fungi thrive in moisture, so ensuring the skin is completely dry before application is vital.
2.  **Patch Test:** Apply a small amount of the preparation to a healthy patch of skin (e.g., inner arm). Wait 30 minutes to check for any adverse reactions, such as burning or redness.
3.  **Treatment:** Soak a clean cotton ball or pad in the prepared juice or decoction. Gently dab the liquid over the Panu patches, ensuring coverage extends slightly beyond the visible edges of the infection.
4.  **Drying:** Allow the liquid to air dry on the skin. Do not rinse it off immediately. However, if significant stinging occurs, rinse with cool water after 15–20 minutes.
5.  **Frequency:** Apply twice daily (morning and evening) for 2 to 4 weeks. Continue application for a few days after the visible patches disappear to prevent recurrence.
6.  **Hygiene:** Wash hands thoroughly after application to avoid spreading the fungus. Do not share towels or clothing.

### 4. Safety & Precautions
While *Senna alata* is a respected traditional remedy, it contains potent chemical compounds that require careful handling.

*   **External Use Only:** This preparation is strictly for topical application. **Do not ingest** the leaves or juice. *Senna alata* contains anthraquinones, which are strong laxatives; ingestion can cause severe diarrhea, abdominal cramping, and electrolyte imbalance.
*   **Skin Irritation:** Some individuals may experience contact dermatitis (redness, burning, or increased itching). If this occurs, discontinue use immediately and wash the area with water.
*   **Sensitive Areas:** Avoid contact with eyes, mucous membranes, and open wounds.
*   **Pregnancy and Nursing:** Due to potent chemical constituents, pregnant or breastfeeding women should avoid using this remedy without explicit approval from a healthcare provider.
*   **Children:** Use with caution on young children. Dilute the juice with a small amount of water if applying to sensitive skin.
*   **Plant Identification:** Ensure the plant is correctly identified as *Senna alata*. Confusion with similar-looking plants could lead to ineffective treatment or adverse reactions.
*   **Medical Consultation:** Panu can resemble other skin conditions, such as vitiligo or eczema. If there is no improvement after two weeks of consistent treatment, or if the infection spreads or shows signs of secondary bacterial infection (pus, excessive heat), consult a dermatologist or medical professional. Modern antifungal medications may be required for persistent cases.","{""task"": ""preparation"", ""language"": ""en"", ""indication"": ""Panu""}",,
"Sebagai pakar etnobotani, jelaskan cara membuat ramuan dari Kunyit untuk mengobati Letih Lesu.","Untuk mengobati Letih Lesu menggunakan Kunyit:
Bahan:
- Kunyit
  Nama ilmiah: Curcuma domestica Val
  Bagian: rimpang
  Dosis: a) 3 x 1,5-3 g/hari, diminum 1 jam sebelum makan b) 3 x 15 g rimpang segar/hari, diminum 1 jam sebelum makan

Cara Pembuatan:
a) Bahan kering ditumbuk menjadi serbuk, diseduh dengan 1 cangkir air mendidih, diamkan, saring dan diminum selagi hangat. b) Bahan dihaluskan, rebus dengan 3 gelas air sampai menjadi 1 gelas, dinginkan, saring dan diminum.

Informasi Keamanan:
Larangan: alergi dan batu empedu
Peringatan: kehamilan dan menyusui
Efek samping: alergi","Berperanlah sebagai pakar etnobotani. Jelaskan secara rinci cara membuat ramuan dari Kunyit untuk mengobati kondisi Letih Lesu.

Konteks Tugas:
{""task"": ""preparation"", ""language"": ""id"", ""indication"": ""Letih Lesu""}

Instruksi spesifik:
1. Identifikasi bahan-bahan alami yang diperlukan selain kunyit.
2. Uraikan langkah-langkah persiapan dan pembuatan ramuan secara sistematis.
3. Jelaskan dosis atau cara konsumsi yang disarankan berdasarkan pengetahuan etnobotani.
4. Sertakan catatan keamanan atau kontraindikasi jika ada.

Pastikan penjelasan menggunakan bahasa Indonesia yang jelas, ilmiah namun mudah dipahami, dan tetap mempertahankan kearifan lokal.","Mengatasi rasa letih lesu atau dalam kearifan lokal kita sering disebut *lemes* atau *ora ana semangat*, memerlukan pendekatan yang menyeimbangkan tubuh dan jiwa. Kunyit (*Curcuma longa*), atau yang kita kenal sebagai ""temu kuning"", adalah anugerah alam yang luar biasa. Secara ilmiah, kandungan kurkumin di dalamnya berfungsi sebagai anti-inflamasi kuat dan antioksidan yang membantu memulihkan sel-sel tubuh dari kelelahan oksidatif. Namun, agar khasiatnya terserap sempurna dan rasanya nyaman di lambung, kita perlu meraciknya dengan pendamping yang tepat.

Berikut adalah panduan rinci untuk menyiapkan ramuan pemulih stamina berbasis kunyit, yang menggabungkan presisi botani dengan kehangatan tradisi Jawa.

### 1. Identifikasi Bahan Alami Pendukung

Selain kunyit segar sebagai bahan utama, kita memerlukan bahan pendamping yang berfungsi meningkatkan penyerapan nutrisi dan memberikan energi instan:

*   **Kunyit Segar (2 ruas jari):** Pilih umbi yang tua (daging berwarna oranye pekat), padat, dan tidak keriput. Kunyit tua memiliki konsentrasi kurkumin tertinggi.
*   **Jahe Merah atau Jahe Emprit (1 ruas jari):** Jahe mengandung gingerol yang bersifat termogenik, membantu melancarkan sirkulasi darah sehingga oksigen tersebar lebih cepat ke seluruh tubuh, mengusir rasa dingin dan lemas.
*   **Lada Hitam (sejumput atau 3-4 butir):** Ini adalah kunci rahasia ilmiahnya. Piperin dalam lada hitam dapat meningkatkan penyerapan kurkumin hingga 2000%. Tanpa lada hitam, sebagian besar khasiat kunyit akan terbuang percuma oleh sistem pencernaan.
*   **Madu Murni atau Gula Aren (secukupnya):** Sebagai sumber glukosa alami untuk energi cepat dan penyeimbang rasa pahit getir. Madu juga memiliki sifat adaptogenik ringan.
*   **Santan Encer atau Susu Nabati (opsional, 50 ml):** Kurkumin larut dalam lemak. Menambahkan sedikit lemak sehat (seperti santan encer dari kelapa segar) akan memaksimalkan penyerapan zat aktif tersebut.
*   **Air Bersih (400-500 ml).**

### 2. Langkah-Langkah Persiapan dan Pembuatan

Proses pembuatan ini dirancang untuk mengekstrak senyawa aktif tanpa merusaknya akibat panas berlebih yang terlalu lama.

1.  **Pembersihan dan Pengolahan Awal:**
    Cuci bersih kunyit dan jahe di bawah air mengalir. Sikat perlahan kulitnya untuk menghilangkan tanah, namun usahakan tidak mengupas terlalu tebal karena banyak zat bermanfaat terdapat tepat di bawah kulit. Iris tipis-tipis atau memarkan (geprek) kedua umbi tersebut untuk memperluas permukaan ekstraksi.

2.  **Proses Perebusan (Ekstraksi):**
    Rebus air hingga mendidih. Masukkan irisan kunyit, jahe, dan lada hitam. Kecilkan api hingga sedang dan biarkan mendidih perlahan selama 10–15 menit. Air akan berubah warna menjadi kuning keemasan pekat dan aroma rempah akan tercium harum. Jangan merebus terlalu lama (lebih dari 20 menit) karena panas ekstrem yang berkepanjangan dapat mendegradasi beberapa senyawa volatil pada jahe.

3.  **Penambahan Unsur Lemak (Jika menggunakan santan/susu):**
    Jika Anda memilih menambahkan santan encer atau susu nabati, masukkan pada 5 menit terakhir perebusan. Aduk perlahan agar tidak pecah. Langkah ini penting untuk mengikat kurkumin agar siap diserap usus.

4.  **Penyaringan dan Penyesuaian Rasa:**
    Angkat rebusan dari api. Saring airnya ke dalam gelas atau cangkir keramik untuk memisahkan ampas serat. Tunggu hingga suhu ramuan turun menjadi hangat kuku (sekitar 40-50°C). *Penting:* Jangan menambahkan madu saat air masih mendidih atau sangat panas, karena suhu tinggi dapat merusak enzim alami dan kualitas gizi madu. Setelah hangat, adukkan madu atau gula aren secukupnya.

### 3. Dosis dan Cara Konsumsi

Berdasarkan pengamatan empiris dan tradisi penggunaan harian:

*   **Waktu Terbaik:** Konsumsilah ramuan ini di pagi hari setelah sarapan ringan, atau di sore hari saat energi mulai menurun (sekitar pukul 15.00–16.00). Mengonsumsinya dalam keadaan perut kosong bagi sebagian orang dapat menyebabkan rasa tidak nyaman (mual) karena sifat kunyit yang agak tajam.
*   **Takaran:** Satu gelas (sekitar 200–250 ml) per sajian.
*   **Frekuensi:** Untuk kondisi letih lesu akut, dapat diminum 1 kali sehari selama 3–5 hari berturut-turut hingga tubuh terasa bugar kembali. Untuk pemeliharaan stamina, cukup 2–3 kali seminggu.
*   **Cara Minum:** Teguk perlahan selagi hangat. Rasakan kehangatan yang menjalar dari dada ke perut, menandakan sirkulasi darah mulai lancar.

### 4. Catatan Keamanan dan Kontraindikasi

Meskipun alami, ramuan ini memiliki potensi interaksi yang perlu diperhatikan demi keselamatan Anda:

*   **Gangguan Pembekuan Darah:** Kunyit dan jahe memiliki efek pengencer darah alami. Jika Anda sedang mengonsumsi obat pengencer darah (seperti warfarin atau aspirin) atau akan menjalani operasi, konsultasikan dengan dokter sebelum mengonsumsi ramuan ini secara rutin.
*   **Masalah Kantung Empedu:** Bagi individu yang memiliki batu empedu atau penyumbatan saluran empedu, konsumsi kunyit dosis tinggi dapat memicu nyeri karena sifatnya yang merangsang produksi empedu.
*   **Asam Lambung (GERD):** Meskipun jahe baik untuk pencernaan, pada sebagian kecil orang dengan sensitivitas tinggi, kombinasi rempah pedas ini bisa memicu naiknya asam lambung. Jika terasa panas di ulu hati, kurangi takaran jahe dan lada hitam, atau pastikan minum setelah makan.
*   **Kehamilan:** Konsumsi dalam jumlah masakan harian umumnya aman, namun konsumsi sebagai obat rutin dalam jumlah besar selama kehamilan sebaiknya dihindari tanpa pengawasan tenaga kesehatan, karena efek stimulasi pada rahim secara teoritis mungkin terjadi.

Semoga ramuan sederhana ini dapat mengembalikan semangat dan vitalitas Anda. Alam menyediakan obatnya, kita hanya perlu tahu cara menyajikannya dengan bijak dan penuh kesadaran.","{""task"": ""preparation"", ""language"": ""id"", ""indication"": ""Letih Lesu""}",,
"Sebagai pakar etnobotani, jelaskan cara membuat ramuan dari Daun Cincau untuk mengobati Panas Dalam.","Untuk mengobati Panas Dalam menggunakan Daun Cincau:
Bahan:
- Daun Cincau
  Nama ilmiah: Cyclea barbata L.Miers
  Bagian: daun segar
  Dosis: 1 x150 g daun/hari

Cara Pembuatan:
Bahan ditumbuk atau diremas-remas dengan air secukupnya, peras, saring, tampung dalam loyang, diamkan hingga terbentuk gel. Potong sesuai selera, dapat ditambahkan santan dan gula merah secukupnya.","Berperanlah sebagai pakar etnobotani. Jelaskan secara rinci dan sistematis cara membuat ramuan dari Daun Cincau untuk mengobati Panas Dalam.

Konteks Tugas:
{""task"": ""preparation"", ""language"": ""id"", ""indication"": ""Panas Dalam""}

Pastikan penjelasan Anda mencakup:
1. Pemilihan bahan baku (jenis daun cincau yang tepat).
2. Langkah-langkah pengolahan dari pencucian hingga penyajian.
3. Takaran dan cara konsumsi yang aman.
4. Catatan khusus mengenai efektivitas dan keamanan berdasarkan kearifan lokal.","**Panduan Lengkap Meracik Daun Cincau untuk Mengatasi Panas Dalam**

""Panas dalam"" adalah istilah khas dalam kearifan lokal kita yang menggambarkan kumpulan gejala seperti sariawan, tenggorokan kering atau gatal, bibir pecah-pecah, dan perasaan tidak nyaman di tubuh akibat kekurangan cairan atau ketidakseimbangan metabolisme. Daun cincau telah lama dipercaya sebagai solusi alami yang efektif karena sifatnya yang mendinginkan (*cooling*) dan kemampuannya mengembalikan keseimbangan cairan tubuh.

Berikut adalah panduan sistematis untuk mengolah daun cincau menjadi ramuan yang aman dan berkhasiat.

### 1. Pemilihan Bahan Baku: Mengenal Jenis Cincau yang Tepat

Tidak semua daun cincau sama. Untuk tujuan pengobatan ""panas dalam"", pemilihan jenis sangat krusial:

*   **Jenis yang Disarankan:** Gunakan **Cincau Hijau** (*Cyclea barbata*). Jenis ini memiliki kandungan alkaloid dan polisakarida yang lebih tinggi dibandingkan cincau hitam, yang membuatnya lebih efektif untuk memberikan efek dingin instan pada tubuh dan meredakan peradangan ringan di tenggorokan.
*   **Kriteria Daun Segar:**
    *   Pilih daun yang berwarna hijau tua segar, tidak layu, dan bebas dari bercak kuning atau cokelat.
    *   Pastikan daun diambil dari tanaman yang tidak terpapar pestisida kimia (lebih baik dari kebun sendiri atau petani lokal terpercaya).
    *   Hindari menggunakan daun yang terlalu muda (masih pucat) atau terlalu tua (sudah keras), karena kandungan lendirnya belum optimal atau sudah menurun.

### 2. Langkah-Langkah Pengolahan: Dari Pencucian hingga Penyajian

Proses pembuatan cincau hijau sedikit berbeda dengan cincau hitam karena memanfaatkan getah alami daunnya. Ikuti langkah berikut dengan teliti:

**Tahap A: Pembersihan Mendalam**
1.  Petik daun dari tangkainya. Buang tangkai karena dapat memberikan rasa pahit.
2.  Cuci daun di bawah air mengalir sebanyak 2-3 kali untuk menghilangkan debu dan kotoran.
3.  Rendam daun dalam air bersih yang diberi sedikit garam selama 10 menit untuk menetralkan potensi residu alami, lalu bilas kembali hingga airnya jernih.

**Tahap B: Ekstraksi Getah (Teknik Remas)**
1.  Siapkan wadah besar (ember bersih) dan isi dengan air matang secukupnya (perbandingan umum: 1 kg daun untuk 4-5 liter air).
2.  Remas-remas daun cincau di dalam air tersebut. Lakukan dengan gerakan memutar dan menekan hingga keluar lendir hijau pekat dari daun.
3.  Terus remas hingga tekstur daun terasa licin dan air berubah menjadi kental berwarna hijau gelap. Jika air sudah sangat kental, angkat ampas daun, peras hingga kering, lalu buang ampasnya.

**Tahap C: Pengendapan dan Pembekuan**
1.  Saring air sarian cincau menggunakan kain katun bersih atau saringan halus untuk memastikan tidak ada serpihan daun yang tertinggal.
2.  Diamkan air sarian tersebut pada suhu ruang selama 1-2 jam. Secara alami, enzim dalam daun akan membuat air mengental dan membeku menjadi gel tanpa perlu bahan pengental buatan.
3.  Setelah menjadi gel padat, cincau siap diolah. Untuk penderita panas dalam, sebaiknya sajikan dalam bentuk segar tanpa melalui proses pemanasan ulang yang berlebihan agar sifat dinginnya tetap terjaga.

### 3. Takaran dan Cara Konsumsi yang Aman

Agar mendapatkan manfaat maksimal tanpa efek samping, perhatikan aturan konsumsi berikut:

*   **Takaran Harian:** Konsumsi sekitar 150–200 gram gel cincau (sekitar 1 mangkuk kecil) per hari.
*   **Cara Penyajian untuk Panas Dalam:**
    *   Serut atau potong dadu gel cincau.
    *   Campurkan dengan air matang dingin atau air kelapa muda (yang juga bersifat mendinginkan).
    *   Tambahkan sedikit madu murni atau gula batu secukupnya jika perlu. Hindari gula pasir berlebihan karena dapat memicu peradangan tenggorokan.
    *   Dapat ditambahkan perasan jeruk nipis untuk tambahan Vitamin C, namun jangan berlebihan agar tidak terlalu asam bagi lambung.
*   **Waktu Konsumsi:** Minum 1-2 kali sehari, idealnya di siang hari saat cuaca panas atau saat gejala panas dalam mulai terasa.

### 4. Catatan Khusus: Efektivitas dan Keamanan Berdasarkan Kearifan Lokal

Sebagai praktisi yang mengamati tradisi ini selama puluhan tahun, ada beberapa hal penting yang perlu Anda ketahui:

*   **Mekanisme Kerja:** Secara ilmiah, lendir pada cincau mengandung polisakarida yang mampu menahan air di dalam tubuh (hidrasi) dan melapisi dinding tenggorokan yang iritasi, memberikan rasa lega seketika. Sifat alkaloidnya membantu menurunkan suhu tubuh secara alami.
*   **Peringatan untuk Lambung Sensitif:** Meskipun sangat baik untuk panas dalam, cincau memiliki sifat dingin yang kuat. Bagi individu dengan riwayat maag akut atau lambung sangat sensitif (""masuk angin"" mudah), konsumsi cincau dingin secara berlebihan bisa memicu kembung atau nyeri ulu hati. Solusinya: biarkan cincau mencapai suhu ruang (tidak terlalu dingin dari kulkas) sebelum diminum, atau campurkan dengan sedikit jahe geprek saat penyajian untuk menyeimbangkan suhu.
*   **Konsistensi Gejala:** Jika gejala ""panas dalam"" seperti sariawan atau demam tidak membaik setelah 3 hari konsumsi rutin, atau disertai demam tinggi, segera hentikan dan konsultasikan dengan tenaga medis. Ramuan ini adalah pendamping pemulihan, bukan pengganti penanganan medis darurat.
*   **Kebersihan Alat:** Pastikan semua wadah dan tangan dalam keadaan steril saat meremas daun. Karena cincau hijau tidak melalui proses pemasakan (direbus), risiko kontaminasi bakteri lebih tinggi jika kebersihan tidak dijaga.

Dengan mengikuti langkah-langkah ini, Anda memanfaatkan potensi alam secara optimal untuk mengembalikan kesegaran tubuh. Selamat mencoba dan semoga lekas pulih.","{""task"": ""preparation"", ""language"": ""id"", ""indication"": ""Panas Dalam""}",,
"Minangka ahli etnobotani, nerangake carane nggawe jampi saka kayu putih kanggo nambani asam urat/rematik.","Kanggo ngobati asam urat / rematik nggunakake kayu putih:
Bahan:
- Eucalyptus
  Jeneng Ilmiah: Melaleuca leucadendra (L)
  Bagian: godhong
  Dosis: 6-10 g godhong / dina

Cara Nggawe:
Bahan-bahan kasebut digodhog nganggo banyu 2 gelas nganti suda setengah, adhem, saring lan diombe.

Informasi Keamanan:
Larangan: bocah, gangguan pencernaan, gangguan kandung empedu, gangguan ati. Sajrone meteng, nyusoni kudu diawasi dening dokter.
Pènget: aja nganti tekan bocah.
Efek samping: sensasi kobong ing jugangan weteng, mual, muntah, pusing.","Minangka ahli etnobotani, sumangga nerangaken kanthi rinci lan sistematik caranipun nggawe jampi saking kayu putih kangge nambani penyakit asam urat utawi rematik. Pangandika kedah ngginakaken Basa Jawi Krama Inggil ingkang leres, sopan, lan gamblang.

Mugi-mugi andharan panjenengan ngemot poin-poin ingkang penting kados makaten:
1. **Bahan-bahan**: Nyebataken bahan-bahan ingkang dipunbetahaken kanthi jangkep.
2. **Proses Pangginaan**: Nerangaken langkah-langkah pangginaan jampi wiwit saking persiapan ngantos siyap dipunginakaken.
3. **Aturan Anggeng**: Menehi pituduh babagan cara lan dosis pangginaan ingkang aman.
4. **Pepeling**: Nyebataken hal-hal ingkang kedah dipunwaspadai utawi efek samping ingkang mungkin wonten.

Data tugas ingkang kedah dipuntindakaken:
{""task"": ""preparation"", ""language"": ""jv"", ""jv_herb_name"": ""Kayu Putih"", ""register"": ""Krama_Inggil""}","Mugi-mugi andharan ing ngandhap punika saged dados pandom ingkang migunani kangge panjenengan ingkang badhe nggihaken jampi tradhisional saking kayu putih (Melaleuca leucadendra) kangge nambani penyakit asam urat utawi rematik. Kayu putih sampun dipunkenal turun-temurun minangka tanduran ingkang gadhah khasiat kangge nghangetaken badan, nglancaraken peredaran rah, sarta ngirangi bengkak lan rasa nyeri ing sendi.

Sumangga, menika rincian babagan tata cara nggihaken lan pangginaan jampi kasebut:

### 1. Bahan-bahan ingkang Dipunbetahaken
Kangge nggihaken jampi punika kanthi sae, panjenengan kedah nyiapaken bahan-bahan ingkang seger lan resik kados makaten:
*   **Godhong Kayu Putih Segar:** Kirang langkung 100 gram (utawi 6-10 gram kados dosis tradhisional ingkang limrah). Pilih godhong ingkang taksih ijo seger lan boten kenang hama.
*   **Minyak Kelapa Murni (VCO) utawi Minyak Zaitun:** Kirang langkung 200 ml, minangka media kangge nyari saking godhong kayu putih.
*   **Toya Resik:** 500 ml (2 gelas) menawi badhe nggihaken godhogan kangge kompres.
*   **Jahe Abrit (Opsional):** Sak jempol tangan (± 20 gram), dipungeprek. Punika dipuntambahaken kangge nambah raos anget lan nglancaraken aliran rah.

### 2. Proses Pangginaan (Preparasi)
Wonten kalih cara utami ingkang saged panjenengan pilih miturut kabutuhan, inggih punika damel minyak gosok lan godhogan kompres:

**Cara I: Nggihaken Minyak Jampi (Infused Oil)**
*   **Ngresiki lan Gegeken:** Kumbah godhong kayu putih lan jahe ngantos resik, lajeng garingaken sakedhik. Gegeken utawi remas-remas godhong kasebut kanthi alon supados sel-sel ingkang ngemot minyak atsiri saged pecah.
*   **Ngaosaken Minyak:** Panaskan VCO utawi minyak zaitun wonten ing wajan kanthi api ingkang alit. Lebetaken godhong ingkang sampun digegek lan jahe. Aduk-aduk kanthi alon ngantos godhong layu lan werninipun minyak owah dados ijem peteng (kirang langkung 15-20 menit). Boten kenging ngantos minyak ngrokok utawi hangus.
*   **Nyaring lan Nyimpen:** Angkat wajan, entenaken ngantos adhem. Saring minyak ngginakaken kain kasa supados boten wonten ampas. Lebetaken minyak ing wadah kaca ingkang tertutup rapet lan simpen ing papan ingkang adhem.

**Cara II: Nggihaken Godhogan Kompres**
*   **Godhog:** Lebetaken godhong kayu putih lan jahe ingkang sampun resik wonten ing panci ingkang isinipun toya 500 ml. Godhog kanthi api alit ngantos toya suda setengahipun (kirang langkung 15-20 menit).
*   **Nyaring:** Mateni api, lajeng saring toya godhogan kasebut. Toya ingkang anget punika siap dipunginakaken kangge kompres.

### 3. Aturan Anggeng
Kangge asil ingkang maksimal lan aman, wonten tata cara ingkang kedah dipunperhatosaken:
*   **Pangginaan Luar (Minyak lan Kompres):** Olesaken minyak jampi wonten ing sendi ingkang sakit lajeng urut kanthi alon. Menawi ngginakaken godhogan, celupaken kain wonten toya ingkang taksih anget (boten kepanasen), lajeng tempelaken ing papan ingkang bengkak selama 15-20 menit saderengipun diurut. Pangginaan saged dipuntindakaken 2 dumugi 3 kali saben dinten.
*   **Pangginaan Dalam (Ngunjuk Godhogan):** Menawi badhe ngunjuk godhogan, dosis ingkang aman inggih punika 6-10 gram godhong per dinten. Nanging, kangge penderita asam urat, pangginaan njawi (minyak lan kompres) langkung dipunanjuraken amargi langkung sae lan risiko efek samping langkung sakedhik.

### 4. Pepeling lan Peringatan
Minangka bentuk kawaspadaan kangge njagi kaselamatan panjenengan, wonten hal-hal ingkang kedah dipunwaspadai:
*   **Kontraindikasi:** Godhogan kayu putih boten dipunanjuraken kangge lare-lare, ibu ingkang lagi meteng utawi nyusoni tanpa pandom dokter, sarta tiyang ingkang gadhah gangguan pencernaan, kandung empedu, lan ati.
*   **Efek Samping Internal:** Menawi dipununjuk kanthi dosis ingkang kebak, saged nyebabaken sensasi kobong ing weteng, mual, muntah, lan pusing.
*   **Alergi Kulit:** Saderengipun ngginakaken minyak utawi godhogan ing area ingkang amba, cobaaken sakedhik wonten ing kulit tangan. Menawi wonten raos panas ingkang berlebihan utawi abang, enggal-enggal dipunbilas.
*   **Luka Terbuka:** Boten kenging diolesaken utawi dikompres wonten ing kulit ingkang luka, lecet, utawi gatel ingkang mbukak amargi saged nyebabaken iritasi ingkang sanget.
*   **Konsultasi Medis:** Jampi tradhisional punika sifatipun minangka pendamping kangge ngurangi gejala nyeri. Menawi penyakit asam urat utawi rematik panjenengan sampun parah, mugi-mugi panjenengan kersa konsultasi dhateng tenaga medis profesional kangge mendhet perawatan ingkang langkung sakabehipun.

Mugi-mugi ikhtiar punika saged mbiyantu ngirangi rasa gerah ingkang panjenengan rasakaken. Kasehatan punika bandha ingkang paling aji, mula kedah dipunjagi kanthi sabar lan teliti.","{""task"": ""preparation"", ""language"": ""jv"", ""jv_herb_name"": ""Kayu Putih"", ""register"": ""Krama_Inggil""}",,
"Sebagai pakar etnobotani, jelaskan cara membuat ramuan dari Sirih untuk mengobati Jerawat.","Untuk mengobati Jerawat menggunakan Sirih:
Bahan:
- Sirih
  Nama ilmiah: Piper bettleL
  Bagian: daun segar
  Dosis: 2 x 7-10 daun/hari

Cara Pembuatan:
bahan direbus dengan 2 gelas air sampai mendidih, dinginkan, airnya dipakai untuk mencuci kulit (wajah).

Informasi Keamanan:
Peringatan: dapat menyebabkan iritasi pada kulit dan selaput lendir
Efek samping: iritasi kemerahan","Bertindaklah sebagai pakar etnobotani. Berdasarkan data berikut, jelaskan secara rinci cara membuat ramuan dari Sirih untuk mengobati Jerawat.

Data Konteks:
{""task"": ""preparation"", ""language"": ""id"", ""indication"": ""Jerawat""}

Pastikan penjelasan Anda mencakup:
1. Bahan-bahan yang diperlukan.
2. Langkah-langkah persiapan dan pembuatan ramuan.
3. Cara aplikasi yang tepat untuk pengobatan Jerawat.
4. Catatan keamanan atau peringatan penting berdasarkan prinsip etnobotani.","Sirih (*Piper betle*) telah lama menjadi bagian integral dalam warisan pengobatan tradisional Nusantara, khususnya untuk perawatan kulit. Sebagai tanaman yang kaya akan minyak atsiri, fenol, dan kavikol, sirih memiliki sifat antiseptik, anti-inflamasi, dan antibakteri yang kuat, yang sangat relevan untuk menangani bakteri *Propionibacterium acnes* penyebab jerawat. Namun, khasiat alam ini harus dikelola dengan presisi agar tidak mengganggu keseimbangan kulit.

Berikut adalah panduan rinci mengenai persiapan dan penggunaan ramuan sirih untuk pengobatan jerawat, disusun dengan menggabungkan kearifan tradisional dan prinsip keamanan dermatologis.

### 1. Bahan-bahan yang Diperlukan

Untuk memastikan efektivitas dan kemurnian ramuan, pemilihan bahan adalah langkah krusial:

*   **Daun Sirih Merah atau Hijau Segar:** Pilih 3–5 lembar daun yang masih segar, berwarna cerah, tidak berlubang akibat hama, dan bebas dari noda hitam. Sirih merah sering dianggap memiliki kandungan antioksidan yang lebih tinggi, namun sirih hijau juga sangat efektif.
*   **Air Bersih:** Gunakan sekitar 500 ml air matang atau air suling. Hindari air kerah langsung jika kualitasnya kurang terjamin.
*   **Alat Tambahan (Opsional):**
    *   Panci stainless steel atau kaca (hindari aluminium untuk mencegah reaksi kimia).
    *   Saringan halus atau kain kasa steril.
    *   Wadah kaca tertutup untuk penyimpanan.
    *   Kapas bersih atau botol semprot (*spray*).

### 2. Langkah-langkah Persiapan dan Pembuatan Ramuan

Proses ekstraksi ini bertujuan untuk menarik senyawa aktif tanpa merusaknya akibat panas berlebih.

1.  **Pencucian Mendalam:** Cuci daun sirih di bawah air mengalir satu per satu. Gosok perlahan permukaan daun untuk menghilangkan debu, residu pestisida, atau kotoran mikro. Ini langkah vital untuk mencegah iritasi tambahan pada kulit berjerawat.
2.  **Penyajian Daun:** Robek-robek atau iris kasar daun sirih. Tujuannya adalah memperluas permukaan daun agar senyawa aktifnya lebih mudah larut ke dalam air. Jangan menumbuknya hingga hancur karena akan membuat air rebusan terlalu keruh dan sulit disaring.
3.  **Proses Perebusan:**
    *   Masukkan daun sirih ke dalam panci bersama 500 ml air.
    *   Didihkan air dengan api sedang. Setelah air mendidih, kecilkan api dan biarkan mendidih perlahan (*simmer*) selama 10–15 menit. Air akan berubah warna menjadi agak kekuningan atau kecokelatan dan mengeluarkan aroma khas yang tajam.
    *   Hindari merebus terlalu lama (lebih dari 20 menit) karena dapat menguapkan minyak atsiri yang merupakan komponen utama pembasmi bakteri.
4.  **Penyaringan dan Pendinginan:** Angkat panci dari kompor. Saring air rebusan ke dalam wadah bersih menggunakan saringan halus atau kain kasa untuk memastikan tidak ada partikel daun yang tertinggal. Biarkan cairan tersebut dingin hingga mencapai suhu ruang. Jangan gunakan saat masih panas karena dapat memperparah inflamasi jerawat.

### 3. Cara Aplikasi yang Tepat

Penggunaan yang tepat menentukan keberhasilan terapi dan meminimalkan risiko iritasi.

*   **Sebagai Toner (Metode Paling Direkomendasikan):**
    1.  Bersihkan wajah terlebih dahulu dengan pembersih wajah (*facial wash*) yang lembut.
    2.  Tuangkan air rebusan sirih yang sudah dingin ke dalam kapas bersih.
    3.  Usapkan secara lembut ke seluruh wajah, dengan fokus lebih pada area yang berjerawat. Hindari menggosok terlalu keras pada jerawat yang meradang atau pecah.
    4.  Biarkan kering secara alami di udara. Jangan dibilas agar senyawa aktifnya tetap bekerja pada kulit.
    5.  Lakukan sebanyak 2 kali sehari (pagi setelah bangun tidur dan malam sebelum tidur).

*   **Sebagai Kompres (Untuk Jerawat Meradang Parah):**
    1.  Rendam kain kasa steril atau kapas tebal ke dalam air rebusan sirih dingin.
    2.  Tempelkan pada area jerawat yang meradang selama 5–10 menit.
    3.  Lepaskan dan biarkan kulit kering alami.

*Catatan:* Jika Anda ingin menyimpan sisa air rebusan, simpan dalam wadah kaca tertutup di kulkas. Ramuan ini hanya bertahan selama 2–3 hari. Setelah itu, buang dan buat yang baru untuk mencegah kontaminasi bakteri.

### 4. Catatan Keamanan dan Peringatan Penting

Meskipun berasal dari alam, ""alami"" tidak selalu berarti ""bebas risiko"". Prinsip etnobotani modern menekankan pada kehati-hatian dan pengujian individu.

*   **Uji Tempel (*Patch Test*) Wajib:** Sebelum menggunakan pada seluruh wajah, oleskan sedikit air rebusan di belakang telinga atau bagian dalam lengan atas. Tunggu 24 jam. Jika muncul kemerahan, gatal, atau panas, hentikan penggunaan segera. Kulit setiap individu memiliki tingkat toleransi yang berbeda terhadap konsentrasi fenol dalam sirih.
*   **Risiko Kekeringan:** Sirih memiliki sifat mengeringkan yang kuat. Jika kulit terasa terlalu kering, kencang, atau mengelupas, kurangi frekuensi penggunaan menjadi sekali sehari atau selang-seling hari. Pastikan tetap menggunakan pelembap (*moisturizer*) non-komedogenik setelah ramuan kering.
*   **Hindari Area Mata:** Cairan sirih sangat tajam dan dapat menyebabkan iritasi parah jika terkena mata. Gunakan dengan sangat hati-hati di area sekitar mata.
*   **Jangan Digunakan pada Luka Terbuka Lebar:** Meskipun antiseptik, aplikasi pada luka terbuka yang luas dapat menyebabkan rasa perih yang signifikan dan memperlambat proses penyembuhan epitelial jika konsentrasinya terlalu tinggi.
*   **Konsistensi dan Kesabaran:** Pengobatan herbal bekerja secara gradual. Hasil mungkin baru terlihat setelah 2–4 minggu penggunaan rutin. Jika jerawat justru memburuk, disertai bengkak ekstrem, atau tidak membaik setelah satu bulan, segera hentikan dan konsultasikan dengan dokter kulit profesional.

Dengan mengikuti prosedur ini, Anda memanfaatkan potensi farmakologis sirih secara optimal sambil menjaga integritas屏障 (barrier) kulit Anda.","{""task"": ""preparation"", ""language"": ""id"", ""indication"": ""Jerawat""}",,
"Sebagai pakar etnobotani, jelaskan cara membuat ramuan dari Jahe untuk mengobati Perut Kembung.","Untuk mengobati Perut Kembung menggunakan Jahe:
Bahan:
- Jahe
  Nama ilmiah: Zingiber officinale Rosc.
  Bagian: rimpang segar
  Dosis: 2 x 2,5 cm rimpang/hari sebelum makan

Cara Pembuatan:
bahan diiris, diseduh dengan 1 cangkir air mendidih, diamkan dan dapat ditambahkan gula atau lemon.

Informasi Keamanan:
Larangan: anak <6 tahun, batu empedu, perdarahan
Peringatan: jangan digunakan lebih dari 6 g dalam keadaan perut kosong
Efek samping: rasa tidak enak pada ulu hati, sedikit nyeri lambung","Berperanlah sebagai pakar etnobotani. Berdasarkan data berikut, jelaskan secara rinci langkah-langkah pembuatan ramuan dari Jahe untuk mengobati Perut Kembung.

Data Konteks:
{""task"": ""preparation"", ""language"": ""id"", ""indication"": ""Perut Kembung""}","Untuk meredakan perut kembung, jahe (*Zingiber officinale*) adalah pilihan yang sangat efektif karena kandungan gingerol dan shogaolnya yang mampu menghangatkan saluran pencernaan serta mengusir gas yang terperangkap. Berikut adalah langkah-langkah praktis untuk menyiapkan ramuan jahe yang aman dan optimal khasiatnya.

**Bahan yang Diperlukan:**
*   1 rimpang jahe segar berukuran sedang (sekitar 20–30 gram). Pilih jahe yang kulitnya masih kencang, tidak keriput, dan saat dipatahkan terdengar suara ""krak"" serta beraroma tajam. Jahe tua biasanya lebih baik untuk masalah pencernaan dibandingkan jahe muda.
*   2 gelas air (sekitar 400–500 ml).
*   Opsional: Sedikit gula merah atau madu murni untuk penyeimbang rasa, jika diperlukan.

**Langkah Pembuatan:**

1.  **Pembersihan Rimpang:**
    Cuci bersih jahe di bawah air mengalir. Gosok perlahan permukaannya untuk menghilangkan sisa tanah. Tidak perlu mengupas seluruh kulitnya secara tebal; cukup kerok bagian yang kotor atau bersihkan dengan sikat lembut, karena banyak senyawa aktif juga terdapat tepat di bawah kulit.

2.  **Penyiapan Jahe:**
    Memarkan jahe hingga sedikit pecah menggunakan ulekan atau punggung pisau, lalu iris tipis-tipis atau memarakan lagi hingga seratnya terbuka. Langkah ini krusial untuk memaksimalkan pelepasan minyak atsiri dan senyawa bioaktif ke dalam air. Hindari menghaluskan jahe menjadi bubur jika Anda menginginkan minuman yang jernih dan mudah disaring.

3.  **Proses Perebusan:**
    Masukkan irisan jahe ke dalam panci (sebaiknya berbahan stainless steel, kaca, atau tanah liat; hindari aluminium). Tuangkan air dingin. Nyalakan api sedang hingga air mendidih. Setelah mendidih, kecilkan api ke tingkat paling rendah, tutup panci, dan biarkan meresap (simmer) selama 10 hingga 15 menit. Perebusan dengan api kecil ini penting untuk mengekstrak sari jahe tanpa menguapkan komponen aromatik yang terlalu cepat.

4.  **Penyaringan dan Penyajian:**
    Matikan api dan saring air rebusan ke dalam cangkir atau gelas. Buang ampas jahe. Jika dirasa terlalu pedas atau pahit, Anda dapat menambahkan sedikit gula merah atau madu saat air masih hangat (bukan saat mendidih, agar kualitas madu tidak rusak).

**Cara Konsumsi dan Catatan Penting:**
Minumlah ramuan ini selagi hangat, teguk perlahan-lahan. Rasa hangat yang menjalar di perut akan membantu merelaksasi otot saluran pencernaan dan mendorong pengeluaran gas. Untuk hasil terbaik, konsumsi segera setelah gejala muncul atau setelah makan besar yang berpotensi menyebabkan kembung.

Perlu diperhatikan bahwa meskipun alami, jahe bersifat hangat. Jika Anda memiliki riwayat maag akut yang sedang kambuh parah, GERD berat, atau sedang mengonsumsi obat pengencer darah, konsultasikan dahulu dengan tenaga kesehatan sebelum mengonsumsinya secara rutin. Hentikan penggunaan jika timbul rasa tidak nyaman seperti heartburn yang berlebihan.","{""task"": ""preparation"", ""language"": ""id"", ""indication"": ""Perut Kembung""}",,
"As an ethnobotany expert, explain how to prepare Sambiloto to treat Encok /Pegal Linu.","To treat Encok /Pegal Linu using Sambiloto:
Ingredients:
- Sambiloto
  Scientific name: Andrographis paniculata (Burm. f) Nees
  Part: herba segar
  Dose: 15 lembar daun/hari

Preparation:
bahan diseduh dengan 1 cangkir air mendidih, diamkan, saring dan diminum sekaligus.

Safety Information:
Contraindications: kehamilan, menyusui, alergi, anak
Warnings: hati-hati pada pasien yang diterapi obat pengencer darah
Side effects: dosis besar menimbulkan rasa tidak enak di perut, mual, muntah, tidak nafsu makan mungkin karena rasa pahitnya, alergi.","Act as an ethnobotany expert. Provide a detailed explanation on how to prepare Sambiloto (Andrographis paniculata) to treat Encok /Pegal Linu (gout and rheumatic pain). Adhere strictly to the following parameters:

{""task"": ""preparation"", ""language"": ""en"", ""indication"": ""Encok /Pegal Linu""}

Your response must:
1. Define any technical botanical or medical terms used.
2. Break down the preparation process into clear, manageable steps.
3. Maintain an authoritative yet accessible tone suitable for someone seeking traditional medicinal advice.
4. Ensure all instructions are safe and clearly distinguish between traditional usage and modern medical warnings.","### Traditional Preparation of Sambiloto for Encok and Pegal Linu

The use of *Andrographis paniculata*, commonly known as Sambiloto or the ""King of Bitters,"" is a deeply rooted traditional practice in Southeast Asia for managing inflammation and pain. When addressing conditions locally referred to as *Encok* (gout) and *Pegal Linu* (rheumatic pain), it is vital to approach this remedy with significant caution. The following information bridges traditional ethnobotanical knowledge with modern clinical safety standards.

#### 1. Terminology and Definitions

To ensure clarity and safety, the following technical terms are defined:

*   **Sambiloto (*Andrographis paniculata*):** A medicinal herb containing active compounds called **andrographolides**, which are studied for their potential anti-inflammatory and immune-modulating effects.
*   **Andrographolide:** The primary active diterpene lactone in Sambiloto responsible for its medicinal effects, specifically its ability to inhibit inflammatory cytokines.
*   **Encok:** An Indonesian term often corresponding to **Gout**. This is a form of inflammatory arthritis caused by the accumulation of **uric acid** crystals in the joints, leading to sudden, severe pain, redness, and tenderness.
*   **Pegal Linu:** A traditional term describing general body aches, stiffness, and **rheumatic pain** affecting the joints, muscles, and connective tissues.
*   **Decoction:** A method of extraction by boiling plant material to dissolve the active medicinal compounds, resulting in a stronger preparation than a simple tea infusion.
*   **Anti-inflammatory:** A property that reduces swelling, redness, and pain in the body.

#### 2. Critical Safety and Medical Context

Before attempting any preparation, please consider the following medical warnings. Traditional usage does not guarantee safety for every individual, and the boundary between a therapeutic dose and a harmful dose can be narrow.

*   **Medical Supervision:** Gout (*Encok*) is a metabolic condition that can lead to kidney damage if uric acid levels are not managed correctly. Herbal remedies should never replace prescribed medication without consulting a physician.
*   **Contraindications:** Sambiloto is **not safe** for pregnant or breastfeeding women, as it may stimulate the uterus. It should also be avoided by individuals with autoimmune diseases (as it may stimulate the immune system), those with low blood pressure, or individuals scheduled for surgery.
*   **Drug Interactions:** Use extreme caution if you are taking **anticoagulants** (blood thinners), **antihypertensives** (blood pressure medications), or immunosuppressants, as Sambiloto may amplify their effects. It may also interact with specific gout medications like allopurinol or colchicine.
*   **Side Effects:** Excessive consumption can lead to digestive upset, nausea, vomiting, loss of appetite, fatigue, and allergic reactions. Long-term high-dose use may affect liver enzymes.

#### 3. Traditional Preparation Protocol: Internal Decoction

If a healthcare provider has confirmed that herbal supplementation is safe for your specific condition, the following steps outline the traditional preparation method. Precision is essential to avoid toxicity.

**Materials Required:**
*   5 to 10 grams of dried Sambiloto leaves (preferred for dosage consistency) or 15 to 30 grams of fresh mature leaves.
*   600 to 1000 milliliters (approx. 2.5 to 4 cups) of clean water.
*   A non-reactive pot (stainless steel or glass; avoid aluminum to prevent chemical reactions).
*   A fine strainer.

**Step-by-Step Instructions:**

1.  **Sourcing and Cleaning:** Ensure the plant material is correctly identified. Rinse the leaves thoroughly under cool, running water to remove dust and impurities. If using dried leaves, inspect for mold.
2.  **Measurement:** Place the leaves in the pot and add the water. Starting with a weaker concentration is advisable to assess tolerance.
3.  **Boiling (Decoction):** Bring the water to a boil over medium heat. Once boiling, reduce the heat to low.
4.  **Extraction Time:** Let the mixture simmer gently for 15 to 20 minutes. The water should reduce slightly (up to half) and turn a dark greenish-brown color. This process extracts the andrographolides effectively.
5.  **Straining:** Remove the pot from the heat. Strain the liquid into a clean container, discarding the spent plant material.
6.  **Cooling and Consumption:** Allow the liquid to cool to a warm or room temperature before consumption. Sambiloto is intensely bitter; while adding honey is a common practice, individuals with gout should be cautious with sugar intake, as fructose can exacerbate uric acid levels. 
    *   *Dosage:* Traditionally, the resulting liquid is divided into two or three doses consumed throughout the day after meals. Do not use continuously for more than 5 to 7 days without a break. Prolonged use requires medical monitoring of liver and kidney function.

#### 4. Traditional Preparation Protocol: External Poultice

For localized pain in specific joints, a topical application can complement the internal decoction without systemic side effects.

**Materials Required:**
*   A handful of fresh Sambiloto leaves.
*   A mortar and pestle or a clean stone.
*   Clean cloth or gauze.

**Step-by-Step Instructions:**

1.  **Preparation:** Wash the fresh leaves thoroughly.
2.  **Crushing:** Pound the leaves using the mortar and pestle until they form a moist, thick paste. The goal is to break the cell walls to release the plant juices.
3.  **Application:** Apply the paste directly to the affected, swollen joint.
4.  **Binding:** Wrap the area loosely with the clean cloth or gauze to keep the poultice in place.
5.  **Duration:** Leave the poultice on for 30 to 60 minutes. Monitor the skin closely; if burning, itching, or redness occurs, remove it immediately.
6.  **Cleaning:** Wash the area with warm water after removal.

#### 5. Monitoring and Concluding Advisory

While Sambiloto possesses recognized anti-inflammatory properties that may offer symptomatic relief for *Pegal Linu* and the pain associated with *Encok*, it does not necessarily lower uric acid levels directly. Therefore, it addresses the inflammation rather than the root metabolic cause of gout.

Please treat this preparation with respect. Monitor your body closely—if you experience dizziness, severe stomach pain, rash, or worsening joint pain, discontinue use immediately and seek medical attention. Prioritize professional medical diagnosis and treatment plans, using traditional remedies only as a complementary measure under informed supervision.","{""task"": ""preparation"", ""language"": ""en"", ""indication"": ""Encok /Pegal Linu""}",,
"Sebagai pakar etnobotani, jelaskan cara membuat ramuan dari Kencur untuk mengobati Encok /Pegal Linu.","Untuk mengobati Encok /Pegal Linu menggunakan Kencur:
Bahan:
- Kencur
  Nama ilmiah: Kaempferia galanga L.
  Bagian: rimpang
  Dosis: 3 x 5 g rimpang/hari, sebelum makan

Cara Pembuatan:
bahan dihaluskan sampai menjadi serbuk, diseduh dengan 1 cangkir air mendidih, diamkan, saring dan diminum selagi hangat sebelum makan.

Informasi Keamanan:
Larangan: alergi, kehamilan, gangguan perut kronik
Efek samping: rasa terbakar di perut","Sebagai pakar etnobotani, jelaskan secara rinci cara pembuatan ramuan dari Kencur untuk mengobati Encok atau Pegal Linu. Harap sertakan langkah-langkah persiapan, bahan pendukung, dan metode aplikasi yang tepat.

{""task"": ""preparation"", ""language"": ""id"", ""indication"": ""Encok /Pegal Linu""}","Merawat tubuh yang terasa kaku dan nyeri akibat encok atau pegal linu adalah bentuk kasih sayang kita terhadap diri sendiri. Kencur (*Kaempferia galanga*), dengan aroma khasnya yang menenangkan, telah lama menjadi sahabat setia dalam meredakan ketegangan otot dan sendi. Berikut adalah panduan lengkap dan lembut untuk menyiapkan ramuan tradisional ini, menggabungkan kearifan leluhur dengan langkah-langkah praktis yang aman Anda lakukan di rumah.

### Persiapan Bahan dan Alat

Sebelum memulai, mari siapkan segala sesuatunya dengan hati-hati. Kualitas bahan sangat menentukan khasiat ramuan.

**Bahan Utama:**
*   **Rimpang Kencur Segar:** Pilihlah kencur yang tua (kulitnya sedikit keriput dan warnanya lebih gelap), berukuran sekitar 5-7 cm. Kencur tua memiliki kandungan minyak atsiri dan senyawa etil p-metoksisinamat yang lebih tinggi, yang berperan penting sebagai anti-inflamasi alami.
*   **Air Bersih:** Sekitar 2 gelas (400-500 ml). Gunakan air matang atau air mineral untuk memastikan kebersihan.

**Bahan Pendukung (Opsional namun Disarankan):**
*   **Jahe Merah (2 ruas jari):** Ditambahkan untuk memberikan efek hangat yang lebih dalam dan melancarkan peredaran darah di area yang nyeri.
*   **Gula Aren atau Madu Murni (1 sendok makan):** Untuk menyeimbangkan rasa pedas kencur dan memberikan energi tambahan. Madu juga memiliki sifat antibakteri ringan.
*   **Sedikit Garam Laut:** Sejumput kecil saja, berfungsi sebagai elektrolit dan membantu penyerapan mineral.

**Alat:**
*   Pisau bersih dan talenan.
*   Ulekan dan cobek (batu atau tanah liat lebih disarankan daripada blender untuk menjaga tekstur dan ""jiwa"" dari rimpang, serta mencegah oksidasi berlebih).
*   Panci kecil (tahan panas, sebaiknya kaca, enamel, atau tanah liat; hindari aluminium jika memungkinkan).
*   Saringan kain bersih atau saringan teh halus.
*   Gelas saji.

### Langkah-Langkah Pembuatan

Ikuti alur ini dengan tenang, seolah-olah Anda sedang melakukan ritual perawatan diri.

1.  **Pembersihan yang Teliti**
    Cuci bersih rimpang kencur (dan jahe jika digunakan) di bawah air mengalir. Sikat perlahan bagian celah-celah tanah yang menempel pada kulitnya. Tidak perlu mengupas habis kulitnya jika sudah bersih, karena banyak zat aktif terdapat tepat di bawah lapisan kulit luar. Cukup kerik bagian yang kotor atau menghitam.

2.  **Penghancuran Rimpang**
    Potong kecil-kecil rimpang kencur tersebut. Kemudian, tumbuk menggunakan ulekan hingga hancur dan mengeluarkan sari serta aromanya yang tajam. Menumbuk lebih baik daripada memarut karena tidak merusak struktur sel secara berlebihan dan menghindari panas gesekan yang bisa menguapkan minyak atsiri terlalu cepat. Jika Anda menggunakan jahe, tumbuk bersamaan atau terpisah lalu digabung.

3.  **Proses Perebusan (Ekstraksi)**
    Masukkan hasil tumbukan kencur ke dalam panci bersama 2 gelas air. Nyalakan api sedang. Biarkan air mendidih perlahan. Setelah mendidih, kecilkan api ke tingkat paling rendah dan biarkan simmer (mendidih pelan) selama 10–15 menit. Tutup panci sebagian untuk menahan uap aromatik yang bermanfaat bagi pernapasan, namun biarkan sedikit celah agar tekanan tidak terlalu tinggi. Proses ini akan menarik sari pati dan minyak atsiri keluar ke dalam air.

4.  **Penyaringan dan Penambahan Rasa**
    Matikan api. Biarkan ramuan istirahat sejenak selama 2-3 menit hingga suhu sedikit turun namun masih hangat. Saring air rebusan ke dalam gelas menggunakan kain bersih atau saringan halus untuk memisahkan ampas. Saat air masih hangat (bukan mendidih), tambahkan gula aren atau madu serta sejumput garam. Aduk perlahan hingga larut.

### Metode Aplikasi dan Penggunaan

Untuk mendapatkan hasil terbaik dalam meredakan encok atau pegal linu, konsistensi dan cara konsumsi sangat penting.

*   **Konsumsi Internal:**
    Minumlah ramuan ini selagi hangat, 2 kali sehari (pagi setelah sarapan dan sore hari). Rasa hangatnya akan membantu melebarkan pembuluh darah, meningkatkan sirkulasi ke otot yang kaku, dan memberikan rasa nyaman dari dalam. Rasa pedas khas kencur akan memberikan sensasi hangat yang menjalar, membantu mengendurkan otot yang tegang.

*   **Aplikasi Eksternal (Kompres Hangat):**
    Jangan buang ampas sisa saringan sepenuhnya. Anda bisa membungkus ampas hangat tersebut dengan kain tipis bersih, lalu kompreskan langsung pada bagian tubuh yang terasa ngilu atau bengkak selama 15–20 menit. Panas residual dan sisa minyak atsiri pada ampas akan meresap melalui pori-pori kulit, memberikan efek analgesik lokal yang kuat.

*   **Pijatan Ringan:**
    Setelah minum ramuan dan melakukan kompres, lakukan pijatan sangat lembut di area yang sakit menggunakan minyak kelapa atau minyak gosok tradisional. Ini membantu mendistribusikan kehangatan dan melancarkan aliran energi.

### Catatan Penting untuk Keamanan

Meskipun alami, tubuh setiap orang unik.
*   Jika Anda memiliki riwayat maag akut atau gangguan lambung, pastikan Anda sudah makan sebelum meminum ramuan ini, karena kencur bersifat agak pedas dan dapat memicu asam lambung jika perut kosong.
*   Hentikan penggunaan jika muncul reaksi alergi seperti gatal-gatal atau rasa tidak nyaman yang berlebihan.
*   Ramuan ini paling baik dikonsumsi segera setelah dibuat untuk mendapatkan khasiat maksimal. Jika terpaksa disimpan, simpan dalam termos tertutup hangat dan habiskan dalam waktu 12 jam.

Semoga ramuan sederhana ini membawa kehangatan dan keringanan bagi tubuh Anda. Dengarkan sinyal tubuh Anda; istirahat yang cukup juga merupakan bagian tak terpisahkan dari proses penyembuhan ini.","{""task"": ""preparation"", ""language"": ""id"", ""indication"": ""Encok /Pegal Linu""}",,
"Minangka ahli etnobotani, nerangake carane nggawe jampi saka Belimbing kanggo nambani kukul.","Kanggo nambani kukul nggunakake Starfruit:
Bahan:
- Belimbing
  Jeneng ilmiah: Averrhoa blimbiL
  Bagean: woh seger
  Dosis: 3 x 2 lembar / dina.

Cara Nggawe:
tlatah bahan kasebut, tambahake banyu uyah sethithik, banjur gosok ing wilayah sing kena.","Minangka ahli etnobotani, mangga nerangaken kanthi rincik caranipun damel jampi saking Belimbing Wuluh kangge nambani kukul.

Konstrèn ingkang kedah dipun tundhuti:
- Basa: Jawi Krama Inggil.
- Jeneng jamu: Belimbing Wuluh.
- Target penyakit: Kukul.
- Struktur wangsulan: Jelas, runtut, lan ngemot bahan-bahan sarta langkah-langkah pamrosesan.

Data tugas:
{""task"": ""preparation"", ""language"": ""jv"", ""jv_herb_name"": ""Belimbing Wuluh"", ""register"": ""Krama_Inggil""}","Sampun dados warisan leluhur ingkang mulya, bilih alam punika nyedhiyakaken tetuwuhan ingkang migunani sanget kangge njagi kesehatan kulit, kalebet kangge nambani kukul. Belimbing Wuluh gadhah watak ingkang adem lan kandhutan asam sarta antioksidan ingkang saged mbantu ngresiki kulit, ngirangi radhang, lan nyuda rasa gatel kanthi alami.

**Bahan-bahan ingkang kedah dipun siapaken:**
1. Woh Belimbing Wuluh ingkang seger saha taksih enom (warninipun ijo), cacah 2 dumugi 3 woh.
2. Sarem laut sakedhik kemawon, kangge nambah daya resik sarta ngicalaken kuman.
3. Madu murni setetes (menawi wonten), kangge njagi kelembapan kulit supados boten garing.
4. Toya resik ingkang sampun godhog, kangge mbilas.

**Tata Cara Ndamelipun:**

1. **Nyucikaken Bahan:** Kumbah woh Belimbing Wuluh ngginakaken toya ingkang mili ngantos resik saking lebu utawi regedan ingkang meleket.

2. **Ngolah Bahan:** Wonten kalih cara ingkang saged dipun pilih:
   - **Cara Numbuk:** Iris woh Belimbing Wuluh alit-alit, lajeng tumbuk ngantos alus lan medal toyanipun. Menawi kersa, saring ampasipun, nanging ampas ugi saged dipun agem kangge lulur alus.
   - **Cara Godhogan:** Menawi kukulipun wiyar, godhog woh Belimbing Wuluh kaliyan toya resik ngantos toyanipun suda lan kenthel. Toya godhogan dipun enggal-nggalaken kangge ngompres.

3. **Nyampur:** Campuraken asil tumbukan utawi perasan kaliyan sarem sakedhik lan madu menawi wonten. Aduk ngantos rata.

4. **Ngagem:** Saderengipun diolesaken, pastikaken rai sampun resik saking lebu utawi lenga. Olesaken ramuan dhumateng bagéan rai ingkang wonten kukulipun kanthi alon saha lembut. Sampun ngantos nggosok keras supados kulit boten iritasi.

5. **Ngendelaken:** Kendelaken ramuan kirang langkung 10 dumugi 15 menit. Menawi rumaos perih sanget, enggal-enggal dipun bilas.

6. **Mbilas:** Bilas rai ngginakaken toya resik ngantos tuntas, lajeng garingaken ngginakaken andhuk ingkang alus kanthi cara dipun tepuk-tepuk alon.

Jampi punika saged dipun agem kaping kalih sedinten, enjang lan sonten, kanthi ajeg. Menawi kulit Panjenengan sensitif, sumangga nyoba sakedhik rumiyin ing bagéan kulit ingkang alit. Tetepa njagi pola dhahar saha istirahat ingkang cekap supados asilipun langkung maksimal. Mugi-mugi kulit Panjenengan enggal waras lan katingal seger bali.","{""task"": ""preparation"", ""language"": ""jv"", ""jv_herb_name"": ""Belimbing Wuluh"", ""register"": ""Krama_Inggil""}",,
"As an ethnobotany expert, explain how to prepare Kunyit to treat Letih Lesu.","To treat Letih Lesu using Kunyit:
Ingredients:
- Kunyit
  Scientific name: Curcuma domestica Val
  Part: rimpang
  Dose: a) 3 x 1,5-3 g/hari, diminum 1 jam sebelum makan b) 3 x 15 g rimpang segar/hari, diminum 1 jam sebelum makan

Preparation:
a) Bahan kering ditumbuk menjadi serbuk, diseduh dengan 1 cangkir air mendidih, diamkan, saring dan diminum selagi hangat. b) Bahan dihaluskan, rebus dengan 3 gelas air sampai menjadi 1 gelas, dinginkan, saring dan diminum.

Safety Information:
Contraindications: alergi dan batu empedu
Warnings: kehamilan dan menyusui
Side effects: alergi","Act as an ethnobotany expert. Explain how to prepare Kunyit (turmeric) to treat Letih Lesu (a traditional Malay term for chronic fatigue or lethargy).

Please structure your response as follows:
1. **Definition of Terms**: Briefly define Kunyit and Letih Lesu in the context of traditional medicine.
2. **Preparation Method**: Provide clear, step-by-step instructions on how to prepare the remedy.
3. **Usage Guidelines**: Explain the recommended dosage and method of consumption.
4. **Safety & Precautions**: Note any potential side effects or contraindications.

Context Data:
{""task"": ""preparation"", ""language"": ""en"", ""indication"": ""Letih Lesu""}","### 1. Definition of Terms

**Kunyit (*Curcuma longa*):** In the tradition of Southeast Asian herbalism, Kunyit refers to the fresh or dried rhizome of the turmeric plant. Revered not merely as a culinary spice but as a vital restorative agent, its golden flesh contains curcuminoids—compounds valued for their ability to reduce inflammation, cleanse the blood, and support the body's natural energy pathways. 

**Letih Lesu:** This is a traditional Malay and Indonesian concept describing a state of profound weariness that goes beyond ordinary tiredness. It encompasses a heaviness in the limbs, mental fog, and a lack of vital energy (*semangat*). Often viewed as a depletion of the body's reserves or a buildup of stagnation, it requires deep nourishment and restoration rather than simple rest.

### 2. Preparation Method

To effectively address *Letih Lesu*, the preparation must honor both the chemical properties of the root and the traditional wisdom of extraction. Fresh rhizome is preferred over powder for its potency and vital energy. This simple *Jamu* decoction is prepared as follows:

**Ingredients:**
*   2 to 3 inches of fresh Kunyit root
*   2 to 3 cups of clean water (or coconut milk for a richer, more nourishing tonic)
*   A pinch (about 1/4 teaspoon) of freshly ground black pepper 
*   1 tablespoon of raw honey or Gula Melaka (palm sugar)
*   *(Optional)* 1 inch of fresh ginger (Halia), sliced, to add warming properties

**Steps:**
1.  **Cleanse and Prepare:** Thoroughly wash the Kunyit (and ginger, if using) under running water to remove all soil. Rather than heavily peeling the root, gently scrape the skin or leave it on if organic; this preserves the delicate volatile oils. Slice the root thinly or grate it to increase the surface area for extraction.
2.  **Simmer:** Place the prepared root into a pot with the water or coconut milk. Bring it to a boil, then immediately reduce the heat to a gentle simmer. Allow it to simmer uncovered for 10 to 15 minutes until the liquid turns a deep, vibrant gold. Avoid vigorous boiling, which can degrade the beneficial oils.
3.  **Strain:** Remove the pot from the heat and pour the liquid through a fine sieve or cheesecloth into a cup, pressing the solids gently to release any remaining essence.
4.  **Activate and Sweeten:** While the liquid is still warm, stir in the black pepper. The piperine in the pepper is essential, as it significantly enhances the body's ability to absorb the curcumin. Add the honey or palm sugar once the tonic has cooled slightly to preserve the beneficial enzymes in the honey.

### 3. Usage Guidelines

*   **Dosage:** Drink one cup (approximately 200–250 ml) of this tonic once daily. Consistency is key; traditional remedies work cumulatively. It is recommended to maintain this routine for 7 to 14 days to feel a significant shift in energy levels.
*   **Timing:** The remedy is most effective when consumed warm in the morning on an empty stomach to gently awaken the system, or in the early evening to support recovery during rest. Avoid drinking it immediately before sleep, as it may be too stimulating for some.
*   **Method:** Sip the tonic slowly and mindfully. Allow the warmth to penetrate the body and settle in your stomach, soothing the digestive tract and promoting circulation. Pay attention to how your body responds; you should feel a gradual lightening of the limbs and a return of steady energy.

### 4. Safety & Precautions

While Kunyit is a gentle, food-based remedy, it is powerful and requires respect regarding its interaction with the body. Please keep the following in mind:

*   **Staining:** Fresh turmeric easily stains skin, clothing, and utensils. Handle the root with care and wash promptly after preparation.
*   **Digestive Sensitivity:** In some individuals, concentrated turmeric on an empty stomach may cause mild acid reflux or gastric discomfort. If this occurs, try consuming the remedy after a light meal.
*   **Medical Interactions:** Turmeric has natural blood-thinning properties. If you are taking anticoagulant medications (e.g., warfarin) or have a scheduled surgery, please consult a healthcare provider before using this remedy regularly.
*   **Gallbladder Conditions:** Those with gallstones or bile duct obstructions should exercise caution, as turmeric can stimulate bile production.
*   **Pregnancy:** While culinary amounts are safe, medicinal doses during pregnancy should only be taken under the guidance of a qualified midwife or doctor.

Listen to your body with kindness. *Letih Lesu* can sometimes indicate underlying health conditions; if fatigue persists despite rest and herbal support, please seek professional medical evaluation.","{""task"": ""preparation"", ""language"": ""en"", ""indication"": ""Letih Lesu""}",,
"As an ethnobotany expert, explain how to prepare Cabe Jawa to treat Lemah Syahwat.","To treat Lemah Syahwat using Cabe Jawa:
Ingredients:
- Cabe Jawa
  Scientific name: Piper retrofractum Vahl.
  Part: buah
  Dose: 1 x 2,5 -5 g buah kering sebelum beraktivitas

Preparation:
bahan ditumbuk halus, diseduh dengan air panas, diminum selagi hangat.

Safety Information:
Warnings: alergi
Side effects: bila serbuknya terhisap, dapat menimbulkan sesak napas","As an ethnobotany expert, provide a detailed guide on preparing Cabe Jawa (Piper retrofractum) to address Lemah Syahwat (a traditional term for low libido or sexual weakness). Your response must include:

1. **Ingredient Identification**: Confirm the botanical identity of Cabe Jawa and any complementary ingredients traditionally used.
2. **Preparation Method**: Step-by-step instructions for processing the herb (e.g., drying, grinding, boiling, or fermenting) specific to this indication.
3. **Dosage and Administration**: Traditional guidelines for consumption frequency and quantity.
4. **Safety and Contraindications**: Potential side effects, interactions, or groups who should avoid this remedy.
5. **Cultural Context**: Briefly explain the traditional basis for using this herb for this specific condition.

Ensure the tone is professional, informative, and respectful of traditional knowledge while prioritizing user safety. 

User Task Parameters:
{""task"": ""preparation"", ""language"": ""en"", ""indication"": ""Lemah Syahwat""}","**Important Medical Disclaimer:** The following information is provided for educational and ethnobotanical reference only. It does not constitute medical advice, diagnosis, or treatment. Sexual dysfunction can be a symptom of underlying cardiovascular, hormonal, or psychological conditions. Always consult a qualified healthcare provider before initiating any herbal regimen, especially if you are taking medication or have pre-existing health conditions.

### 1. Ingredient Identification

**Primary Herb:**
*   **Common Name:** Cabe Jawa (Indonesian Long Pepper).
*   **Botanical Name:** *Piper retrofractum* Vahl.
*   **Part Used:** The mature, dried fruit spikes (inflorescence). It is distinguishable from common black pepper (*Piper nigrum*) by its elongated, cylindrical shape and sweeter, more complex heat profile.

**Complementary Ingredients:**
In traditional Jamu, Cabe Jawa is rarely used in isolation for *Lemah Syahwat*. It is traditionally synergized with:
*   **Zingiber officinale (Jahe Merah/Red Ginger):** To enhance warming properties and stimulate circulation.
*   **Apis mellifera (Madu/Honey):** Used as a carrier to mitigate the herb's pungency, soothe the gastric lining, and provide immediate energy.
*   **Alpinia galanga (Galangal):** Often included to support overall metabolic vigor.
*   **Optional additions:** *Piper nigrum* (Black Pepper) to increase bioavailability, or *Eurycoma longifolia* (Tongkat Ali) for added male vitality support.

### 2. Preparation Method

Traditional preparation emphasizes extracting active alkaloids, such as piperine, while ensuring the material is clean and stable. 

**Step 1: Selection and Cleaning**
Source dried Cabe Jawa spikes that are firm, dark brown to black, and free from mold. Gently rinse under cool water to remove surface dust and pat dry. If the material is not fully dried, air-dry it in a shaded, well-ventilated area for several days; avoid direct sunlight, which can degrade volatile oils.

**Step 2: Size Reduction**
Lightly crush 3 to 5 grams of the dried spikes using a mortar and pestle. This increases the surface area for extraction while keeping the pieces coarse enough to filter out easily later.

**Step 3: Decoction (Rebusan)**
1. Place the crushed spikes in a non-reactive pot (stainless steel or glass) with 500 ml of clean water. Add 10 grams of sliced fresh red ginger if using.
2. Bring to a boil, then reduce the heat to a gentle simmer.
3. Allow the liquid to simmer for 15 to 20 minutes. The water will reduce slightly and darken in color.
4. Remove from heat and strain the liquid through a fine mesh or cheesecloth.
5. Stir in one tablespoon of raw honey while the liquid is warm (not boiling) to preserve the honey's enzymatic properties.

*Alternative Paste Method:* Pulverize the dried spikes into a fine powder using a sterile grinder. Mix approximately 1/4 to 1/2 teaspoon (0.5 to 1 gram) of the powder with one tablespoon of honey until homogeneous. 

### 3. Dosage and Administration

Traditional guidelines emphasize caution due to the herb's potency and potential for overstimulation.

*   **Quantity:** 100 ml to 150 ml of the prepared decoction, or 0.5 to 1 gram of the powder/honey paste.
*   **Frequency:** Once daily, typically in the morning or early evening. 
*   **Administration:** Consume after a light meal to minimize the risk of gastric irritation.
*   **Duration:** Traditional use strongly advises against continuous long-term use. A common cycle involves 7 to 14 days of consumption followed by a break of at least one week to prevent the body from developing a tolerance and to avoid the accumulation of excess internal ""heat.""

### 4. Safety and Contraindications

*Piper retrofractum* possesses strong pharmacological activity and must be treated with significant caution.

*   **Thermal Effects:** In traditional medicine, Cabe Jawa is classified as ""hot."" Overuse can lead to symptoms of excess heat, including mouth ulcers, sore throat, sweating, flushing, or nosebleeds. Additionally, inhaling the fine powder can cause shortness of breath.
*   **Gastrointestinal Distress:** The high piperine content can cause heartburn, acid reflux, or gastric irritation. It is contraindicated for individuals with gastritis, peptic ulcers, or severe GERD.
*   **Drug Interactions:** Piperine is known to inhibit certain cytochrome P450 enzymes (such as CYP3A4), which can alter the metabolism of prescription medications. It may potentiate the effects of anticoagulants, antihypertensives, and diabetes medications (potentially leading to hypoglycemia). 
*   **Contraindications:** Not recommended for pregnant or breastfeeding women (as it may stimulate uterine activity), individuals with uncontrolled hypertension or heart conditions, or those with severe kidney impairment. Discontinue use at least two weeks prior to any scheduled surgery.
*   **Immediate Discontinuation:** Cease use immediately and seek medical attention if you experience severe heartburn, dizziness, rash, or palpitations.

### 5. Cultural Context

In Javanese traditional medicine, health is often viewed through the lens of balance between opposing forces—hot (*panas*) and cold (*dingin*). *Lemah Syahwat* is traditionally interpreted not merely as a localized physical malfunction, but as a systemic deficiency of internal heat or vital energy (*tenaga*). 

Cabe Jawa is highly regarded as an *obat kuat* (strength medicine) due to its pungent, warming nature. By stimulating blood flow and warming the body's core, it is believed to awaken dormant vitality and dispel the stagnation or ""coldness"" associated with low libido. This approach is inherently holistic; the herb is seldom viewed as a standalone cure but rather as part of a broader lifestyle adjustment involving diet, rest, and stress management to restore systemic balance.","{""task"": ""preparation"", ""language"": ""en"", ""indication"": ""Lemah Syahwat""}",['sexual'],['sexual']
"As an ethnobotany expert, explain how to prepare Kayu Manis to treat Nyeri Haid (Dysmenorrhoea).","To treat Nyeri Haid (Dysmenorrhoea) using Kayu Manis:
Ingredients:
- Kayu Manis
  Scientific name: Cinnamomum burmanii (Ness & Th. Nees)
  Part: kulit batang
  Dose: 2 x 2 g kulit batang/hari

Preparation:
rebus bahan dengan 2 gelas air sampai tinggal 1 gelas, dinginkan, saring dan bagi menjadi 2 bagian.

Safety Information:
Contraindications: tukak lambung/usus 12 jari, demam yang tidak jelas penyebabnya, kehamilan, menyusui, alergi
Warnings: hati-hati pada penyakit kencing manis, harus konsultasi dokter terlebih dahulu.
Side effects: alergi","As an ethnobotany expert, explain how to prepare Kayu Manis to treat Nyeri Haid (Dysmenorrhoea).

Please adhere to the following constraints:
- **Role**: Act as a specialized ethnobotanist with deep knowledge of traditional herbal remedies.
- **Topic**: Provide a detailed guide on the preparation of ""Kayu Manis"" (Cinnamon) specifically for alleviating ""Nyeri Haid"" (Dysmenorrhoea/menstrual pain).
- **Content Requirements**:
  - Define key technical terms and vocabulary used in the explanation.
  - Break down the preparation process into clear, manageable steps.
  - Include information on dosage, method of administration, and any relevant safety precautions or contraindications.
- **Language**: English.
- **Tone**: Professional, informative, and culturally respectful.

Reference Data:
{""task"": ""preparation"", ""language"": ""en"", ""indication"": ""Nyeri Haid (Dysmenorrhoea)""}","### Understanding Kayu Manis and Nyeri Haid

In the rich tapestry of Southeast Asian traditional medicine, **Kayu Manis** (Cinnamon) holds a revered place, particularly for women's health. To understand its application, we must first clarify the terminology surrounding this practice.

*   **Kayu Manis**: Literally translating to ""sweet wood,"" this refers to the dried inner bark of trees from the genus *Cinnamomum*. In our region, we primarily utilize *Cinnamomum burmannii* (Indonesian Cinnamon) or *Cinnamomum verum* (Ceylon Cinnamon). The former is more common locally and possesses a robust, slightly spicy-sweet profile, while the latter is milder and often preferred for daily consumption due to lower levels of certain compounds.
*   **Nyeri Haid (Dysmenorrhoea)**: This term describes the cramping pain in the lower abdomen that occurs before or during menstruation. In traditional humoral concepts, this pain is often associated with ""cold"" stagnation in the womb or poor circulation. The goal of treatment is to warm the uterus, improve blood flow, and relax the smooth muscles of the uterine wall.
*   **Cinnamaldehyde**: This is the primary bioactive compound in cinnamon responsible for its distinct aroma and its pharmacological ability to reduce inflammation and inhibit prostaglandins—the chemicals that trigger uterine contractions and pain.

### Preparation Guide: Kayu Manis Infusion for Menstrual Relief

The most effective and gentle method for administering Kayu Manis for Nyeri Haid is through a warm water infusion (decoction). This method extracts the volatile oils and water-soluble compounds without the harshness of alcohol-based tinctures, making it soothing for the digestive system, which is often sensitive during menstruation.

#### Ingredients and Tools
*   **Cinnamon Sticks**: 2 to 3 sticks (approximately 3–4 inches each). *Note: Whole sticks are preferred over powder to avoid sediment and allow for better control of potency.*
*   **Water**: 2 cups (500 ml) of fresh, clean water.
*   **Optional Enhancers**: A slice of fresh ginger (to enhance the warming effect) or a teaspoon of honey (to soothe the palate and provide gentle energy).
*   **Equipment**: A small stainless steel or glass pot, a strainer, and a covered mug.

#### Step-by-Step Process

1.  **Preparation of the Bark**:
    If using whole quills (sticks), gently crush them with the back of a heavy spoon or a mortar and pestle. You do not need to pulverize them into dust; simply cracking the bark open increases the surface area, allowing the hot water to penetrate and extract the essential oils more efficiently.

2.  **The Decoction**:
    Place the crushed cinnamon sticks (and ginger, if using) into the pot with the cold water. Bring the water to a boil over medium heat. Once boiling, immediately reduce the heat to low, cover the pot, and let it simmer gently for 10 to 15 minutes. You will notice the water turning a warm amber color and the air filling with a spicy, comforting aroma. This simmering time is crucial; too short, and the medicinal compounds remain trapped; too long, and the flavor may become overly astringent.

3.  **Steeping**:
    Turn off the heat but keep the pot covered. Let the mixture steep for an additional 5 to 10 minutes. This resting period allows the heavier compounds to settle and the temperature to drop to a drinkable warmth, preserving the delicate volatile oils that might evaporate at a rolling boil.

4.  **Straining and Serving**:
    Strain the liquid into a mug, discarding the solid bark pieces. If desired, stir in honey while the tea is still warm (never add honey to boiling water, as high heat can degrade its beneficial enzymes). Drink the tea while it is comfortably warm, not scalding.

### Dosage and Administration

*   **Timing**: Begin drinking this infusion 2 to 3 days before your expected period starts and continue through the first two days of menstruation, or whenever pain is present.
*   **Frequency**: Consume one cup (approx. 250 ml) twice daily—once in the morning and once in the early evening.
*   **Method**: Sip slowly. The warmth of the liquid itself aids in vasodilation (widening of blood vessels), which complements the chemical action of the cinnamon in relaxing uterine muscles.

### Safety Precautions and Contraindications

While Kayu Manis is a cherished household remedy, it is a potent botanical that requires respect and caution.

*   **Coumarin Content**: Common Indonesian cinnamon (*Cinnamomum burmannii*) contains higher levels of coumarin, a compound that can be harmful to the liver in very large doses over extended periods. While the dosage suggested above for short-term menstrual relief is generally considered safe for healthy adults, it is advisable not to consume this tea daily for weeks on end. If you plan to use cinnamon regularly, seek out Ceylon cinnamon (*Cinnamomum verum*), which has negligible coumarin levels.
*   **Blood Thinning**: Cinnamon has mild blood-thinning properties. If you are currently taking anticoagulant medication (such as warfarin) or have a bleeding disorder, consult a healthcare provider before using this remedy, especially if your menstrual flow is already heavy.
*   **Pregnancy**: While useful for menstrual pain, high doses of cinnamon are traditionally avoided during pregnancy as they may stimulate uterine activity. This remedy is strictly for non-pregnant individuals experiencing dysmenorrhoea.
*   **Gastric Sensitivity**: For some, the spiciness of cinnamon can irritate the stomach lining or exacerbate acid reflux. If you experience heartburn or gastric discomfort, discontinue use or reduce the concentration by adding more water.
*   **Allergic Reactions**: Though rare, some individuals may be allergic to cinnamon. Discontinue use immediately if you notice any rash, itching, or swelling.

This traditional preparation offers a gentle, warming approach to managing menstrual discomfort, bridging the gap between ancestral wisdom and physiological relief. However, if pain is severe, debilitating, or sudden in onset, it is essential to seek professional medical evaluation to rule out underlying conditions such as endometriosis or fibroids.","{""task"": ""preparation"", ""language"": ""en"", ""indication"": ""Nyeri Haid (Dysmenorrhoea)""}",,
"As an ethnobotany expert, explain how to prepare Purwoceng to treat Lemah Syahwat.","To treat Lemah Syahwat using Purwoceng:
Ingredients:
- Purwoceng
  Scientific name: Pimpinella pruatjan Molkenb.
  Part: daun
  Dose: 3 x 10 g daun/hari

Preparation:
rebus dengan 3 gelas air sampai tersisa 1 gelas, dinginkan, saring, diminum selagi hangat.

Safety Information:
Contraindications: gagal ginjal, hipertensi, kelainan jantung, obat lemah syahwat lainnya.
Warnings: konsumsi berlebihan mengakibatkan gangguan ginjal
Side effects: dosis rendah menyebabkan tidak bisa tidur, dosis tinggi bisa menyebabkan demam, gelisah.","As an ethnobotany expert, explain how to prepare Purwoceng to treat Lemah Syahwat.
{""task"": ""preparation"", ""language"": ""en"", ""indication"": ""Lemah Syahwat""}","Purwoceng (*Pimpinella pruatjan*) is a potent herb endemic to the Dieng Plateau in Central Java, historically valued in Javanese traditional medicine for supporting vitality and sexual function. The term ""Lemah Syahwat"" refers to a decline in sexual desire or performance, which can stem from various physiological or psychological causes. While traditional preparations exist, it is imperative to approach their use with significant caution, respecting both physiological safety and ecological conservation.

**Medical Considerations**
Before considering any herbal preparation, it is prudent to consult a qualified healthcare provider. Sexual dysfunction can be a symptom of underlying conditions such as cardiovascular disease, diabetes, or hormonal imbalances. Relying solely on herbal remedies without medical evaluation may delay necessary treatment. Furthermore, Purwoceng contains bioactive compounds that may interact dangerously with prescription medications, particularly nitrates, blood pressure drugs, blood thinners, and pharmaceutical treatments for erectile dysfunction, potentially leading to unsafe drops in blood pressure.

**Sourcing and Sustainability**
*Pimpinella pruatjan* is a critically endangered species due to overharvesting. It is essential to source plant material only from reputable, cultivated suppliers rather than wild collection. This ensures ecological preservation and reduces risks of misidentification or soil contamination. Wild harvesting is strongly discouraged.

**Traditional Preparation Method**
The dried root is the primary part utilized. The potency can vary based on the plant's age and drying process.

1.  **Material Preparation:** Use 5 to 10 grams of high-quality dried root. Gently brush off residual soil; avoid extensive washing to retain water-soluble compounds. Grind the root into a coarse powder using a sterile mortar and pestle.
2.  **Decoction:** Place the powder in a clay pot or stainless steel vessel (avoid aluminum to prevent chemical interactions). Add approximately 250 to 300 ml of filtered water.
3.  **Simmering:** Bring to a gentle boil, then reduce heat. Simmer for 10 to 15 minutes, allowing the liquid to reduce slightly and darken in color, ensuring proper extraction of active sterols and essential oils.
4.  **Straining and Serving:** Remove from heat and strain through a fine mesh or cheesecloth. The decoction is traditionally consumed warm. Pure honey or warm milk may be added to temper the bitter, pungent taste, though honey should be added after the liquid has cooled slightly to preserve its enzymatic properties.

**Usage Guidelines**
*   **Dosage:** Consume one cup (approximately 150ml) once per day.
*   **Timing:** Traditionally taken in the evening or before sleep.
*   **Duration:** Use should be intermittent. A cycle of 7 to 14 days is commonly advised, followed by a significant break to prevent overstimulation of the system. Continuous, long-term daily use without interruption is not recommended.

**Safety Warnings and Contraindications**
*   **Contraindications:** Individuals with hypertension, heart conditions, kidney issues, or a history of stroke should exercise extreme caution or avoid use entirely.
*   **Side Effects:** Excessive consumption or sensitivity may cause insomnia, palpitations, restlessness, dizziness, nausea, fever, or digestive discomfort. Discontinue use immediately if any adverse reactions occur.
*   **Holistic Perspective:** Addressing sexual health often requires a holistic approach. Adequate sleep, stress management, and nutrition are foundational. Herbal preparations should be viewed as complementary to, not a replacement for, a healthy lifestyle and professional medical care.","{""task"": ""preparation"", ""language"": ""en"", ""indication"": ""Lemah Syahwat""}",['sexual'],['sexual']
"Sebagai pakar etnobotani, jelaskan cara membuat ramuan dari Ketepeng Cina untuk mengobati Eksim.","Untuk mengobati Eksim menggunakan Ketepeng Cina:
Bahan:
- Ketepeng Cina
  Nama ilmiah: Cassia alata (L)
  Bagian: daun
  Dosis: 2 x 3-5 lembar/hari

Cara Pembuatan:
bahan dihaluskan, lalu digosokkan pada bagian yang sakit.

Informasi Keamanan:
Peringatan: kebersihan perorangan perlu diutamakan","Bertindaklah sebagai pakar etnobotani. Jelaskan secara rinci cara mempersiapkan dan membuat ramuan tradisional dari tanaman Ketepeng Cina (Senna alata) untuk mengobati Eksim.

Konteks Tugas:
{""task"": ""preparation"", ""language"": ""id"", ""indication"": ""Eksim""}

Pastikan penjelasan Anda mencakup:
1. Identifikasi bagian tanaman yang digunakan.
2. Langkah-langkah persiapan bahan.
3. Metode pembuatan ramuan.
4. Cara aplikasi pada kulit yang terkena eksim.
5. Catatan keamanan atau peringatan penting terkait penggunaannya.","Ketepeng Cina (*Senna alata*) telah lama dikenal dalam tradisi Nusantara untuk menangani keluhan dermatologis seperti eksim. Kandungan senyawa aktif seperti asam krisofanat dan antrakuinon pada tanaman ini memiliki sifat antimikroba, namun karena kondisi eksim yang sangat sensitif, penggunaannya memerlukan ketelitian dan kehati-hatian tinggi agar tidak memperparah iritasi. Berikut adalah panduan teknis persiapan dan penggunaannya.

### 1. Identifikasi Bagian Tanaman yang Digunakan
Bagian tanaman yang paling efektif dan aman untuk perawatan topikal adalah **daun segar matang** dan **bunga**.
*   **Daun:** Pilih daun yang telah dewasa berwarna hijau tua, sehat, dan bebas hama. Hindari daun yang terlalu muda karena getahnya dapat terlalu keras dan berisiko mengiritasi kulit sensitif.
*   **Bunga:** Bunga kuning segar dapat digunakan bersama daun untuk menambah sifat anti-inflamasi.
*   **Hindari:** Batang kayu yang keras atau akar, karena konsentrasi senyawa aktifnya berbeda dan kurang tepat untuk aplikasi topikal pada eksim.

### 2. Langkah-langkah Persiapan Bahan
Kebersihan bahan baku sangat krusial untuk mencegah infeksi sekunder pada kulit yang sedang meradang.
*   **Panen:** Petik daun dan bunga pada pagi hari setelah embun kering, saat kandungan minyak atsiri masih optimal. Pastikan tanaman berasal dari area yang bersih dari polusi atau paparan pestisida kimia.
*   **Pencucian:** Cuci bahan di bawah air mengalir yang bersih. Gosuk perlahan permukaan daun untuk menghilangkan debu dan kotoran mikro.
*   **Penirisan:** Buang daun yang menguning atau layu. Tiriskan hingga air permukaan hilang sepenuhnya agar konsentrasi sari tanaman saat direbus tidak menjadi terlalu encer.

### 3. Metode Pembuatan Ramuan
Untuk kulit yang sedang mengalami eksim, metode ekstraksi melalui **rebusan (dekok)** jauh lebih aman dibandingkan menghaluskan daun mentah menjadi pasta, karena panas dapat mengurangi potensi iritasi dari getah segar.

*   **Bahan:** 10–15 lembar daun Ketepeng Cina (sekitar 30 gram), segenggam bunga, dan 500 ml air bersih.
*   **Proses:**
    1. Masukkan daun dan bunga ke dalam panci stainless steel atau tanah liat (hindari wadah aluminium).
    2. Tuangkan air dan didihkan dengan api sedang.
    3. Setelah mendidih, kecilkan api dan biarkan mendidih perlahan selama 10–15 menit hingga air berubah warna menjadi kuning kecokelatan.
    4. Matikan api dan tutup panci. Biarkan hingga suhu air menjadi hangat kuku.
    5. Saring air rebusan menggunakan kain bersih atau saringan halus. Gunakan segera dalam waktu maksimal 24 jam karena tidak mengandung pengawet.

*Catatan:* Untuk eksim kering, daun kering dapat diinfuskan ke dalam minyak kelapa, namun rebusan air lebih direkomendasikan untuk eksim basah atau gatal akut agar tidak menyumbat pori.

### 4. Cara Aplikasi pada Kulit yang Terkena Eksim
Aplikasi harus dilakukan dengan sangat lembut untuk menghindari gesekan yang memperparah gatal atau peradangan.
*   **Uji Tempel (Patch Test):** Sebelum digunakan pada area luas, oleskan sedikit air rebusan pada area kulit kecil yang sehat (misalnya lengan bagian dalam). Tunggu 30 menit. Jika muncul kemerahan atau gatal berlebih, hentikan penggunaan.
*   **Pembersihan Awal:** Pastikan area kulit yang terkena eksim sudah dibersihkan dari keringat atau kotoran.
*   **Kompres atau Basuh:** Celupkan kain kasa steril atau kapas bersih ke dalam air rebusan hangat. Tempelkan pada area eksim selama 10–15 menit, atau gunakan air tersebut untuk membasuh area tersebut secara perlahan.
*   **Pengeringan:** Biarkan kulit kering secara alami atau tepuk-tepuk perlahan dengan handuk bersih yang lembut. Jangan menggosok kulit.
*   **Perawatan Lanjutan:** Setelah kulit kering, sangat disarankan untuk mengoleskan pelembap netral untuk mengunci hidrasi kulit, karena rebusan herbal cenderung memiliki efek mengeringkan.
*   **Frekuensi:** Lakukan 1 hingga 2 kali sehari.

### 5. Catatan Keamanan dan Peringatan Penting
Keselamatan pengguna harus selalu diutamakan. Tanaman obat tetap memiliki potensi efek samping jika tidak digunakan dengan benar.
*   **Jangan Dikonsumsi:** Ramuan ini mutlak hanya untuk pemakaian luar. Meminum rebusan Ketepeng Cina dapat menyebabkan efek laksatif kuat (diare) dan kram perut.
*   **Luka Terbuka:** Jangan aplikasikan pada kulit yang lecet parah, berdarah, atau memiliki luka terbuka yang dalam, karena dapat menimbulkan rasa perih signifikan dan risiko infeksi.
*   **Interaksi Obat:** Jangan mencampurkan ramuan ini dengan obat oles kimia (seperti kortikosteroid) tanpa jeda waktu atau saran dokter, karena dapat mengubah penyerapan obat.
*   **Kelompok Rentan:** Penggunaan pada anak-anak, ibu hamil, dan ibu menyusui sebaiknya dihindari atau harus di bawah pengawasan ketat tenaga medis, mengingat kulit mereka lebih permeabel.
*   **Bukan Pengganti Medis:** Ramuan ini bersifat suportif berdasarkan tradisi. Eksim adalah kondisi kompleks yang dipicu oleh berbagai faktor internal dan eksternal. Jika tidak ada perbaikan dalam 3–5 hari, atau kondisi justru memburuk, segera hentikan penggunaan dan konsultasikan dengan dokter spesialis kulit.","{""task"": ""preparation"", ""language"": ""id"", ""indication"": ""Eksim""}",,
"As an ethnobotany expert, explain how to prepare Brotowali to treat Kencing Manis.","To treat Kencing Manis using Brotowali:
Ingredients:
- Brotowali
  Scientific name: Tinospora crispa (L)
  Part: batang
  Dose: 2 x 7,5 g/hari.

Preparation:
bahan direbus dengan air 300 ml sampai menjadi separuhnya, dinginkan, saring dan diminum sekaligus.

Safety Information:
Contraindications: kehamilan dan menyusui
Warnings: gangguan fungsi hati
Side effects: mual dan muntah.","Act as an expert in ethnobotany. Provide a detailed explanation on how to prepare **Brotowali** (a traditional medicinal vine, *Tinospora crispa*) to treat **Kencing Manis** (a Malay/Indonesian term for diabetes mellitus). 

Adhere to the following specific parameters derived from the request:
{""task"": ""preparation"", ""language"": ""en"", ""indication"": ""Kencing Manis""}

Your response must:
1. Define the key terms (Brotowali and Kencing Manis) briefly.
2. Detail the step-by-step preparation method.
3. Maintain a professional, educational tone suitable for someone seeking traditional medical knowledge.
4. Be written entirely in English.","### Understanding the Terminology

**Brotowali** (*Tinospora crispa*) is a woody, climbing vine indigenous to Southeast Asia, characterized by its distinct bitter taste and warty stems. In traditional ethnobotanical practices, it is highly regarded for its potential hypoglycemic (blood sugar-lowering) properties.

**Kencing Manis** is a Malay and Indonesian term literally translating to ""sweet urine."" It refers to Diabetes Mellitus, a chronic metabolic disorder characterized by elevated blood glucose levels resulting from defects in insulin secretion or action. This condition requires rigorous management to prevent serious systemic complications.

### Critical Safety Considerations

Before detailing the preparation, it is imperative to approach the use of Brotowali with significant caution. While traditional use is widespread, modern clinical observation has identified potential risks:

1.  **Hepatotoxicity Risk:** Prolonged or high-dose consumption of *Tinospora crispa* has been linked to liver injury. Individuals with pre-existing liver conditions should avoid this remedy entirely.
2.  **Hypoglycemia Danger:** Because Brotowali can lower blood sugar, combining it with prescribed diabetes medications (such as insulin or metformin) can cause blood glucose levels to drop dangerously low.
3.  **Medical Supervision:** This preparation should never replace prescribed medication without the explicit consent and monitoring of a qualified healthcare provider. 

### Traditional Preparation Method

The traditional method for extracting the active compounds involves creating a water decoction. Precision in this process is necessary to manage the plant's potency and intense bitterness.

**Materials Required:**
*   Fresh or dried mature stems of Brotowali (approximately 10–15 grams, or a segment roughly 10–15 cm long)
*   Clean, potable water (approximately 600 ml)
*   A non-reactive pot (stainless steel, glass, or ceramic; avoid aluminum or iron)
*   A fine strainer or cheesecloth
*   A glass storage container

**Step-by-Step Procedure:**

1.  **Selection and Cleaning:** Choose mature, woody stems free of mold or damage. Wash them thoroughly under running water, using a soft brush if necessary, to remove all soil and debris.
2.  **Preparation of Plant Material:** Cut the stems into small, thin cross-sections (approximately 0.5 to 3 cm thick). Lightly crushing or splitting the segments longitudinally increases the surface area and facilitates the release of bioactive compounds during boiling.
3.  **Decoction:** Place the prepared stems into the pot and add the water. Bring to a boil over medium heat, then reduce to a simmer. Allow the mixture to simmer gently for 20 to 30 minutes, until the volume of the liquid reduces by roughly half (leaving approximately 300 ml). The liquid will take on a yellowish-brown hue.
4.  **Straining and Cooling:** Remove the pot from the heat and allow the liquid to cool slightly. Strain the decoction through a fine mesh or cheesecloth into a clean container, pressing the stems gently to extract remaining liquid. Discard the spent plant material.
5.  **Storage:** Allow the decoction to reach room temperature. Store in a sealed glass container in the refrigerator. It is recommended to prepare fresh batches every 24 to 48 hours to prevent microbial growth and compound degradation.

### Administration and Monitoring

**Dosage and Duration:**
The resulting liquid is extremely bitter. A cautious approach is to consume approximately 100 ml once daily, preferably before a meal. It is strongly advised to start with a smaller amount to assess individual tolerance. Do not consume this continuously for extended periods; traditional practice often suggests cycles, such as one week of use followed by a break. Continuous use beyond two weeks without medical supervision is discouraged due to the potential burden on the liver.

**Monitoring Protocols:**
*   **Blood Glucose:** Check blood sugar levels frequently, especially when initiating this regimen. Watch for signs of hypoglycemia, such as dizziness, sweating, confusion, or rapid heartbeat.
*   **Liver Function:** Be alert for symptoms of liver distress, including yellowing of the skin or eyes (jaundice), dark urine, pale stools, or unexplained fatigue. If any of these occur, discontinue use immediately and seek medical attention.

The management of *Kencing Manis* is a serious undertaking. While Brotowali holds a respected place in ethnobotanical history, its biological activity is potent and carries real risks. It should be viewed as a complementary approach only, utilized with sobriety and under strict medical observation.","{""task"": ""preparation"", ""language"": ""en"", ""indication"": ""Kencing Manis""}",,
"Minangka ahli etnobotani, nerangake carane nggawe jampi saka Lempuyang Wangi kanggo nambani pilek.","Kanggo nambani pilek nggunakake Lempuyang Wangi:
Bahan:
- Lempuyang Wangi
  Jeneng ilmiah: Zingiber aromaticum Valeton & Van Zijp.
  Bagian: rimpang seger
  Dosis: 2 x 1 jempol / dina

Cara Nggawe:
bahan sing wis dipun-tumbuk, digodhog nganggo banyu 2 gelas nganti suda dadi 1 gelas, dibagi dadi 2 bagian.","Minangka ahli etnobotani, sumangga nerangaken kanthi rinci lan jangkep babagan tata cara nyiapaken jampi saking Lempuyang Wangi kangge nambani lelara pilek. Atur panjenengan kedah ngginakaken Basa Jawa Krama Inggil.

Wonten ing andhap menika data tugas ingkang kedah dipun tindakaken:
{""task"": ""preparation"", ""language"": ""jv"", ""jv_herb_name"": ""Lempuyang Wangi"", ""register"": ""Krama_Inggil""}","Assalamu'alaikum warahmatullahi wabarakatuh. Sugeng pepanggihan, Panjenengan. Mugi-mugi Panjenengan tansah dipun paringi kasarasan lan kabingahan.

Babagan usadha saking Lempuyang Wangi (Zingiber aromaticum Valeton & Van Zijp) kangge nambani lelara pilek, menika warisan leluhur ingkang sampun kapuji khasiatipun. Minyak atsiri ingkang kebak wonten ing rimpangipun saged mbiyantu ngangetaken badan saha nglegakaken saluran pernapasan ingkang mampet.

Kangge nyiyapaken jampi menika kanthi leres, sumangga tindakaken tata cara ing ngandhap menika kanthi teliti:

1. **Milih Rimpang ingkang Saé:** Pilih rimpang Lempuyang Wangi ingkang sampun sepuh. Tandhanipun, kulitipun wernanipun kuning semu coklat utawi putih lan mboten keriput sanget. Nalika dipun pecah, ambetipun arum banget saha rasanipun pedhes anget, minangka tandha bilih minyak atsirinipun taksih kandel lan aktif.

2. **Ngresikaken:** Resikaken rimpang kasebut ngginakaken toya ingkang mili supados resik saking lebu. Lajeng kupas kulitipun alon-alon ngginakaken pisau ingkang resik.

3. **Ngiris utawi Ngeprek:** Iris rimpang wau tipis-tipis utawi dipun geprek. Tujuannipun supados sari-sarinipun gampil medal nalika proses panggodogan.

4. **Proses Nggodhog:** Siyapaken panci ingkang resik, langkung sae saking lempung utawi waja anti karat, saha sumangga ngendhani panci aluminium amargi saged ngowahi khasiat jampi. Lebetaken irisan Lempuyang Wangi kirang langkung 30 gram (utawi ukuran 1 jempol) kaliyan toya resik 2 gelas (kirang langkung 500 ml). Godhog ngangge geni ingkang alit ngantos toya menyusut dados 1 gelas (kirang langkung 200 ml). Geni alit dipun betahaken supados khasiatipun mboten risak dening panas ingkang kelebatan.

5. **Nyaring lan Nambah Rasa:** Saring toya godhogan ngginakaken kain saring supados ampasipun mboten kabetahaken. Menawi Panjenengan kersa, saged nambahaken gula batu utawi madu murni nalika toya sampun rada adhem supados rasanipun langkung sedhep saha khasiat madu saged langkung saged dipun jaga.

6. **Aturan Ngunjuk:** Jampi menika sae dipun unjuk nalika taksih anget-anget kuku, kirang langkung 2 kali sedinten (enjang lan sonten). Sumangga ngendhani ngunjuk jampi menika sakderengipun sare amargi saged ndamel badan krasa panas sanget saha angèl tilem. Menawi wonten raos mboten kepenak ing weteng, sumangga kirangi takaranipun.

Kajaba ngunjuk jampi, Panjenengan ugi kedah njagi pola istirahat saha ngendhani dhaharan ingkang dingin. Mugi-mugi kanthi ikhtiar menika, lelara pilek ingkang Panjenengan raosaken saged enggal ical lan badan krasa entheng malih. Mugi Gusti tansah paring kasarasan.","{""task"": ""preparation"", ""language"": ""jv"", ""jv_herb_name"": ""Lempuyang Wangi"", ""register"": ""Krama_Inggil""}",,
"Sebagai pakar etnobotani, jelaskan cara membuat ramuan dari Ketepeng Cina untuk mengobati Kecacingan.","Untuk mengobati Kecacingan menggunakan Ketepeng Cina:
Bahan:
- Ketepeng Cina
  Nama ilmiah: Cassia alata (L) Roxb
  Bagian: daun segar
  Dosis: 1 x 7 lembar daun/hari

Cara Pembuatan:
bahan direbus dengan 2 gelas air sampai menjadi 1 gelas, dinginkan, saring, dan diminum sekaligus.

Informasi Keamanan:
Efek samping: diare","Bertindaklah sebagai pakar etnobotani. Jelaskan secara rinci cara mempersiapkan ramuan dari tanaman Ketepeng Cina (Senna alata) untuk mengobati kecacingan.

Konteks Tugas:
{""task"": ""preparation"", ""language"": ""id"", ""indication"": ""Kecacingan""}

Dalam penjelasan Anda, pastikan untuk:
1. Mengidentifikasi bagian tanaman yang digunakan.
2. Menjelaskan langkah-langkah persiapan dan pengolahan ramuan secara tradisional.
3. Menyertakan catatan penting mengenai dosis dan keamanan penggunaan.","Tanaman Ketepeng Cina (*Senna alata*) telah lama dimanfaatkan dalam pengobatan tradisional untuk menangani kecacingan. Namun, karena kandungan senyawa aktifnya yang kuat, penggunaannya memerlukan kehati-hatian tinggi. Berikut adalah penjelasan rinci mengenai persiapan dan keamanannya.

### 1. Bagian Tanaman yang Digunakan
Bagian utama yang dimanfaatkan adalah **daun**. Daun segar (5 hingga 7 lembar) paling sering digunakan karena kandungan senyawa aktifnya dianggap lebih utuh. Pastikan daun dipilih dari tanaman yang tumbuh di lingkungan bersih, jauh dari pestisida, dan tidak terserang hama atau menguning.

### 2. Langkah-langkah Persiapan dan Pengolahan
Metode tradisional yang umum dan relatif aman adalah pembuatan rebusan (dekok). Ikuti langkah-langkah berikut:
1. **Pembersihan:** Cuci 5 hingga 7 lembar daun segar di bawah air mengalir untuk menghilangkan debu dan kotoran.
2. **Penyiapan:** Potong kecil-kecil atau remas daun tersebut untuk memperluas permukaan kontak saat perebusan.
3. **Perebusan:** Masukkan daun ke dalam panci tanah liat atau stainless steel (hindari aluminium). Tambahkan 2 gelas air bersih (sekitar 400-500 ml).
4. **Proses Pemasakan:** Rebus hingga mendidih, lalu kecilkan api. Biarkan mendidih perlahan selama 10 hingga 20 menit hingga air tersisa sekitar 1 gelas (200-250 ml).
5. **Penyaringan:** Matikan api, biarkan hangat, lalu saring menggunakan kain bersih atau saringan teh untuk memisahkan ampas.
6. **Penyajian:** Ramuan siap diminum dalam keadaan hangat. Rasanya cenderung pahit dan getir. Secara tradisional, diminum sekali sehari pada pagi hari.

### 3. Catatan Penting Mengenai Dosis dan Keamanan
Ketepeng Cina mengandung senyawa anthraquinone yang berfungsi sebagai laksatif (pencahar) kuat. Mekanisme kerjanya seringkali mengandalkan efek pencahar untuk mengeluarkan cacing dari usus, bukan mematikan parasit secara langsung seperti obat modern.

**Peraturan Penggunaan:**
* **Durasi:** Jangan mengonsumsi ramuan ini lebih dari 1 hingga 3 hari berturut-turut. Penggunaan jangka panjang dapat mengganggu keseimbangan elektrolit tubuh dan fungsi usus alami.
* **Efek Samping:** Waspadai diare hebat, kram perut, mual, atau lemas. Jika terjadi diare berlebihan, hentikan penggunaan segera dan perbanyak asupan cairan untuk mencegah dehidrasi.

**Kontraindikasi (Dilarang/Risiko Tinggi):**
* **Ibu Hamil dan Menyusui:** Dilarang keras menggunakan ramuan ini. Senyawa dalam Ketepeng Cina dapat merangsang kontraksi rahim yang berpotensi menyebabkan keguguran, dan dapat tersalurkan melalui ASI.
* **Anak-anak:** Hindari pemberian pada anak kecil tanpa pengawasan tenaga medis karena toleransi tubuh mereka terhadap efek pencahar lebih rendah dan risiko dehidrasi lebih tinggi.
* **Kondisi Medis Tertentu:** Penderita penyakit inflamasi usus (seperti Crohn atau kolitis ulseratif), wasir, atau gangguan ginjal sebaiknya tidak mengonsumsi ramuan ini.
* **Interaksi Obat:** Berhati-hatilah jika sedang mengonsumsi obat jantung, diuretik, atau pencahar lain karena dapat mempengaruhi penyerapan dan menimbulkan interaksi yang merugikan.

**Rekomendasi Akhir:**
Infeksi cacing adalah kondisi medis yang memerlukan diagnosis pasti. Obat cacing modern (antelmintik sintetis) memiliki dosis yang lebih terstandarisasi dan profil keamanan yang teruji klinis. Gunakan ramuan ini dengan sangat hati-hati sebagai bentuk pengetahuan budaya, dan segera konsultasikan ke tenaga medis jika gejala tidak membaik atau memburuk.","{""task"": ""preparation"", ""language"": ""id"", ""indication"": ""Kecacingan""}",,
"Sebagai pakar etnobotani, jelaskan cara membuat ramuan dari Klabet untuk mengobati Pelancar Air Susu Ibu (ASI).","Untuk mengobati Pelancar Air Susu Ibu (ASI) menggunakan Klabet:
Bahan:
- Klabet
  Nama ilmiah: Trigonella foenum-graeceum L
  Bagian: biji
  Dosis: 3 x 2 g serbuk biji/hari

Cara Pembuatan:
biji dihaluskan menjadi serbuk, seduh dengan 1 cangkir air mendidih, diamkan, saring dan diminum selagi hangat.

Informasi Keamanan:
Larangan: kehamilan dan alergi
Peringatan: dapat menurunkan kadar gula darah
Efek samping: nyeri ulu hati","Sebagai pakar etnobotani, jelaskan secara rinci cara membuat ramuan dari Klabet (Trigonella foenum-graecum) yang berfungsi sebagai pelancar Air Susu Ibu (ASI).

Harap ikuti struktur berikut dalam penjelasan Anda:
1. **Pendahuluan**: Definisi singkat tentang Klabet dan manfaatnya dalam tradisi etnobotani untuk ibu menyusui.
2. **Bahan dan Alat**: Daftar lengkap bahan yang diperlukan dan alat bantu yang digunakan.
3. **Langkah Pembuatan**: Instruksi langkah demi langkah yang jelas dan mudah diikuti untuk meracik ramuan tersebut.
4. **Cara Konsumsi**: Anjuran dosis, frekuensi, dan waktu terbaik untuk mengonsumsi ramuan ini.
5. **Peringatan Keamanan**: Catatan penting mengenai efek samping potensial atau kontraindikasi bagi kondisi tertentu.

Konteks Tugas:
{""task"": ""preparation"", ""language"": ""id"", ""indication"": ""Pelancar Air Susu Ibu (ASI)""}","1. **Pendahuluan**
Klabet (*Trigonella foenum-graecum*), yang juga dikenal sebagai fenugreek, adalah tanaman herbal yang bijinya telah lama dihargai dalam tradisi etnobotani untuk mendukung ibu menyusui. Biji ini memiliki sifat galaktagog, yakni kemampuan untuk merangsang dan meningkatkan produksi Air Susu Ibu (ASI). Secara tradisional dan didukung observasi modern, klabet dipercaya bekerja melalui kandungan fitoestrogen, saponin, dan flavonoid di dalamnya yang membantu merangsang kelenjar susu, sekaligus memberikan dukungan nutrisi untuk pemulihan energi pascapersalinan.

2. **Bahan dan Alat**
Untuk meracik ramuan ini secara higienis dan optimal, siapkan bahan dan alat berikut:

**Bahan:**
*   **Biji Klabet kering**: 1 sendok makan (sekitar 6 gram). Pastikan biji berwarna kuning kecokelatan, bersih, dan bebas jamur.
*   **Air bersih**: 500 ml (sekitar 2 gelas).
*   **Jahe geprek dan serai (opsional)**: 1 ruas jari jahe dan 1 batang serai untuk memberikan kehangatan pada tubuh serta menambah aroma.
*   **Pemanis alami (opsional)**: Madu atau gula aren secukupnya untuk menetralisir rasa pahit alami klabet. Tambahkan hanya saat air sudah hangat kuku agar enzim madu tetap terjaga.

**Alat:**
*   Panci kecil (disarankan dari stainless steel atau kaca; hindari aluminium agar zat aktif herbal tidak bereaksi).
*   Saringan halus atau kain bersih.
*   Gelas atau cangkir saji.

3. **Langkah Pembuatan**
Proses pembuatan ramuan ini memerlukan ketelitian untuk memastikan sari pati biji keluar secara optimal tanpa merusak kandungannya:

1.  **Pembersihan**: Bilas biji klabet di bawah air mengalir untuk menghilangkan debu atau kotoran yang menempel.
2.  **Penghancuran atau Penyangraian**: Tumbuk kasar biji klabet menggunakan ulekan untuk memecah kulit arinya sehingga zat aktif mudah keluar. Sebagai alternatif, Anda dapat menyangrai biji di atas wajan kering dengan api kecil selama 1-2 menit untuk mengurangi rasa pahit dan meningkatkan aroma.
3.  **Perebusan**: Masukkan biji klabet yang telah diproses (beserta jahe dan serai jika menggunakan) ke dalam panci berisi 500 ml air.
4.  **Ekstraksi**: Didihkan air dengan api sedang. Setelah mendidih, kecilkan api dan biarkan meresap (*simmer*) selama 10-15 menit dengan panci tertutup. Air akan berubah warna menjadi kekuningan atau kecokelatan dan sedikit menyusut.
5.  **Penyaringan**: Matikan api dan diamkan sebentar hingga suhu turun. Saring ramuan ke dalam gelas saji, lalu buang ampasnya.
6.  **Penyajian**: Tambahkan pemanis alami secukupnya. Ramuan siap diminum selagi hangat.

4. **Cara Konsumsi**
Penggunaan herbal untuk laktasi sebaiknya dilakukan secara bertahap untuk memantau respons tubuh ibu dan bayi:

*   **Dosis Awal**: Mulailah dengan mengonsumsi 1 gelas kecil (sekitar 100-150 ml) per hari selama 3 hari pertama. Jika tubuh berrespons baik dan tidak ada efek samping, konsumsi dapat ditingkatkan menjadi 2-3 gelas per hari (setara dengan takaran 3x2 gram serbuk biji per hari).
*   **Waktu Terbaik**: Minum ramuan ini sekitar 30-60 menit sebelum sesi menyusui atau memompa ASI untuk membantu stimulasi, atau di sela-sela waktu makan.
*   **Durasi**: Manfaat herbal bersifat kumulatif. Konsumsi secara konsisten selama 1-2 minggu, lalu evaluasi produksi ASI. Hindari penggunaan jangka panjang secara terus-menerus tanpa jeda dan pengawasan.
*   **Hidrasi**: Tetap prioritaskan minum air putih yang cukup. Ramuan ini adalah pendukung, bukan pengganti cairan utama tubuh.

5. **Peringatan Keamanan**
Meskipun berasal dari alam, klabet adalah bahan aktif yang memengaruhi fisiologi tubuh. Perhatikan hal-hal berikut demi keamanan ibu dan si kecil:

*   **Dilarang saat Kehamilan**: Klabet dapat merangsang kontraksi rahim. Ramuan ini **hanya** boleh dikonsumsi setelah melahirkan, dan harus dihindari selama masa kehamilan.
*   **Kadar Gula Darah**: Klabet memiliki efek hipoglikemik yang dapat menurunkan kadar gula darah. Ibu dengan riwayat diabetes atau yang mengonsumsi obat penurun gula darah wajib berkonsultasi dengan dokter sebelum mengonsumsinya.
*   **Gangguan Pembekuan Darah**: Klabet bersifat mengencerkan darah ringan. Hindari penggunaan jika Anda sedang mengonsumsi obat antikoagulan atau akan menjalani prosedur medis.
*   **Riwayat Alergi**: Klabet termasuk famili *Fabaceae* (kacang-kacangan). Ibu yang alergi terhadap kacang tanah atau kedelai berpotensi mengalami reaksi alergi silang. Segera hentikan penggunaan jika muncul ruam, gatal, atau sesak napas.
*   **Efek Samping**: Konsumsi klabet dapat menyebabkan nyeri ulu hati pada ibu. Selain itu, urine, keringat, atau ASI mungkin berbau seperti *maple syrup*—kondisi ini umumnya normal dan tidak berbahaya. Namun, jika bayi tampak rewel, mengalami diare, atau kembung, hentikan konsumsi segera.
*   **Konsultasi Profesional**: Setiap tubuh ibu unik. Selalu diskusikan penggunaan ramuan herbal ini dengan bidan, konselor laktasi, atau dokter yang merawat, terutama jika Anda memiliki kondisi medis penyerta.","{""task"": ""preparation"", ""language"": ""id"", ""indication"": ""Pelancar Air Susu Ibu (ASI)""}",,
"Minangka ahli etnobotani, jelasake carane nggawe jampi saka Sirih kanggo nambani Tenggorokan.","Kanggo nambani lara tenggorokan nggunakake sirih:
Bahan:
- Sirih
  Jeneng ilmiah: Piper bettle L
  Bagian: godhong seger
  Dosis: 3 x 2 godhong / dina

Cara Nggawe:
tlatah bahan kasebut, tambahake 1/2 cangkir banyu sing nggodhok, didiamake nganti anget, dipun-saring lan dikumur nganti 1 menit.

Informasi Keamanan:
Pènget: jumlah sing berlebihan mengaruhi kesehatan gusi, enamel untu lan tutuk.
Efek samping: ngrangsang mukosa lisan lan mati raos","Minangka ahli etnobotani, mangga paringaken panyaruwe ingkang jangkep babagan caranipun nggawe jampi saking Sirih kangge nambani sakit tenggorokan.

Panyaruwe kedah miturut paugeran ingkang kasebat ing data ing ngandhap menika:
{""task"": ""preparation"", ""language"": ""jv"", ""jv_herb_name"": ""Sirih"", ""register"": ""Krama_Inggil""}

Mangga dipunpastekaken bilih:
1. Basa ingkang kaangge inggih menika Basa Jawi Krama Inggil ingkang leres lan sopan.
2. Langkah-langkah panggodhogan utawi pangolahan Sirih dipunjlentrehaken kanthi urut lan cetha.
3. Cara ngginakaken jampi kasebat kangge nambani tenggorokan dipunandharaken kanthi rinci.","Mugi-mugi Panjenengan tansah pinaringan kasarasan lan katentreman. Menawi Panjenengan ngalami raos sakit ing tenggorokan, mboten perlu kuwatos sanget. Godhong sirih punika gadhah kandhutan minyak atsiri ingkang saged mbasmi kuman saengga saged dados jampi alami ingkang mujarab kangge ngresiki tenggorokan saking infeksi.

Kangge nggawe jampi menika, sumangga dipunmanah langkah-langkah ingkang badhe katur kanthi telaten lan sabar:

**Bahan ingkang kedah dipunsiyapaken:**
1. Ron sirih ingkang taksih seger, ijo royo-royo, lan mboten bolong, cacahipun 5 dumugi 7 lembar.
2. Toya resik kirang langkung kalih gelas (400 ml).
3. Uyah sakedhik kemawon kangge nambah khasiat antiseptik lan ngirangi raos pait.
4. Panci alit, dipunsarankan saking lempung utawi stainless steel (ampun ngginakaken aluminium supados mboten mengaruhi sari-sarinipun jampi).

**Langkah-langkah pangolahan:**
1. **Ngumbah:** Sepisanan, ron sirih dipunumbah resik ngginakaken toya ingkang mili supados lebu lan regedan sirna.
2. **Nggodhog:** Lebetaken ron sirih dhateng panci, lajeng dipunparingi toya resik. Godhog kanthi geni ingkang alit kirang langkung 10-15 menit ngantos toya gantos warni dados kuning utawi coklat, saha sari-sarinipun godhong sampun wedal.
3. **Paring Uyah:** Sasampunipun toya nyuda utawi umub, dipunparingi uyah sakedhik kemawon.
4. **Nyaring:** Jiretaken geni, lajeng saring toya godhogan supados ampas ron sirih mboten kebekta.
5. **Ngentosi:** Dipunentosi ngantos toya godhogan dados anget kuku (mboten kepanasan sanget) supados mboten ndadosaken perih ing tenggorokan.

**Cara ngginakaken jampi:**
1. **Kumur-kumur:** Pendhet toya godhogan anget kuku sakedhik, lajeng kumur-kumur ing tenggorokan kirang langkung 30 detik dumugi 1 menit. Lajeng toya menika dipunbuang, mboten perlu dipuntelan nalika kumur-kumur.
2. **Wektu panganggenan:** Tindakaken kumur-kumur menika ping tiga dumugi ping sekawan sedinten, utawi wekdal enjing sasampunipun sarapan lan wekdal dalu saderengipun sare.
3. **Nginum:** Menawi kersa, saged ugi dipununjuk sakedhik-sakedhik kanthi alon sasampunipun kumur-kumur supados khasiatipun mlebet ing badan lan ngiyataken daya tahan.

**Pènget babagan kasarasan:**
- Ampun ngginakaken jampi sirih kanthi kathah sanget utawi kados-kados, amargi saged mengaruhi kasarasan gusi, enamel untu, lan ndadosaken tutuk mati raos.
- Menawi sakit tenggorokan mboten reda ing tigang dinten utawi malah tambah parah, sumangga enggal priksa dhumateng dhokter supados pikantuk panyembuhan ingkang langkung jangkep.

Mugi-mugi kanthi tuntunan menika Panjenengan enggal waras lan saged nindakaken kagiyatan malih kanthi nyaman.","{""task"": ""preparation"", ""language"": ""jv"", ""jv_herb_name"": ""Sirih"", ""register"": ""Krama_Inggil""}",,
"Sebagai pakar etnobotani, jelaskan cara membuat ramuan dari Jahe Merah untuk mengobati Selesma.","Untuk mengobati Selesma menggunakan Jahe Merah:
Bahan:
- Jahe Merah
  Nama ilmiah: Zingiber officinale Rosc. var. rubrum
  Bagian: rimpang segar
  Dosis: 3 x 1 sendok teh sehari, minimal selama 3 hari

Cara Pembuatan:
kupas 3 rimpang diperas.

Informasi Keamanan:
Larangan: kehamilan dan anak usia di bawah 2 tahun
Peringatan: dikonsumsi saat kehamilan, dapat menggugurkan kandungan, dosis besar >6 g dapat menimbulkan borok lambung.
Efek samping: meningkatkan asam lambung.","Sebagai pakar etnobotani, jelaskan secara rinci cara mempersiapkan ramuan dari Jahe Merah untuk mengobati Selesma. Pastikan penjelasan mencakup bahan-bahan yang diperlukan, langkah-langkah pembuatan, dan cara konsumsinya.

Konteks Tugas:
{""task"": ""preparation"", ""language"": ""id"", ""indication"": ""Selesma""}","Jahe merah (*Zingiber officinale* var. rubrum) telah lama menjadi harta karun dalam tradisi pengobatan Nusantara, khususnya untuk meredakan gejala selesma. Berbeda dengan jahe biasa, jahe merah memiliki rimpang yang lebih kecil, serat lebih kasar, dan kandungan minyak atsiri serta senyawa gingerol yang lebih tinggi, yang memberikan efek hangat lebih kuat dan sifat imunomodulator yang efektif melawan virus penyebab pilek.

Berikut adalah panduan rinci untuk mempersiapkan ramuan jahe merah yang optimal, dirancang untuk memaksimalkan khasiat terapeutiknya sambil menjaga kelestarian zat aktif di dalamnya.

### Bahan-bahan yang Diperlukan

Untuk satu kali sajian yang efektif bagi dewasa, siapkan bahan-bahan berikut:

1.  **Rimpang Jahe Merah Segar (30–40 gram):** Pilih rimpang yang tua (ditandai dengan kulit yang sedikit keriput dan warna merah menyala), padat, dan tidak layu. Jahe tua memiliki konsentrasi minyak atsiri yang lebih tinggi dibandingkan jahe muda.
2.  **Air Bersih (400–500 ml):** Gunakan air filtrasi atau air matang untuk memastikan kemurnian ramuan.
3.  **Madu Murni (1–2 sendok makan):** Ditambahkan setelah proses pemanasan. Madu berfungsi sebagai antimikrobia alami dan pereda tenggorokan, serta menyeimbangkan rasa pedas jahe.
4.  **Perasan Jeruk Nipis atau Lemon (Opsional, ½ buah):** Kaya akan vitamin C yang dapat membantu memperkuat respons imun tubuh.
5.  **Kayu Manis Batang (1 ruas kecil, opsional):** Dapat ditambahkan untuk efek hangat tambahan dan aroma yang menenangkan, namun tidak wajib jika fokus utamanya adalah khasiat murni jahe.

### Langkah-langkah Pembuatan

Proses ekstraksi yang tepat sangat krusial. Merebus jahe terlalu lama dapat menguapkan minyak atsiri yang mudah menguap, sementara merebusnya terlalu sebentar mungkin tidak cukup untuk mengekstrak senyawa gingerol dan shogaol dari seratnya yang kasar.

1.  **Pembersihan dan Persiapan:**
    Cuci bersih rimpang jahe merah di bawah air mengalir. Sikat perlahan bagian celah-celahnya untuk menghilangkan sisa tanah. Tidak perlu mengupas kulitnya secara keseluruhan karena banyak zat bermanfaat terdapat tepat di bawah kulit; cukup kerok bagian yang kotor atau rusak. Iris tipis-tipis atau memarkan (geprek) jahe tersebut. Mememarkan jahe lebih disarankan daripada mengiris terlalu halus untuk mencegah sari pati yang berlebihan membuat ramuan menjadi terlalu keruh, namun tetap cukup untuk membuka serat agar sari keluar.

2.  **Proses Perebusan (Dekoksi):**
    Masukkan irisan atau jahe yang telah dimemarkan ke dalam panci (sebaiknya panci tanah liat, kaca, atau *stainless steel*; hindari aluminium). Tuangkan air bersih. Jika menggunakan kayu manis, masukkan juga pada tahap ini.
    Nyalakan api sedang hingga air mendidih. Setelah mendidih, kecilkan api ke tingkat paling rendah, tutup panci sebagian (sisakan celah kecil), dan biarkan mendidih perlahan (*simmer*) selama 15 hingga 20 menit. Waktu ini cukup untuk mengekstrak senyawa aktif tanpa merusak volatil minyak atsiri. Air akan berubah warna menjadi kemerahan dan aroma pedas hangat akan tercium kuat.

3.  **Penyaringan dan Penambahan Bahan Akhir:**
    Matikan api. Saring air rebusan ke dalam cangkir atau gelas keramik untuk memisahkan ampas jahe.
    Tunggu hingga suhu ramuan turun menjadi hangat kuku (sekitar 40–50°C). **Penting:** Jangan menambahkan madu atau jeruk nipis saat air masih mendidih atau sangat panas, karena suhu tinggi dapat merusak enzim bermanfaat dalam madu dan mengurangi kadar vitamin C pada jeruk. Setelah suhu sesuai, adukkan madu dan perasan jeruk nipis hingga larut.

### Cara Konsumsi dan Anjuran

Untuk hasil terbaik dalam mengatasi selesma, perhatikan hal-hal berikut saat mengonsumsi:

*   **Waktu Minum:** Konsumsilah ramuan ini selagi hangat, sebaiknya pada pagi hari setelah sarapan atau di sore hari saat tubuh mulai merasa lelah. Rasa hangatnya akan membantu melonggarkan saluran pernapasan dan memicu keringat ringan yang membantu detoksifikasi.
*   **Frekuensi:** Dapat diminum 2 kali sehari selama masa pemulihan selesma (biasanya 3–5 hari). Jika gejala sudah mereda, frekuensi dapat dikurangi menjadi sekali sehari atau dihentikan.
*   **Efek Samping dan Perhatian:** Karena sifatnya yang sangat hangat, individu dengan kondisi ""panas dalam"" parah, maag akut, atau sedang mengalami peradangan tenggorokan yang disertai luka terbuka mungkin perlu mengurangi takaran jahe atau mengencerkannya dengan lebih banyak air. Bagi ibu hamil atau mereka yang sedang mengonsumsi obat pengencer darah, disarankan untuk berkonsultasi terlebih dahulu dengan tenaga kesehatan sebelum mengonsumsi jahe merah dalam jumlah terapeutik.

Ramuan ini adalah bentuk dukungan alami bagi tubuh untuk melawan infeksi. Dengarkan respons tubuh Anda; jika terasa nyaman dan hangat, itu adalah tanda bahwa energi kehidupan (*prana*) sedang dialirkan untuk mempercepat penyembuhan. Semoga lekas pulih.","{""task"": ""preparation"", ""language"": ""id"", ""indication"": ""Selesma""}",,
"Sebagai pakar etnobotani, jelaskan cara membuat ramuan dari Lidah Buaya untuk mengobati Luka Bakar Ringan.","Untuk mengobati Luka Bakar Ringan menggunakan Lidah Buaya:
Bahan:
- Lidah Buaya
  Nama ilmiah: Aloe vera Lamk.
  Bagian: daun segar
  Dosis: 1 x 1 daun /hari

Cara Pembuatan:
bahan dikupas, daging dihaluskan dan oleskan pada bagian yang sakit.

Informasi Keamanan:
Larangan: luka bakar terbuka
Peringatan: ramuan hanya digunakan pada luka bakar yang baru dan ringan, belum melepuh.","Berperanlah sebagai pakar etnobotani. Berdasarkan data berikut:
{""task"": ""preparation"", ""language"": ""id"", ""indication"": ""Luka Bakar Ringan""}

Jelaskan secara rinci dan terstruktur cara membuat ramuan dari Lidah Buaya (Aloe vera) untuk mengobati Luka Bakar Ringan. Pastikan penjelasan Anda mencakup:
1. Pemilihan dan persiapan bahan baku.
2. Langkah-langkah ekstraksi gel.
3. Metode aplikasi yang aman.
4. Catatan keamanan atau kontraindikasi penting.

Gunakan bahasa Indonesia yang jelas, profesional, dan mudah dipahami oleh masyarakat umum.","**Panduan Praktis Pengolahan Lidah Buaya (*Aloe vera*) untuk Penanganan Luka Bakar Ringan**

Lidah buaya telah lama menjadi andalan dalam pengobatan tradisional untuk meredakan rasa panas dan mempercepat penyembuhan luka bakar tingkat satu (kulit memerah, nyeri, namun tidak melepuh parah atau terbuka). Berikut adalah prosedur terstruktur untuk menyiapkan dan menggunakan gel lidah buaya secara aman dan efektif.

### 1. Pemilihan dan Persiapan Bahan Baku
Kualitas gel sangat bergantung pada kondisi tanaman yang digunakan.
*   **Pemilihan Tanaman:** Pilihlah tanaman lidah buaya yang sudah dewasa, biasanya berusia minimal 2–3 tahun. Ciri-cirinya adalah daun yang tebal, daging daun penuh, dan panjangnya mencapai 30–40 cm. Hindari daun yang terlalu muda karena kandungan gelnya belum optimal, atau daun yang terlihat layu dan menguning.
*   **Waktu Pemetikan:** Sebaiknya petik daun di pagi hari saat kandungan air dalam daun masih maksimal.
*   **Pencucian Awal:** Cuci daun di bawah air mengalir untuk menghilangkan debu, kotoran, atau residu pestisida jika tanaman bukan organik. Keringkan sebentar dengan kain bersih.

### 2. Langkah-langkah Ekstraksi Gel
Tujuan utama tahap ini adalah mengambil daging daun (gel) murni tanpa tercampur getah kuning (*aloin*) yang dapat menyebabkan iritasi.
*   **Pemotongan Daun:** Letakkan daun di atas talenan bersih. Potong pangkal dan ujung daun. Selanjutnya, iris tipis kulit hijau di sisi cembung dan cekung daun menggunakan pisau tajam yang steril.
*   **Pemisahan Getah Kuning:** Setelah kulit dikupas, Anda akan melihat daging daun bening. Diamkan daging daun tersebut dalam posisi miring selama 10–15 menit. Ini memungkinkan getah kuning (*lateks*) yang tersisa menetes keluar. Getah ini mengandung senyawa antrakuinon yang bersifat iritan dan dapat memicu gatal atau rasa perih pada luka terbuka.
*   **Pengambilan Gel:** Kerok daging daun yang bening dan kenyal menggunakan sendok. Pastikan tidak ada sisa bagian kulit hijau yang terambil.
*   **Pencucian Gel (Opsional namun Disarankan):** Bilas potongan gel dengan air matang dingin atau air steril sebentar untuk memastikan sisa getah kuning benar-benar hilang.
*   **Penghalusan:** Gel dapat langsung diaplikasikan dalam bentuk potongan, atau dihaluskan menggunakan blender bersih hingga menjadi bubur halus jika ingin tekstur yang lebih merata. Gunakan segera setelah diolah untuk menjaga potensi khasiatnya.

### 3. Metode Aplikasi yang Aman
Lakukan langkah berikut segera setelah terjadi luka bakar untuk hasil terbaik:
*   **Pendinginan Awal:** Sebelum mengaplikasikan gel, bilas area luka bakar dengan air dingin (bukan air es) yang mengalir selama 10–20 menit untuk menurunkan suhu jaringan kulit dan menghentikan proses kerusakan sel.
*   **Aplikasi Gel:** Oleskan gel lidah buaya secara tipis namun merata di atas area yang terbakar. Jangan ditekan terlalu keras agar tidak menambah rasa nyeri.
*   **Frekuensi:** Ulangi aplikasi setiap 2–3 jam atau setiap kali gel terasa kering. Lapisan gel yang segar akan memberikan efek dingin dan melembapkan.
*   **Penutupan Luka:** Untuk luka bakar sangat ringan, membiarkannya terbuka setelah diolesi gel seringkali lebih baik agar kulit dapat bernapas. Jika perlu ditutup karena gesekan dengan pakaian, gunakan kasa steril yang longgar, jangan gunakan perban ketat atau kapas yang seratnya bisa menempel pada luka.

### 4. Catatan Keamanan dan Kontraindikasi
Meskipun alami, penggunaan lidah buaya memerlukan kehati-hatian:
*   **Jenis Luka:** Metode ini **hanya** untuk luka bakar ringan (derajat satu). Jika luka bakar menunjukkan tanda-tanda derajat dua atau tiga (muncul lepuhan besar, kulit hangus berwarna putih/hitam, atau luka sangat dalam), **jangan** oleskan ramuan apa pun. Segera cari pertolongan medis profesional.
*   **Uji Sensitivitas:** Pada individu dengan kulit sensitif, lakukan uji tempel (*patch test*) di area kulit sehat yang kecil sebelum mengaplikasikan ke seluruh area luka. Hentikan penggunaan jika muncul kemerahan berlebihan, gatal, atau bengkak.
*   **Hindari Kontaminasi:** Pastikan semua alat (pisau, talenan, sendok, blender) dalam keadaan bersih dan steril untuk mencegah infeksi sekunder pada luka.
*   **Masa Simpan:** Gel lidah buaya segar mudah teroksidasi dan kehilangan khasiatnya. Siapkan secukupnya untuk sekali pakai. Jika terpaksa disimpan, masukkan ke wadah tertutup rapat di lemari pendingin dan gunakan dalam waktu maksimal 24 jam. Buang jika warna gel berubah menjadi keruh atau berbau tidak sedap.

Penanganan yang tepat pada menit-menit awal pasca-luka bakar sangat menentukan kecepatan pemulihan. Gunakan bahan alami ini dengan bijak dan perhatikan respons tubuh Anda.","{""task"": ""preparation"", ""language"": ""id"", ""indication"": ""Luka Bakar Ringan""}",,
"Sebagai pakar etnobotani, jelaskan cara membuat ramuan dari Jeruk Nipis untuk mengobati Nyeri Haid (Dysmenorrhoea).","Untuk mengobati Nyeri Haid (Dysmenorrhoea) menggunakan Jeruk Nipis:
Bahan:
- Jeruk Nipis
  Nama ilmiah: Citrus aurantifolia (Christm. et Panz.)
  Bagian: buah segar
  Dosis: 2 x 5 sdm air perasan jeruk/hari

Cara Pembuatan:
bahan ditambahkan minyak kayu putih 2 sdm dan kapur sirih sebesar biji asam. Aduk sampai rata. Balurkan pada bagian perut dan punggung dan biarkan sampai kering.","Bertindaklah sebagai pakar etnobotani. Jelaskan secara rinci cara pembuatan ramuan tradisional dari Jeruk Nipis untuk mengobati Nyeri Haid (Dysmenorrhoea). Pastikan penjelasan Anda mencakup:

1. **Bahan-bahan**: Daftar lengkap bahan yang diperlukan beserta takarannya.
2. **Langkah Pembuatan**: Instruksi langkah demi langkah yang jelas dan mudah diikuti.
3. **Cara Konsumsi**: Aturan pakai, dosis, dan waktu konsumsi yang disarankan.
4. **Mekanisme Kerja**: Penjelasan singkat bagaimana ramuan ini bekerja berdasarkan prinsip etnobotani.
5. **Peringatan Keamanan**: Kontraindikasi, efek samping potensial, atau saran konsultasi medis jika diperlukan.

Gunakan bahasa Indonesia yang formal, akurat, dan mudah dipahami. Sertakan data berikut sebagai konteks tugas:

{""task"": ""preparation"", ""language"": ""id"", ""indication"": ""Nyeri Haid (Dysmenorrhoea)""}","# Ramuan Tradisional Jeruk Nipis untuk Meredakan Nyeri Haid (Dismenore)

Dalam khazanah pengobatan tradisional Nusantara, jeruk nipis (*Citrus aurantifolia*) bukan sekadar penyedap masakan, melainkan tanaman obat yang dihormati karena kemampuannya menyeimbangkan tubuh. Untuk kasus nyeri haid atau dismenore, kombinasi antara sifat analgesik alami dari minyak atsiri jeruk nipis dan kehangatan rempah pendamping dapat menjadi solusi lembut namun efektif untuk meredakan kram perut. Berikut adalah panduan lengkap pembuatan dan penggunaannya yang disusun berdasarkan kearifan lokal dan prinsip fitoterapi.

### 1. Bahan-bahan
Siapkan bahan-bahan berikut dengan takaran yang tepat untuk satu kali sajian:

*   **Jeruk Nipis Segar**: 1 buah berukuran sedang (pilih yang kulitnya tipis, berwarna hijau cerah, dan terasa berat saat digenggam, menandakan kandungan airnya banyak).
*   **Air Bersih**: 200 ml (sekitar satu gelas belimbing).
*   **Madu Murni**: 1–2 sendok makan (berfungsi sebagai pemanis alami dan anti-inflamasi).
*   **Jahe Merah atau Jahe Emprit**: 1 ruas jari (sekitar 2–3 cm), memarkan atau iris tipis. Jahe dipilih karena sifat hangatnya yang kuat untuk melancarkan sirkulasi darah.
*   **Daun Sirih (Opsional)**: 1 lembar muda, cuci bersih (ditambahkan jika nyeri disertai rasa tidak nyaman pada area kewanitaan, karena sifat antiseptiknya).

### 2. Langkah Pembuatan
Ikuti langkah-langkah berikut secara urut untuk memastikan ekstraksi senyawa aktif berjalan optimal:

1.  **Persiapan Jahe**: Rebus 200 ml air bersama jahe yang telah dimemarkan. Biarkan mendidih dengan api kecil selama 5–7 menit hingga air berubah warna menjadi kekuningan dan aroma jahe tercium tajam. Proses ini penting untuk mengekstrak gingerol, senyawa aktif yang berperan sebagai pereda nyeri.
2.  **Penyaringan**: Angkat rebusan dari api, lalu saring airnya ke dalam cangkir keramik atau gelas kaca. Buang ampas jahe (dan daun sirih jika digunakan).
3.  **Penambahan Jeruk Nipis**: Peras air dari 1 buah jeruk nipis ke dalam air rebusan jahe yang masih hangat (bukan mendidih). Hindari menambahkan jeruk nipis saat air sedang mendidih hebat karena suhu ekstrem dapat merusak sebagian vitamin C dan mengubah rasa menjadi terlalu pahit.
4.  **Pencampuran Madu**: Tambahkan madu murni setelah suhu minuman turun menjadi hangat kuku (sekitar 40–50°C). Suhu yang terlalu panas dapat merusak enzim baik dalam madu. Aduk hingga merata.
5.  **Penyajian**: Ramuan siap dikonsumsi selagi hangat untuk memaksimalkan efek relaksasi otot.

### 3. Cara Konsumsi
Agar hasil maksimal dan aman, perhatikan aturan pakai berikut:

*   **Waktu Konsumsi**: Minum ramuan ini 2–3 kali sehari. Waktu terbaik adalah pada pagi hari setelah sarapan, sore hari, dan malam hari sebelum tidur. Saat nyeri haid mulai terasa, konsumsi segera satu gelas.
*   **Dosis**: Satu gelas (200 ml) per sekali minum. Jangan melebihi 3 gelas dalam sehari untuk menghindari iritasi lambung akibat keasaman jeruk nipis.
*   **Durasi**: Dapat dikonsumsi mulai dari 2 hari sebelum预计 haid (jika siklus teratur) hingga hari kedua atau ketiga haid saat nyeri biasanya paling hebat.

### 4. Mekanisme Kerja
Secara etnobotani dan farmakologi sederhana, ramuan ini bekerja melalui sinergi komponen aktifnya:

*   **Relaksasi Otot Polos**: Minyak atsiri dalam jeruk nipis (terutama limonene) dan senyawa gingerol dalam jahe memiliki efek antispasmodik. Senyawa ini membantu merelaksasi otot polos rahim yang berkontraksi berlebihan, yang merupakan penyebab utama kram dismenore.
*   **Sirkulasi Darah**: Sifat termogenik (penghasil panas) dari jahe membantu melebarkan pembuluh darah (vasodilatasi), sehingga aliran darah ke area panggul menjadi lebih lancar dan mengurangi penumpukan prostaglandin penyebab nyeri.
*   **Efek Menenangkan**: Aroma sitrus dari jeruk nipis memiliki efek psikologis yang menenangkan sistem saraf, membantu mengurangi persepsi nyeri dan kecemasan yang sering menyertai haid.

### 5. Peringatan Keamanan
Meskipun berbahan alami, kehati-hatian tetap diperlukan demi keselamatan Anda:

*   **Masalah Lambung**: Bagi penderita maag akut, gastritis, atau GERD, keasaman jeruk nipis dapat memicu nyeri ulu hati. Disarankan mengurangi takaran jeruk nipis menjadi setengah buah atau pastikan perut tidak dalam keadaan kosong saat mengonsumsi.
*   **Alergi**: Hentikan penggunaan jika muncul reaksi alergi seperti gatal-gatal, ruam kulit, atau sesak napas setelah mengonsumsi jeruk nipis atau jahe.
*   **Interaksi Obat**: Jika Anda sedang mengonsumsi obat pengencer darah atau obat hipertensi tertentu, konsultasikan dahulu dengan dokter, karena jahe dalam jumlah besar dapat mempengaruhi kerja obat tersebut.
*   **Kondisi Medis Serius**: Ramuan ini ditujukan untuk dismenore primer (nyeri haid biasa). Jika nyeri haid terasa sangat hebat, tidak tertahankan, disertai demam, atau perdarahan yang tidak wajar, segera hentikan pengobatan mandiri dan konsultasikan dengan tenaga medis profesional untuk menyingkirkan kemungkinan dismenore sekunder (akibat endometriosis, miom, atau kondisi lain).

Semoga ramuan warisan leluhur ini dapat memberikan kelegaan dan kenyamanan bagi tubuh Anda. Dengarkan sinyal tubuh Anda; jika rasa tidak nyaman berlanjut, pencarian bantuan medis adalah langkah paling bijaksana.","{""task"": ""preparation"", ""language"": ""id"", ""indication"": ""Nyeri Haid (Dysmenorrhoea)""}",,
"Sebagai pakar etnobotani, jelaskan cara membuat ramuan dari Salam untuk mengobati Kencing Manis.","Untuk mengobati Kencing Manis menggunakan Salam:
Bahan:
- Salam
  Nama ilmiah: Syzgium polyanthum (Wight) Walp
  Bagian: daun
  Dosis: 2 x 8 lembar daun/hari.

Cara Pembuatan:
bahan direbus dengan 2 gelas air sampai menjadi separuhnya.

Informasi Keamanan:
Peringatan: tidak dianjurkan pada kelainan hati dan ginjal","Sebagai pakar etnobotani, jelaskan secara rinci cara menyiapkan ramuan dari daun Salam untuk mengobati Kencing Manis (Diabetes Melitus). Pastikan penjelasan mencakup langkah-langkah persiapan, takaran, dan metode konsumsi yang aman.

Konteks Tugas:
{""task"": ""preparation"", ""language"": ""id"", ""indication"": ""Kencing Manis""}","Penggunaan daun salam (*Syzygium polyanthum*) sebagai pendamping dalam pengelolaan Kencing Manis (Diabetes Melitus) memang telah lama dikenal dalam tradisi Jamu dan didukung oleh sejumlah penelitian awal yang menunjukkan potensi senyawa flavonoid dan tanin di dalamnya untuk membantu menurunkan kadar gula darah. Namun, sebagai langkah yang serius menyangkut kesehatan metabolik, pendekatan ini harus dilakukan dengan kehati-hatian tinggi, presisi takaran, dan kesadaran penuh bahwa ramuan ini bersifat **komplementer**, bukan pengganti obat medis atau insulin yang diresepkan dokter.

Berikut adalah panduan persiapan yang disusun secara ketat untuk memastikan keamanan dan efektivitas maksimal:

### 1. Seleksi dan Preparasi Bahan
Kualitas bahan baku adalah faktor penentu utama. Jangan menggunakan daun sembarangan.
*   **Sumber Daun:** Gunakan daun salam tua yang berwarna hijau gelap, bebas dari bercak penyakit, lubang serangga, atau residu pestisida. Idealnya, petik langsung dari pohon yang tumbuh di lingkungan bebas polusi atau beli dari penyedia herbal terpercaya yang menjamin kebersihan organik.
*   **Pencucian:** Cuci daun di bawah air mengalir dengan lembut untuk menghilangkan debu dan kotoran. Hindari merendam daun terlalu lama agar senyawa aktif tidak larut terbuang.
*   **Jumlah Takaran:** Untuk satu kali proses perebusan (dikonsumsi dalam satu hari), gunakan **7 hingga 10 lembar daun salam ukuran sedang**. Hindari penggunaan jumlah berlebihan karena dapat memicu hipoglikemia (gula darah drop terlalu rendah) atau gangguan fungsi hati jika dikonsumsi jangka panjang tanpa pengawasan.

### 2. Metode Perebusan (Dekok)
Metode ekstraksi yang benar penting untuk menarik senyawa aktif tanpa merusaknya akibat panas berlebih.
*   **Air:** Siapkan **600 ml air bersih** (sekitar 3 gelas standar). Gunakan air minum berkualitas, bukan air kerah mentah.
*   **Proses:** Masukkan daun salam yang telah dicuci ke dalam panci (disarankan panci kaca, keramik, atau *stainless steel*, hindari aluminium). Tuangkan air dan nyalakan api sedang.
*   **Waktu Masak:** Setelah air mendidih, kecilkan api hingga simmer (mendidih perlahan). Tutup panci rapat-rapat untuk mencegah penguapan senyawa volatil. Rebus selama **15–20 menit** hingga air tersisa sekitar 300–400 ml (warna air berubah menjadi cokelat kemerahan yang jernih).
*   **Penyaringan:** Matikan api dan biarkan hangat kuku. Saring air rebusan menggunakan kain katun bersih atau saringan teh halus untuk memastikan tidak ada partikel daun yang tertelan. Buang ampas daun; jangan digunakan kembali untuk rebusan berikutnya karena potensi khasiatnya sudah habis.

### 3. Aturan Konsumsi dan Keamanan
Disiplin dalam konsumsi adalah kunci untuk menghindari efek samping yang tidak diinginkan.
*   **Dosis Harian:** Bagi hasil saringan menjadi **2 hingga 3 bagian sama rata**. Konsumsi satu bagian pada pagi hari, dan satu bagian lagi pada sore atau malam hari.
*   **Waktu Minum:** Sebaiknya diminum **30 menit sebelum makan** atau di antara waktu makan utama. Hindari meminumnya bersamaan dengan obat dokter untuk mencegah interaksi penyerapan yang tidak terprediksi; beri jeda minimal 1–2 jam antara konsumsi obat medis dan ramuan herbal ini.
*   **Durasi:** Lakukan secara konsisten selama 1–2 minggu, lalu evaluasi. Jangan mengonsumsi terus-menerus tanpa jeda. Disarankan memberikan ""istirahat"" selama beberapa hari setiap minggu atau berkonsultasi ulang mengenai kelanjutan konsumsi.

### Peringatan Kritis dan Pemantauan
Sebagai langkah yang sangat krusial, Anda wajib melakukan pemantauan mandiri:
1.  **Cek Gula Darah Rutin:** Pantau kadar gula darah Anda secara teratur menggunakan glukometer. Jika angka gula darah turun drastis atau Anda merasakan gejala hipoglikemia (gemetar, keringat dingin, pusing, lemas), **hentikan segera** konsumsi ramuan ini dan segera konsumsi sumber gula cepat serap (seperti permen atau jus buah), lalu hubungi tenaga medis.
2.  **Interaksi Obat:** Jika Anda sedang mengonsumsi obat antidiabetes oral (seperti metformin atau glibenclamide) atau insulin, risiko hipoglikemia menjadi lebih nyata karena efek ganda. Konsultasikan dengan dokter Anda sebelum memulai regimen herbal ini.
3.  **Kondisi Khusus:** Wanita hamil, menyusui, atau individu dengan gangguan fungsi ginjal dan hati sebaiknya menghindari konsumsi ini tanpa persetujuan eksplisit dari dokter spesialis.

Pengobatan diabetes memerlukan pendekatan holistik yang menyeimbangkan terapi medis, pola makan rendah glikemik, aktivitas fisik, dan manajemen stres. Ramuan daun salam dapat menjadi salah satu pilar pendukung yang bermanfaat jika digunakan dengan bijak, namun bukanlah solusi tunggal yang ajaib. Prioritaskan keselamatan tubuh Anda di atas segalanya.","{""task"": ""preparation"", ""language"": ""id"", ""indication"": ""Kencing Manis""}",,
"Sebagai pakar etnobotani, jelaskan cara membuat ramuan dari Brotowali untuk mengobati Kencing Manis.","Untuk mengobati Kencing Manis menggunakan Brotowali:
Bahan:
- Brotowali
  Nama ilmiah: Tinospora crispa (L)
  Bagian: batang
  Dosis: 2 x 7,5 g/hari.

Cara Pembuatan:
bahan direbus dengan air 300 ml sampai menjadi separuhnya, dinginkan, saring dan diminum sekaligus.

Informasi Keamanan:
Larangan: kehamilan dan menyusui
Peringatan: gangguan fungsi hati
Efek samping: mual dan muntah.","Sebagai pakar etnobotani, jelaskan secara rinci cara membuat ramuan dari tumbuhan Brotowali untuk mengobati Kencing Manis (Diabetes Mellitus). Sertakan langkah-langkah persiapan, takaran yang tepat, metode pengolahan, dan catatan keamanan penting.

Konteks Tugas:
{""task"": ""preparation"", ""language"": ""id"", ""indication"": ""Kencing Manis""}","Penggunaan tumbuhan Brotowali (*Tinospora cordifolia*) dalam pengelolaan Kencing Manis (Diabetes Mellitus) telah lama dikenal dalam tradisi pengobatan. Namun, perlu dipahami dengan sangat serius bahwa diabetes adalah kondisi metabolik kronis yang memerlukan pengawasan medis ketat. Ramuan ini bersifat komplementer dan tidak boleh menggantikan terapi medis standar seperti insulin atau obat oral yang diresepkan dokter. Kesalahan dalam penggunaan dapat berakibat fatal.

Berikut adalah panduan persiapan dan pengolahan yang menggabungkan pengetahuan tradisional dengan prinsip keamanan farmakologi, disusun dengan prioritas pada keselamatan pasien.

### 1. Identifikasi dan Seleksi Bahan
Kesalahan identifikasi tumbuhan adalah risiko utama dalam pengobatan herbal. Pastikan tanaman yang digunakan adalah Brotowali yang benar.
*   **Ciri Fisik:** Batang berbentuk bulat, merambat, berwarna hijau kecokelatan, dan memiliki benjolan (lentisel) seperti kutil di sepanjang batangnya. Rasa batang sangat pahit, dan jika dipatahkan terdapat urat-urat halus di dalamnya.
*   **Bagian Tanaman:** Gunakan batang tua yang sudah berkayu, bukan batang muda, karena konsentrasi senyawa aktif alkaloid dan glukosida lebih stabil pada batang tua. Hindari penggunaan daun atau akar untuk konsumsi oral rutin.
*   **Sumber dan Kebersihan:** Pastikan tumbuhan tidak terpapar pestisida atau polusi jika diambil dari alam liar. Cuci batang di bawah air mengalir dan sikat permukaan secara lembut untuk menghilangkan debu, tanah, atau lumut.

### 2. Metode Pengolahan (Rebusan)
Metode ekstraksi sederhana melalui perebusan adalah cara paling umum untuk menarik senyawa aktif yang larut dalam air.
*   **Pemotongan:** Potong batang menjadi irisan atau potongan kecil sepanjang 3–5 cm untuk memaksimalkan permukaan kontak saat perebusan.
*   **Takaran Bahan:** Gunakan sekitar 10–15 gram batang dewasa (setara 2-3 ruas jari orang dewasa atau sekitar 10-15 cm batang) untuk setiap 2 gelas (400-500 ml) air bersih. Jangan melebihi takaran ini dengan asumsi ""lebih banyak lebih baik"", karena risiko toksisitas meningkat seiring konsentrasi.
*   **Proses Perebusan:**
    1. Masukkan potongan batang ke dalam panci (gunakan panci kaca, tanah liat, atau stainless steel; hindari aluminium).
    2. Tambahkan air bersih lalu rebus dengan api sedang hingga mendidih.
    3. Setelah mendidih, kecilkan api dan biarkan mendidih perlahan (*simmer*) selama 15–20 menit hingga air tersisa sekitar 1 gelas (200-250 ml). Perebusan yang terlalu lama dapat merusak senyawa aktif atau meningkatkan konsentrasi zat yang membebani hati.
    4. Matikan api, dinginkan hingga suhu ruang, lalu saring air rebusan untuk memisahkan ampas.

### 3. Cara Penggunaan dan Pemantauan
Prinsip utama dalam fitoterapi untuk kondisi kronis adalah ""mulai dari dosis rendah"" dan disiplin dalam pemantauan kondisi tubuh.
*   **Dosis dan Waktu Minum:** Minum sebanyak ½ gelas (sekitar 100 ml) sekali sehari, sebaiknya pada pagi hari setelah makan. Jangan minum dalam keadaan perut kosong untuk menghindari iritasi lambung akibat rasa pahit.
*   **Durasi:** Jangan mengonsumsi secara terus-menerus tanpa jeda. Siklus yang lebih aman adalah 2 minggu penggunaan, diikuti 1 minggu istirahat, untuk memberi waktu bagi hati memetabolisme sisa senyawa tanaman.
*   **Pemantauan Gula Darah:** Wajib melakukan cek gula darah mandiri secara rutin. Brotowali berpotensi menurunkan kadar gula darah. Jika dikonsumsi bersamaan dengan obat dokter (seperti Metformin, Glibenclamide, atau Insulin), kombinasi ini dapat memicu **hipoglikemia** (gula darah terlalu rendah) yang gejalanya meliputi keringat dingin, gemetar, pusing, hingga pingsan.

### 4. Catatan Keamanan dan Kontraindikasi Penting
Bagian ini sangat krusial. Mohon perhatikan dengan saksama sebelum memutuskan menggunakan ramuan ini.

*   **Risiko Hepatotoksisitas (Kerusakan Hati):** Terdapat laporan medis mengenai potensi cedera hati akibat konsumsi Brotowali jangka panjang atau dosis tinggi. Jika muncul gejala seperti mata atau kulit menguning (ikterus), urin berwarna gelap, atau nyeri di ulu hati, hentikan penggunaan segera dan periksakan fungsi hati (SGOT/SGPT).
*   **Efek Samping:** Pada beberapa individu, konsumsi ramuan ini dapat menimbulkan mual dan muntah.
*   **Interaksi Obat:** Brotowali dapat berinteraksi dengan obat diabetes dan obat imunosupresan. Konsultasikan dengan dokter yang merawat sebelum memulai konsumsi herbal ini agar dosis obat medis dapat disesuaikan.
*   **Kontraindikasi:** Tidak disarankan untuk ibu hamil, ibu menyusui, anak-anak, individu dengan penyakit autoimun, atau pasien dengan riwayat gangguan fungsi hati dan ginjal.
*   **Jadwal Operasi:** Hentikan penggunaan minimal 2 minggu sebelum jadwal operasi karena dapat mempengaruhi kontrol gula darah selama prosedur bedah.

Pengobatan diabetes memerlukan pendekatan holistik yang mencakup diet, aktivitas fisik, obat medis, dan pemantauan rutin. Jangan pernah menghentikan obat medis secara tiba-tiba hanya karena mengonsumsi ramuan ini. Keamanan jiwa adalah prioritas utama di atas segala tradisi. Selalu libatkan tenaga medis profesional dalam setiap perubahan regimen pengobatan Anda.","{""task"": ""preparation"", ""language"": ""id"", ""indication"": ""Kencing Manis""}",,
"Sebagai pakar etnobotani, jelaskan cara membuat ramuan dari Tempuyung untuk mengobati Kencing Batu.","Untuk mengobati Kencing Batu menggunakan Tempuyung:
Bahan:
- Tempuyung
  Nama ilmiah: Sonchus arvensis L
  Bagian: daun
  Dosis: 2x 15 daun/hari

Cara Pembuatan:
bahan direbus dengan 2 gelas air sampai menjadi separuhnya, saring, diminum selagi hangat.

Informasi Keamanan:
Larangan: gangguan hati, ginjal, kehamilan.","Bertindaklah sebagai pakar etnobotani. Berdasarkan instruksi berikut, jelaskan secara rinci cara membuat ramuan dari tanaman Tempuyung untuk mengobati Kencing Batu.

Instruksi Terstruktur:
- {""task"": ""preparation"", ""language"": ""id"", ""indication"": ""Kencing Batu""}

Pastikan penjelasan Anda mencakup:
1. Identifikasi bahan dan bagian tanaman yang digunakan.
2. Langkah-langkah persiapan dan pembuatan ramuan.
3. Aturan pakai dan dosis yang umum dalam praktik tradisional.
4. Catatan keamanan atau kontraindikasi yang perlu diperhatikan.

Gunakan bahasa Indonesia yang jelas, ilmiah namun mudah dipahami, dan pertahankan keakuratan informasi etnobotanis.","### Preparasi Ramuan Tempuyung (*Sonchus arvensis*) untuk Penanganan Kencing Batu

Berikut adalah penjelasan rinci mengenai pemanfaatan tanaman Tempuyung berdasarkan praktik etnobotani dan fitoterapi untuk kondisi urolithiasis (kencing batu). Informasi ini disusun dengan mengutamakan prinsip keamanan dan kehati-hatian medis, mengingat kompleksitas kondisi batu ginjal.

#### 1. Identifikasi Bahan dan Bagian Tanaman
*   **Tanaman:** Tempuyung dengan nama ilmiah *Sonchus arvensis* L.
*   **Bagian yang Digunakan:** Seluruh bagian tanaman di atas tanah (herba), mencakup daun dan batang. Daun merupakan bagian yang paling umum dimanfaatkan.
*   **Kondisi Bahan:** Dapat digunakan dalam keadaan segar maupun kering (simplisia). Bahan kering memiliki konsentrasi senyawa yang lebih stabil, sementara bahan segar lebih mudah diakses untuk penggunaan harian.
*   **Kandungan Aktif:** Mengandung flavonoid, saponin, tanin, dan kalium/manitol yang bersifat diuretik (melancarkan buang air kecil) dan secara tradisional dipercaya membantu melarutkan endapan kalsium oksalat.

#### 2. Langkah-langkah Persiapan dan Pembuatan Ramuan
Metode ekstraksi yang paling sesuai untuk memperoleh senyawa aktif tanaman ini adalah dekokta (rebusan).

*   **Takaran Bahan:** Gunakan 15–30 gram herba segar (sekitar 5–7 lembar daun ukuran sedang) atau 10–15 gram herba kering.
*   **Pembersihan:** Cuci bahan secara menyeluruh di bawah air mengalir untuk menghilangkan tanah, debu, dan residu lainnya.
*   **Pemotongan:** Potong-potong daun dan batang menjadi ukuran kecil (± 2–3 cm) untuk memperluas permukaan kontak dan memaksimalkan ekstraksi.
*   **Perebusan:** Masukkan bahan ke dalam panci berbahan tanah liat, kaca, atau *stainless steel* (hindari aluminium untuk mencegah reaksi kimia). Tambahkan 2–3 gelas air bersih (sekitar 400–600 ml).
*   **Proses Pemasakan:** Rebus dengan api sedang hingga mendidih, lalu kecilkan api dan biarkan air menyusut hingga tersisa sekitar 1 hingga 1,5 gelas (200–300 ml). Proses ini memakan waktu sekitar 15–20 menit.
*   **Penyaringan:** Matikan api, biarkan dingin hingga hangat, lalu saring air rebusan menggunakan kain atau saringan bersih. Ampas dapat dibuang.

#### 3. Aturan Pakai dan Dosis Umum
Dalam praktik tradisional, konsistensi konsumsi penting untuk menjaga efek diuretik, namun dosis harus tetap diperhatikan.

*   **Frekuensi:** Ramuan dibagi menjadi dua bagian sama besar untuk diminum 2 kali sehari (pagi dan sore).
*   **Waktu Konsumsi:** Dianjurkan diminum setelah makan untuk mengurangi potensi iritasi lambung.
*   **Durasi Penggunaan:** Pengobatan tradisional umumnya dilakukan selama 5–7 hari. Jika tidak ada perbaikan gejala atau kondisi memburuk, segera hentikan penggunaan.
*   **Pendukung Terapi:** Selama masa konsumsi, pasien sangat diwajibkan meningkatkan asupan air putih minimal 2–3 liter per hari untuk membantu pembilasan saluran kemih.

#### 4. Catatan Keamanan dan Kontraindikasi
Penggunaan herbal diuretik untuk kencing batu memerlukan kewaspadaan tinggi. Batu ginjal memiliki variasi ukuran dan lokasi yang berbeda, dan respons tubuh dapat bervariasi.

*   **Risiko Obstruksi Saluran Kemih:** Pada batu berukuran besar (>5 mm), efek diuretik yang kuat berpotensi mendorong batu ke saluran ureter yang sempit, memicu kolik ginjal (nyeri hebat) atau penyumbatan total aliran urin.
*   **Kondisi Medis Tertentu:** Tidak disarankan untuk penderita gangguan fungsi ginjal atau hati berat, karena dapat memperberat kerja organ tersebut. Diuretik juga berpotensi menurunkan tekanan darah, sehingga penderita hipotensi harus memantau kondisinya secara ketat.
*   **Ibu Hamil dan Menyusui:** Kontraindikasi untuk kelompok ini karena keamanan efek farmakologisnya terhadap janin dan bayi belum terjamin.
*   **Interaksi Obat:** Waspadai penggunaan bersamaan dengan obat diuretik sintetis atau obat antihipertensi, karena dapat terjadi efek sinergis yang menyebabkan penurunan tekanan darah drastis atau dehidrasi.

**Peringatan Penting:** Ramuan ini bersifat suportif dan tidak menggantikan penanganan klinis. Kencing batu memerlukan diagnosis medis (seperti USG) untuk memastikan posisi dan ukuran batu. Segera hubungi fasilitas kesehatan jika mengalami nyeri pinggang yang tak tertahankan, demam tinggi, atau urin berdarah dalam jumlah signifikan.","{""task"": ""preparation"", ""language"": ""id"", ""indication"": ""Kencing Batu""}",,
"As an ethnobotany expert, explain how to prepare Lengkuas to treat Nifas.","To treat Nifas using Lengkuas:
Ingredients:
- Lengkuas
  Scientific name: Alpinia galanga L.
  Part: rimpang segar
  Dose: 1 x 30 g rimpang muda/hari

Preparation:
bahan dipotong-potong, direbus dengan 2 gelas air hingga menjadi 1 gelas, dinginkan, saring dan diminum sekaligus.","Act as an expert in ethnobotany. Provide a detailed explanation of the traditional preparation methods for **Lengkuas** (Galangal, *Alpinia galanga*) specifically for treating **Nifas** (the postpartum confinement period in Malay/Indonesian culture, focusing on recovery after childbirth).

Please structure your response to include:
1. **Definition of Terms**: Briefly define Lengkuas and Nifas in this medical context.
2. **Preparation Steps**: Step-by-step instructions on how to prepare the herb (e.g., cleaning, cutting, boiling, mixing with other ingredients).
3. **Administration**: How the remedy is consumed or applied.
4. **Safety & Context**: Any relevant traditional precautions or cultural context regarding its use during the postpartum period.

User Task Parameters:
{""task"": ""preparation"", ""language"": ""en"", ""indication"": ""Nifas""}","### 1. Definition of Terms

**Lengkuas (Galangal, *Alpinia galanga*)**
Lengkuas refers to the rhizome of the *Alpinia galanga* plant, distinct from common ginger. In traditional Malay and Indonesian medicine, it is classified as a ""warming"" or ""hot"" herb. It is valued for its pungent aroma and bioactive compounds—such as 1,8-cineole and galangin—which are traditionally used to stimulate circulation, reduce inflammation, and expel wind.

**Nifas**
Nifas denotes the postpartum confinement period, typically observed for 40 to 44 days following childbirth. This phase is viewed as a time of profound physiological vulnerability where the body is considered to be in a ""cold"" state due to blood loss and the opening of the womb. The primary objectives during Nifas are to restore thermal balance, contract the uterus, expel residual lochia (post-birth discharge), and strengthen maternal vitality.

### 2. Preparation Steps

The preparation of Lengkuas for Nifas requires strict adherence to hygiene, as the postpartum body is highly susceptible to infection.

**Ingredients and Materials:**
*   50 to 100 grams of fresh Lengkuas rhizome (preferably mature, indicated by deeper skin).
*   750 ml to 1 liter of clean drinking water.
*   Optional adjuncts: Fresh ginger or turmeric for synergistic warming, or a small piece of palm sugar (*gula melaka*) to moderate pungency and provide energy.
*   A stainless steel or clay pot (avoid reactive metals like aluminum).

**Procedure:**
1.  **Cleaning:** Scrub the rhizome thoroughly under running water using a clean brush to remove all soil residues. While many active compounds reside near the skin, peeling is often recommended in this context to ensure sterility and minimize the risk of soil-borne pathogens.
2.  **Processing:** Slice the rhizome into thin rounds or bruise it heavily using the flat side of a knife. Bruising ruptures the oil cells, facilitating the release of essential oils without pulverizing the fiber.
3.  **Decoction:** Place the prepared Lengkuas (and any adjuncts) into the pot with the water. Bring to a rolling boil over medium-high heat.
4.  **Simmering:** Reduce the heat to low and simmer for 15 to 30 minutes until the liquid reduces slightly and takes on a pale yellowish or amber hue. Partially cover the pot to allow steam to escape while retaining volatile oils.
5.  **Straining:** Remove the pot from heat, allow it to cool slightly, and strain the liquid through a sterile fine-mesh sieve or clean cloth into a sterilized container. Discard the solid plant material.

### 3. Administration

The method of administration depends on whether the remedy is intended for internal warming or external hygiene.

**Internal Consumption:**
*   **Dosage:** Traditionally, one small cup (approximately 150 ml) is consumed once or twice daily, typically in the morning and early evening.
*   **Temperature:** The decoction must be consumed warm, never cold. Cold beverages are strictly avoided during Nifas, as they are believed to hinder womb contraction and blood flow.
*   **Duration:** This regimen is commonly followed for the first two weeks of the Nifas period, adjusting frequency based on recovery.

**External Application:**
*   **Bathing:** The decoction can be diluted with warm water for bathing (*mandi bertungku*), focusing on the abdominal area to tighten skin, warm the womb, and act as an antimicrobial wash for healing perineal tissues.
*   **Compress:** Leftover boiled rhizomes can be wrapped in cloth and used as a warm abdominal compress to utilize the herb's topical anti-inflammatory properties.

### 4. Safety & Context

While Lengkuas is a staple in traditional postpartum care, its use requires careful consideration of the mother's specific physiological state.

*   **Thermal Balance:** Because Lengkuas is inherently ""hot,"" excessive consumption can lead to symptoms of overheating, such as skin rashes, constipation, mouth ulcers, or irritability. If the mother exhibits signs of fever or infection, the use of warming herbs should be suspended immediately.
*   **Hemostatic Concerns:** Compounds in Galangal possess mild antiplatelet (blood-thinning) properties. During the immediate postpartum period, when the risk of hemorrhage is a primary concern, high doses should be avoided. If the mother is experiencing heavy bleeding or is prescribed anticoagulant medication, use must be discussed with a healthcare provider.
*   **Breastfeeding Considerations:** Herbal compounds may pass into breast milk. While generally regarded as safe in culinary amounts, concentrated medicinal doses should be monitored. If the infant shows signs of restlessness or digestive discomfort, discontinuation is advised.
*   **Hygiene and Infection Control:** The risk of sepsis during Nifas is non-trivial. All utensils, containers, and water used must be sterilized. Traditional practices should never compromise sterile wound care, particularly if there are surgical incisions (e.g., from a Cesarean section).
*   **Medical Integration:** This preparation is part of a broader cultural framework of recovery—including dietary restrictions (*pantang larang*) and rest—and should be viewed as complementary to, not a substitute for, modern obstetric care. Always consult a qualified medical practitioner before introducing herbal regimens, especially if taking prescribed medications for blood pressure, diabetes, or postpartum complications.","{""task"": ""preparation"", ""language"": ""en"", ""indication"": ""Nifas""}",,
"Sebagai pakar etnobotani, jelaskan cara membuat ramuan dari Lempuyang Wangi untuk mengobati Masuk Angin.","Untuk mengobati Masuk Angin menggunakan Lempuyang Wangi:
Bahan:
- Lempuyang Wangi
  Nama ilmiah: Zingiber aromaticum Valeton & Van Zijp.
  Bagian: rimpang segar
  Dosis: 2 x 1 ibu jari/hari

Cara Pembuatan:
bahan dimemarkan, rebus dengan 2 gelas air sampai menjadi 1 gelas, dibagi menjadi 2 bagian.","Bertindaklah sebagai pakar etnobotani. Jelaskan secara rinci cara membuat ramuan dari Lempuyang Wangi untuk mengobati Masuk Angin (kondisi ketidaknyamanan umum seperti kembung, masuk angin, atau flu ringan dalam budaya Indonesia).

Ikuti struktur jawaban berikut:
1. **Pendahuluan**: Definisi singkat Lempuyang Wangi dan khasiatnya terkait indikasi tersebut.
2. **Bahan-bahan**: Daftar bahan yang diperlukan dengan takaran yang jelas.
3. **Langkah Pembuatan**: Instruksi langkah demi langkah yang mudah diikuti.
4. **Cara Konsumsi**: Anjuran dosis dan cara minum.
5. **Peringatan**: Catatan keamanan atau kontraindikasi jika ada.

Konteks Tugas:
{""task"": ""preparation"", ""language"": ""id"", ""indication"": ""Masuk Angin""}","1. **Pendahuluan**
Lempuyang Wangi (*Zingiber aromaticum*) adalah rimpang warisan leluhur yang sangat dihargai dalam tradisi pengobatan Nusantara. Tanaman ini memiliki aroma khas yang menenangkan serta mengandung minyak atsiri (seperti zerumbone dan kamfena) dan senyawa aktif yang bersifat hangat (termogenik) dan karminatif. Dalam konteks ""Masuk Angin""—kondisi ketidaknyamanan seperti kembung, meriang, menggigil, atau flu ringan—Lempuyang Wangi membantu menghangatkan tubuh, melancarkan peredaran darah, mengeluarkan gas dari saluran pencernaan, serta meredakan gejala flu melalui stimulasi pada sistem pernapasan.

2. **Bahan-bahan**
Untuk menyiapkan satu porsi ramuan yang efektif, siapkan bahan-bahan berikut:
*   **Rimpang Lempuyang Wangi segar:** 2 ruas jari orang dewasa (sekitar 15-20 gram). Pilih yang kulitnya tidak keriput dan dagingnya berwarna kuning pucat.
*   **Air bersih:** 3 gelas (sekitar 600 ml).
*   **Jahe Merah (Opsional):** 1 ruas jari, untuk menambah efek hangat yang lebih kuat.
*   **Serai (Opsional):** 1 batang, untuk memberikan aroma relaksasi dan membantu menggugurkan keringat.
*   **Gula Merah atau Madu:** 1 sendok makan (opsional, sebagai pemanis dan penambah energi).
*   **Garam:** Sejumput kecil (opsional, untuk menyeimbangkan rasa dan membantu penyerapan).

3. **Langkah Pembuatan**
Ikuti langkah-langkah berikut dengan teliti agar khasiat tanaman terjaga:
*   **Pembersihan:** Cuci bersih rimpang Lempuyang Wangi (dan jahe jika digunakan) di bawah air mengalir. Sikat perlahan untuk menghilangkan tanah, namun tidak perlu mengupas kulitnya sepenuhnya karena banyak kandungan aktif berada tepat di bawah kulit.
*   **Penyiapan:** Iris tipis-tipis atau memarkan (geprek) rimpang hingga sedikit pecah. Memarkan rimpang sangat disarankan karena membantu memecah sel tanaman sehingga minyak atsiri keluar lebih maksimal saat direbus. Memarkan juga batang serai jika digunakan.
*   **Perebusan:** Masukkan rimpang dan serai ke dalam panci (disarankan tanah liat atau *stainless steel*, hindari aluminium) berisi air. Nyalakan api sedang hingga air mendidih.
*   **Penyusutan:** Setelah mendidih, kecilkan api dan biarkan ramuan mendidih perlahan (*simmer*) selama 15–20 menit hingga air menyusut menjadi sekitar 1 gelas (250 ml).
*   **Penyaringan & Penyajian:** Matikan api, lalu saring air rebusan ke dalam gelas. Masukkan gula merah dan sejumput garam selagi ramuan masih panas agar larut sempurna. Jika menggunakan madu, tunggu hingga suhu ramuan menjadi hangat kuku agar khasiat madu tidak rusak akibat panas.

4. **Cara Konsumsi**
*   **Suhu & Waktu:** Minum ramuan dalam keadaan hangat, sebaiknya setelah makan untuk mengurangi risiko iritasi lambung. Sangat direkomendasikan diminum pada sore atau malam hari sebelum tidur; setelah minum, gunakan pakaian hangat atau selimut untuk membantu proses pengeluaran keringat.
*   **Dosis:** Konsumsi 1 gelas, 1–2 kali sehari, selama 2–3 hari berturut-turut hingga gejala masuk angin mereda. Hindari konsumsi berlebihan dalam jangka panjang karena sifatnya yang sangat hangat.

5. **Peringatan**
Meskipun berbahan alami, keamanan tubuh tetap menjadi prioritas utama. Perhatikan hal-hal berikut:
*   **Ibu Hamil dan Menyusui:** Konsultasikan dengan bidan atau dokter sebelum mengonsumsi karena sifat hangat yang kuat dari rimpang dapat mempengaruhi kondisi rahim pada trimester tertentu.
*   **Lambung Sensitif (Maag/GERD):** Bagi yang memiliki riwayat gastritis atau luka lambung, pastikan meminumnya setelah makan, bukan saat perut kosong. Jika terasa perih, hentikan penggunaan.
*   **Kondisi ""Panas Dalam"":** Hindari ramuan ini jika tubuh sudah terasa sangat panas, demam tinggi, atau terjadi peradangan tenggorokan yang hebat, karena sifat hangatnya dapat memperparah kondisi.
*   **Reaksi Alergi:** Hentikan pemakaian jika muncul rasa tidak nyaman berlebihan, gatal-gatal, ruam, atau mual yang bertambah.
*   **Persistensi Gejala:** Jika gejala tidak membaik dalam 3 hari, atau disertai demam tinggi dan muntah berkelanjutan, segera hubungi tenaga medis profesional untuk penanganan lebih lanjut.","{""task"": ""preparation"", ""language"": ""id"", ""indication"": ""Masuk Angin""}",,
"Sebagai pakar etnobotani, jelaskan cara membuat ramuan dari Jahe untuk mengobati Encok /Pegal Linu.","Untuk mengobati Encok /Pegal Linu menggunakan Jahe:
Bahan:
- Jahe
  Nama ilmiah: Zingiber officinale Rosc.
  Bagian: rimpang
  Dosis: 3 x 5 g rimpang/hari, sebelum makan

Cara Pembuatan:
bahan diseduh dengan 1 cangkir air mendidih, diamkan, saring dan diminum sebelum makan

Informasi Keamanan:
Larangan: anak <6 tahun, batu empedu.
Peringatan: tidak boleh diberikan dengan dosis > 6 g, karena dapat menimbulkan borok lambung
Efek samping: sedikit nyeri lambung, rasa terbakar di ulu hati","Sebagai pakar etnobotani, jelaskan secara rinci cara pembuatan ramuan dari Jahe untuk mengobati Encok atau Pegal Linu.

Ikuti struktur respons berikut:
1. **Pendahuluan**: Jelaskan singkat khasiat Jahe dalam konteks etnobotani untuk masalah sendi.
2. **Bahan dan Alat**: Daftar bahan baku dan peralatan yang diperlukan.
3. **Langkah Pembuatan**: Uraikan proses pembuatan ramuan secara langkah demi langkah yang jelas dan aman.
4. **Cara Penggunaan**: Jelaskan dosis, frekuensi, dan metode konsumsi yang tepat.
5. **Peringatan**: Sertakan kontra-indikasi atau efek samping yang mungkin terjadi.

Konteks Tugas:
{""task"": ""preparation"", ""language"": ""id"", ""indication"": ""Encok /Pegal Linu""}","### 1. Pendahuluan
Dalam kearifan nenek moyang kita di Nusantara, Jahe (*Zingiber officinale*) bukan sekadar bumbu dapur, melainkan ""emas merah"" yang hangat bagi tubuh. Secara etnobotani, jahe telah lama dipercaya sebagai penyeimbang energi dingin dan lembap yang sering kali bersarang di persendian, menyebabkan rasa nyeri, kaku, atau yang kita kenal sebagai encok dan pegal linu. Kandungan aktif utama dalam jahe, yaitu gingerol dan shogaol, bekerja secara alami seperti obat anti-inflamasi non-steroid; mereka membantu meredakan pembengkakan pada sendi dan melancarkan aliran darah ke area yang sakit, sehingga membawa kehangatan yang menenangkan dan mengurangi rasa nyeri secara bertahap.

### 2. Bahan dan Alat
Untuk menyiapkan ramuan ini dengan hasil terbaik, pastikan Anda memilih bahan-bahan segar dan peralatan yang bersih:

**Bahan Baku:**
*   **Jahe Merah atau Jahe Emprit Tua:** 50–70 gram (pilih yang tua karena kadar minyak atsiri dan rasa pedasnya lebih tinggi, sangat baik untuk melancarkan darah). Jahe merah lebih diutamakan untuk kasus encok yang parah.
*   **Air Bersih:** 600 ml (sekitar 3 gelas sedang).
*   **Madu Murni:** 1–2 sendok makan (sebagai pemanis alami dan penambah daya tahan tubuh).
*   **Jeruk Nipis/Lemon (Opsional):** ½ buah, untuk menambah vitamin C dan menyeimbangkan rasa.
*   **Sereh (Opsional):** 1 batang, memarkan, untuk aroma tambahan dan efek relaksasi otot.

**Peralatan:**
*   Pisau dapur yang tajam.
*   Talenan.
*   Panci kecil (stainless steel atau tanah liat lebih baik).
*   Parutan atau ulekan (untuk menghancurkan jahe agar sarinya keluar maksimal).
*   Saringan kain atau saringan teh.
*   Gelas kaca atau keramik untuk penyajian.

### 3. Langkah Pembuatan
Proses ini memerlukan kesabaran untuk mengekstrak sari pati jahe secara optimal tanpa merusak kandungan aktifnya akibat panas berlebih.

1.  **Persiapan Jahe:** Cuci bersih jahe di bawah air mengalir untuk menghilangkan tanah yang menempel. Tidak perlu mengupas kulitnya terlalu dalam jika jahe organik, cukup gosok perlahan. Namun, jika jahe terlihat kotor, kupas tipis-tipis.
2.  **Penghancuran:** Memarkan jahe hingga gepeng, lalu parut kasar atau tumbuk hingga sedikit hancur. Langkah ini krusial karena memecah dinding sel jahe sehingga minyak atsiri dan gingerol dapat larut sempurna ke dalam air.
3.  **Perebusan:** Masukkan jahe yang sudah dihancurkan (dan sereh jika menggunakan) ke dalam panci bersama 600 ml air. Nyalakan api sedang hingga air mendidih.
4.  **Penyarian (Simmering):** Setelah mendidih, kecilkan api hingga paling rendah. Tutup panci dan biarkan meresap selama 10–15 menit. Jangan merebus terlalu lama dengan api besar karena dapat menguapkan minyak atsiri yang justru menjadi inti khasiatnya. Air akan berubah warna menjadi kuning kecokelatan dan aromanya semakin tajam.
5.  **Penyaringan:** Matikan api. Tuang air rebusan melalui saringan ke dalam gelas atau teko, tekan-tekan ampas jahe dengan sendok agar sari patinya keluar semua, lalu buang ampasnya.
6.  **Pencampuran Akhir:** Tunggu hingga ramuan hangat kuku (tidak terlalu panas). Baru kemudian tambahkan madu dan perasan jeruk nipis. *Catatan:* Jangan memasukkan madu saat air masih mendidih karena panas ekstrem dapat merusak enzim baik dalam madu.

### 4. Cara Penggunaan
Agar pengobatan ini efektif dan aman, ikuti panduan berikut:

*   **Dosis:** Minum 1 gelas (sekitar 200 ml) per sajian.
*   **Frekuensi:** Konsumsi 2 kali sehari, yaitu pada pagi hari setelah sarapan dan sore hari saat cuaca mulai dingin atau saat nyeri mulai terasa.
*   **Metode Konsumsi:** Minum dalam keadaan hangat-hangat kuku. Rasakan kehangatan yang menjalar dari tenggorokan hingga ke perut dan menyebar ke seluruh tubuh. Untuk hasil maksimal, kombinasikan dengan kompres hangat dari ampas jahe yang telah direbus tadi pada sendi yang sakit selama 15 menit.
*   **Durasi:** Lakukan secara rutin selama 5–7 hari berturut-turut untuk melihat perbaikan signifikan. Jika gejala membaik, frekuensi bisa dikurangi menjadi 3–4 kali seminggu sebagai pencegahan.

### 5. Peringatan
Meskipun alami, jahe memiliki sifat panas yang kuat dan perlu diperhatikan penggunaannya demi keselamatan Anda:

*   **Gangguan Lambung:** Bagi penderita maag akut atau GERD, hindari minum ramuan ini saat perut kosong. Pastikan sudah makan sebelumnya untuk mencegah iritasi lambung akibat rasa pedas jahe.
*   **Pengencer Darah:** Jahe memiliki efek mengencerkan darah secara alami. Jika Anda sedang mengonsumsi obat pengencer darah dari dokter (seperti warfarin atau aspirin) atau akan menjalani operasi, konsultasikan terlebih dahulu sebelum mengonsumsi ramuan ini secara rutin.
*   **Kondisi Panas Dalam:** Jika Anda sedang mengalami demam tinggi, radang tenggorokan akut, atau merasa tubuh sangat panas (demam inflamasi), hentikan konsumsi sementara karena sifat hangat jahe dapat memperburuk kondisi tersebut.
*   **Reaksi Alergi:** Hentikan pemakaian segera jika muncul ruam kulit, gatal-gatal, atau sesak napas setelah mengonsumsi, meskipun kasus alergi jahe sangat jarang terjadi.

Semoga kehangatan dari alam ini dapat membawa kenyamanan dan mengurangi beban nyeri pada sendi Anda. Tetaplah sabar dan dengarkan respon tubuh Anda selama proses penyembuhan.","{""task"": ""preparation"", ""language"": ""id"", ""indication"": ""Encok /Pegal Linu""}",,
"As an ethnobotany expert, explain how to prepare Minyak Kelapa to treat Kulit Kering Bersisik.","To treat Kulit Kering Bersisik using Minyak Kelapa:
Ingredients:
- Minyak Kelapa
  Scientific name: Cocos nucifera L.
  Part: daging buah
  Dose: 1 butir kelapa tua

Preparation:
bahan diparut, ditambahkan 4 gelas air, diperas, saring lalu dimasak sampai menjadi minyak, selanjutnya dioleskan pada bagian yang sakit.","Act as an ethnobotany expert. Provide a detailed explanation on how to prepare 'Minyak Kelapa' (traditional coconut oil) to treat 'Kulit Kering Bersisik' (scaly dry skin).

Please adhere to the following parameters:
{""task"": ""preparation"", ""language"": ""en"", ""indication"": ""Kulit Kering Bersisik""}

Your response must:
1. Define any technical ethnobotanical terms used.
2. Break down the preparation process into clear, manageable steps.
3. Explain the specific application method for the indicated condition.
4. Maintain a professional, expert tone while ensuring clarity.","# Preparing Traditional Minyak Kelapa for Kulit Kering Bersisik

When the skin becomes dry and scaly, known traditionally as *Kulit Kering Bersisik*, it signals a disruption in the skin's natural barrier. For generations across Southeast Asia, **Minyak Kelapa** (traditional coconut oil) has been revered not merely as a cooking ingredient, but as a profound healing balm. When prepared with care, this oil becomes a potent vessel of nourishment, helping to soften rough textures and restore the skin's natural lipid barrier.

Below is a guide to preparing this traditional remedy using the fermentation method, which preserves the delicate bioactive compounds often lost in high-heat processing.

### Understanding Key Terms

To fully appreciate the healing potential of this remedy, it is helpful to understand the specific properties at work:

*   **Emollient:** A substance that softens and soothes the skin by filling the gaps between skin cells with lipids, smoothing out the rough, scaly surface.
*   **Occlusive:** A property that forms a protective film on the skin's surface, preventing water from evaporating and locking hydration inside.
*   **Transepidermal Water Loss (TEWL):** The continuous process of water evaporating from the epidermis into the atmosphere, which leads to dryness and scaling. Occlusive agents help prevent TEWL.
*   **Lauric Acid:** A medium-chain fatty acid abundant in coconut oil. It possesses antimicrobial properties that help protect compromised, scaly skin from secondary infections while supporting healing.
*   **Cold-Pressed (Traditional Fermentation):** A method of extracting oil without using external heat. By allowing natural enzymes, gravity, and fermentation to separate the oil from the coconut milk, we preserve heat-sensitive antioxidants and vitamins essential for skin repair.

### Ingredients and Materials

*   **2–3 Mature Coconuts:** Look for brown, mature coconuts that feel heavy for their size, as they yield a higher oil content than young ones.
*   **Clean Glass Jars:** Sterilized jars with tight-fitting lids for fermentation and storage.
*   **Cheesecloth or Fine Muslin:** For extracting the milk.
*   **Grater or Blender:** To process the coconut meat.
*   **Warm Water:** To assist in extracting the milk.

### Preparation Process

This process requires patience, allowing nature to separate the oil gently and preserve its restorative properties.

1.  **Extract the Coconut Meat:** Crack the coconuts and remove the white meat. Peel away any thin brown skin attached. Grate the meat finely or blend it with a small amount of warm water to create a thick paste.
2.  **Press the Milk:** Wrap the coconut paste in the cheesecloth. Squeeze firmly over a bowl to extract the rich, white coconut milk. You may add a little more warm water to the pulp and squeeze again to ensure maximum extraction.
3.  **Fermentation:** Pour the extracted milk into a clean glass jar. Cover it loosely with a cloth or lid—do not seal tightly, as gases need to escape. Place the jar in a warm, shaded spot away from direct sunlight.
4.  **Observation:** Let the milk sit undisturbed for 24 to 48 hours. During this time, natural fermentation will occur. You will notice the milk separating into three distinct layers: a solid curd at the top, clear oil in the middle, and watery liquid at the bottom. The scent will shift from sweet to a slightly sour, yogurt-like aroma, which is normal.
5.  **Collection:** Once the layers are distinct, carefully skim off the solid curd on top. Using a spoon or a pipette, gently draw out the clear oil from the middle layer, avoiding the water at the bottom.
6.  **Storage:** Transfer the collected **Minyak Kelapa** into a sterilized, dark glass bottle. Store it in a cool, dry place. Properly prepared, it can remain stable for several months. If the temperature drops, the oil may naturally solidify; simply warm it in your hands before use.

### Application Method for Scaly Dry Skin

Treating *Kulit Kering Bersisik* requires more than simply applying oil; it requires preparing the skin to receive the nourishment and maximize absorption.

1.  **Gentle Cleansing & Hydration:** Begin by washing the affected area with a mild, non-soap cleanser and lukewarm water. Avoid hot water, as it strips natural oils and worsens dryness. The most effective method is to apply the oil immediately after bathing while the skin is still slightly damp, allowing the oil to trap existing water molecules on the surface.
2.  **Softening the Scales:** If the scaling is thick, soak the area in warm water for 5–10 minutes before application. This softens the hardened skin cells, allowing the oil to penetrate more deeply.
3.  **Warm the Oil:** Scoop a small amount of the traditional oil into your palm. Rub your hands together gently to melt and warm the oil using your body heat. This enhances absorption and provides a soothing sensory experience.
4.  **Gentle Massage:** Apply the oil to the damp skin using slow, circular motions. Do not scrub aggressively against the scales; instead, let the emollient properties gently soften them over time. Focus on covering areas like the elbows, knees, and shins where scaling is common.
5.  **Occlusive Therapy:** For severe dryness, apply a generous layer of oil before bedtime and cover the area with a breathable cotton cloth or glove. This creates an occlusive seal that forces hydration into the skin and prevents TEWL overnight.
6.  **Consistency:** Repeat this process twice daily—once in the morning and once before bed. Healing scaly skin is a gradual process, but with consistent care, the scaling should diminish, revealing softer, more supple skin.

### A Note on Care

Listen to your skin. Before applying broadly, test a small amount on a patch of skin to ensure compatibility. If you experience any irritation or redness, discontinue use and consult a healthcare provider. This traditional remedy is designed to nurture and restore, bringing comfort and balance back to your skin through the wisdom of nature. Treat this process as a ritual of self-care, allowing the calming properties of the oil to bring peace to your daily routine.","{""task"": ""preparation"", ""language"": ""en"", ""indication"": ""Kulit Kering Bersisik""}",,
"As an ethnobotany expert, explain how to prepare Kencur to treat Encok /Pegal Linu.","To treat Encok /Pegal Linu using Kencur:
Ingredients:
- Kencur
  Scientific name: Kaempferia galanga L.
  Part: rimpang
  Dose: 3 x 5 g rimpang/hari, sebelum makan

Preparation:
bahan dihaluskan sampai menjadi serbuk, diseduh dengan 1 cangkir air mendidih, diamkan, saring dan diminum selagi hangat sebelum makan.

Safety Information:
Contraindications: alergi, kehamilan, gangguan perut kronik
Side effects: rasa terbakar di perut","Act as an ethnobotany expert. Explain the traditional preparation methods for Kencur (Kaempferia galanga) to treat Encok (gout) and Pegal Linu (muscle aches/rheumatism). Adhere strictly to the following task parameters provided in JSON format:

{""task"": ""preparation"", ""language"": ""en"", ""indication"": ""Encok /Pegal Linu""}

Your response must:
1. Define the specific conditions (Encok and Pegal Linu) within the context of traditional medicine.
2. Detail the step-by-step preparation process for Kencur.
3. Maintain a professional, educational tone suitable for an expert audience.
4. Be written entirely in English.","### Understanding Encok and Pegal Linu

In traditional Indonesian medicine, musculoskeletal complaints are categorized by specific symptom profiles. **Encok** refers to acute joint inflammation, swelling, heat, and severe pain—often corresponding to gout—traditionally attributed to the accumulation of metabolic waste or ""wind"" in the joints. **Pegal Linu** describes a broader spectrum of discomfort, including muscle fatigue, stiffness, and deep aching, typically resulting from physical overexertion or exposure to cold and dampness.

*Kaempferia galanga* (Kencur), a rhizomatous plant from the Zingiberaceae family, is utilized for these conditions due to its warming properties and anti-inflammatory compounds, primarily ethyl p-methoxycinnamate. 

### Traditional Preparation Methods

Depending on the nature of the discomfort, Kencur is prepared either for localized external application or systemic internal use.

#### 1. Topical Paste or Compress (For Pegal Linu and localized Encok)
This method increases local blood flow and reduces inflammation.

**Materials:**
*   50–100 grams of fresh Kencur rhizomes
*   Mortar and pestle or grater
*   A pinch of coarse salt (acts as a mild abrasive)
*   Rice flour or carrier oil (optional, for consistency)
*   Clean cloth or gauze

**Procedure:**
1.  **Cleaning:** Wash the rhizomes thoroughly to remove soil. Peel if mature and fibrous.
2.  **Processing:** Pound or grate the rhizomes into a fine, moist paste to release the essential oils.
3.  **Mixing:** Incorporate the salt. If the paste is too loose, add rice flour; if too dry, add a small amount of warm water or oil to achieve a spreadable consistency.
4.  **Application:** Apply the paste directly to the affected muscle or joint.
5.  **Binding:** Cover with a clean cloth or gauze to retain warmth and prevent staining. Leave for 30 to 60 minutes, then rinse with warm water.

#### 2. Medicated Oil Infusion (For chronic Pegal Linu)
This preparation is ideal for massage therapy and treating persistent muscle aches.

**Materials:**
*   100 grams of fresh Kencur rhizomes, thinly sliced
*   250 ml carrier oil (coconut or olive oil)
*   Glass jar with an airtight lid
*   Double boiler

**Procedure:**
1.  **Drying:** Allow the sliced rhizomes to air-dry for 24 hours to reduce water content and prevent spoilage.
2.  **Infusion:** Combine the dried slices and carrier oil in the glass jar. Place the jar in a double boiler.
3.  **Heating:** Heat gently on low for 2 to 3 hours. Do not allow the oil to boil vigorously, as high heat degrades volatile compounds.
4.  **Straining:** Cool completely, then strain through a fine mesh or cheesecloth into a dark glass bottle.
5.  **Usage:** Massage a small amount into affected areas twice daily.

#### 3. Internal Decoction or Infusion (For systemic Encok)
This method addresses internal inflammation and systemic discomfort.

**Materials:**
*   10–30 grams of fresh Kencur rhizome, thinly sliced or bruised
*   400–500 ml water
*   Non-reactive pot
*   Honey or palm sugar (optional)

**Procedure:**
1.  **Preparation:** Clean and slice the rhizome to increase surface area.
2.  **Extraction:** Combine with water in a pot. Bring to a boil, then reduce to a simmer for 15–20 minutes until the volume reduces by about half. *(Note: To preserve more volatile oils, an alternative method involves bruising the rhizome and steeping it in warm—not boiling—water for 10–15 minutes).*
3.  **Filtration:** Strain the liquid to remove plant material.
4.  **Consumption:** Drink half a cup to one cup once daily, preferably after meals to minimize gastric discomfort. Honey may be added for taste.

### Safety and Considerations

While Kencur is a common medicinal herb, prudent use is necessary:

*   **Dermal Sensitivity:** Perform a patch test before widespread topical application. Discontinue use if redness, itching, or burning occurs. Do not apply pastes or oils to open wounds or broken skin.
*   **Gastric Irritation:** Internal consumption may cause heartburn or a burning sensation in the stomach, particularly in individuals with chronic gastric issues or acid reflux.
*   **Pregnancy and Lactation:** Avoid therapeutic internal use during pregnancy and breastfeeding due to insufficient safety data and potential uterine stimulation.
*   **Medical Interactions:** Individuals taking anticoagulants or pharmaceutical medications for gout or hypertension should consult a healthcare provider before internal use, as herbal preparations may interact with these drugs.
*   **Duration of Use:** Traditional practice recommends short-term use (up to one week). If symptoms persist or worsen, seek professional medical evaluation, as these preparations are supportive and not a substitute for clinical treatment.","{""task"": ""preparation"", ""language"": ""en"", ""indication"": ""Encok /Pegal Linu""}",,
"Minangka ahli etnobotani, nerangake carane nggawe jampi saka godhong picah beling kanggo nambani watu kemih.","Kanggo nambani watu kemih, gunakake godhong picah beling:
Bahan:
- godhong picah beling
  Jeneng Ilmiah: Strobillanthus crispus Bl
  Bagian: godhong
  Dosis: 2x 15 godhong / dina

Cara Nggawe:
Godhonge digodhog nganggo banyu 2 gelas nganti suda setengah, dipun-saring, diombe nalika anget.

Informasi Keamanan:
Larangan: ati, kelainan ginjel, meteng
Efek samping: durung kacarita.","Minangka ahli etnobotani, sumangga nerangaken kanthi rinci lan sistematis babagan cara nyiapaken jampi saking godhong picah beling kangge nambani penyakit watu kemih. 

Pandhuan panjenengan kedah ngagem Basa Jawa Krama Inggil lan ngemu struktur ingkang cetha:
1. **Pengenalan**: Andharan singkat babagan khasiat godhong picah beling (Strobilanthes crispus) tumrap kesehatan ginjel.
2. **Bahan ingkang dipunbetahaken**: Daptar bahan baku lan takaran ingkang tepat.
3. **Langkah-langkah Preparasi**: Urutan proses nggawe jampi wiwit saking ngresiki godhong, nggodhog, ngantos cara nginum ingkang leres.
4. **Peringatan lan Cathetan**: Informasi babagan dosis, efek samping ingkang mungkin wonten, lan anjuran konsultasi kaliyan dokter.

Mangga tindakaken instruksi ing ngandhap ingkang kedah dipunestokaken:
{""task"": ""preparation"", ""language"": ""jv"", ""jv_herb_name"": ""daun picah beling"", ""register"": ""Krama_Inggil""}","**1. Pengenalan**
Godhong picah beling, ingkang wonten ing ngèlmu botani kawastanan *Strobilanthes crispus*, punika tetanduran ingkang sampun dangu dipunpitados déning masarakat Jawi minangka jampi tradhisional kanggé njagi kasarasan ginjel. Tetanduran punika ngandhut senyawa kalium ingkang saged mbantu nglarutaken endapan kalsium utawi kristal ingkang dados watu kemih. Kajaba punika, godhong punika ugi gadhah sipat diuretik alami lan anti-inflamasi ingkang saged mbantu ngelancaraken proses buang toya seni saha ngurangi peradangan ing saluran kemih, saéngga watu ingkang alit saged medal kanthi alus.

**2. Bahan ingkang dipunbetahaken**
Kanggé nyiapaken jampi punika kanthi leres, sumangga siapakén bahan-bahan ingkang seger lan resik kados ing ngandhap punika:
- **Godhong picah beling seger**: 7 ngantos 10 lembar (pilih ingkang ijo seger, boten layu, lan boten kena hama).
- **Toya resik**: 3 gelas (kirang langkung 600 ml). Saénipun ngagem toya umbul utawi toya ingkang sampun dipundhidhik.
- **Madu murni utawi gula batu** (opsional): Sakedhik kémawon kanggé nambah raos lan daya tahan badan.
- **Panci**: Saénipun saking tanah liat utawi stainless steel (dipunanjuraken boten ngagem panci aluminium supados kandungan kimia tetanduran boten reaksi kaliyan logam).

**3. Langkah-langkah Preparasi**
Proses pangolahan jampi punika kedah dipuntindakaken kanthi sabar, teliti, lan resik. Sumangga tindakaken urutan ingkang wonten ing ngandhap punika:
- **Ngresiki Godhong**: Kumbah godhong picah beling kanthi toya mili kanthi alon-alon. Pesthikaken bilih lebu lan rereget sampun ical. Ampun nggosok kanthi keras supados sari-sarinipun boten risak.
- **Nggodhog Toya**: Lebetaken 3 gelas toya resik wonten ing panci, lajeng nyalakaken kompor kanthi geni sedheng.
- **Proses Panyeduhan**: Menawi toya sampun umub, lebetaken godhong ingkang sampun resik wau. Kecilaken geni lajeng tutup panci. Godhog kanthi geni alit ngantos toya susut dados kirang langkung 1 gelas (kirang langkung 15-20 menit) supados sari-sari khasiat godhong saged medal kanthi sampurna. Werni toya badhé owah dados coklat enom utawi kehijauan.
- **Nyaring**: Matèni geni. Tunggu ngantos toya adhem sekedhik (anget kuku), lajeng saring ngginakaken saringan resik supados boten wonten ampas ingkang kèbawa.
- **Cara Nginum**: Inum jampi punika nalika taksih anget. Saged dipununjuk kaping kalih saben dinten, inggih punika enjang lan sore, sasampunipun dhahar supados lambung boten krasa perih.

**4. Peringatan lan Cathetan**
Demi kaslametan lan kawilujengan panjenengan, wonten sawetawis perkawis ingkang kedah dipuneling-eling:
- **Dosis**: Ampun ngunjuk jampi punika kelangkung kathah saking anjuran. Panggémahan ingkang kekathahen saged ngganggu kaseimbangan elektrolit lan ndadosaken ginjel makarya langkung abot.
- **Efek Samping**: Sawetawis tiyang mungkin ngraosaken mual, pusing, utawi raos boten nyaman ing weteng. Menawi makaten, sumangga enggal mandhegaken panggémahanipun.
- **Larangan**: Jampi punika boten dipunanjuraken kanggé ibu ingkang saweg ngandhut utawi nyusoni, sarta tiyang ingkang gadhah kelainan ginjel utawi ati ingkang serius tanpa pangawasan dokter.
- **Konsultasi Medis**: Jampi tradhisional punika minangka pambantu utawi panyengkuyung. Sanget dipunanjuraken supados tetep konsultasi kaliyan dokter, utaminipun menawi panjenengan saweg ngunjuk obat-obatan medis, supados boten wonten interaksi obat ingkang mbebayani.
- **Anjuran Tambahan**: Saged dipunbarengi kanthi ngunjuk toya putih ingkang kathah saben dintenipun kanggé mbantu proses pengeluaran watu kemih.

Mugi-mugi pandhuan punika saged mupangat lan panjenengan saged enggal dhangan saking sakit. Tansah jaga kasarasan kanthi tepang ukur.","{""task"": ""preparation"", ""language"": ""jv"", ""jv_herb_name"": ""daun picah beling"", ""register"": ""Krama_Inggil""}",,
"Minangka ahli etnobotani, jelasake carane nggawe jampi saka balung sing rusak kanggo nambani lara untu.","Kanggo nambani lara untu nggunakake balung sing rusak:
Bahan:
- fraktur balung
  Jeneng ilmiah: Euphorbia tirucalli L.
  Bagian: watang seger
  Dosis: 1 x 1-3 tetes sap / dina

Cara Nggawe:
Pecah watang, kumpulake 1-3 tetes sap ing wol katun, lebokake ing untu sing lara.

Informasi Keamanan:
Larangan: aja nguntal
Pènget: aja kena ing mripat amarga saged nyebabake erosi lan malah wuta
Efek samping: iritasi mukosa lan/utawa kulit","Minangka ahli etnobotani, sumangga paringaken andharan ingkang jangkep lan teliti babagan tata cara nyiyapaken jampi saking tetuwuhan ""patah tulang"" kangge nambani sakit untu. Andharan kedah ngginakaken Basa Jawi Krama Inggil ingkang leres lan sopan.

Mangga gunakaken data ingkang kapacak ing ngandhap punika minangka dhasar tanggepan panjenengan:
{""task"": ""preparation"", ""language"": ""jv"", ""jv_herb_name"": ""patah tulang"", ""register"": ""Krama_Inggil""}","Salam pakurmatan dhumateng Panjenengan. Nyeri ing waja menika saged ngganggu raos tentrem ing manah. Mugi-mugi Panjenengan tansah pinaringan kasarasan. Kangge nambani nyeri waja, tetuwuhan ""patah tulang"" (Orthosiphon aristatus) saged dipunginakaken minangka jampi tradhisional. Wonten tata cara ingkang kedah dipunlampahi kanthi atitis supados khasiatipun saged maksimal.

Sumangga Panjenengan pirsa tata cara nyamektakaken jampi wau kados ing ngandhap punika:

**1. Mendhet Bahan Ingkang Seger**
Pilih ron patah tulang ingkang taksih seger, ijem enom, lan boten kena hama. Cacahipun kirang langkung 5 dumugi 10 lembar. Menawi saged, mendhet ing wekdal enjang nalika embun taksih wonten, amargi kandhutan sarinipun taksih kiyat saged mundhut sari ingkang sae.

**2. Ngresiki Ron kanthi Atitis**
Wisuh ron kasebat ngginakaken toya ingkang mili kanthi atitis supados lebu lan regedan ical. Perhatosaken supados ron menika leres-resik, amargi badhe dipunginakaken ing papan ingkang sensitip kados ta cangkem.

**3. Ngolah lan Nggodhog**
Sasampunipun resik, ron saged dipuniris alit-alit utawi dipunremes ngantos remuk supados sari-sarinipun gampil medal. Siapaken panci saking lempung utawi waja ingkang boten saking aluminium. Lebetaken ron kasebat, lajeng tambah toya resik kirang langkung 2 gelas (kirang langkung 400 ml). Godhog ngginakaken geni alit ngantos umob lan toya susut dados satunggal gelas (kirang langkung 200 ml) utawi warninipun owah dados coklat enom. Geni alit dipunginakaken supados sari tetuwuhan boten risak amargi panas ingkang kelampau kiyat.

**4. Nyaring lan Ngentasaken**
Sasampunipun toya susut, matenaken geni. Tunggulah ngantos toya godhogan menika anget kuku (boten kelampau panas). Saring toya kasebat ngginakaken kain resik utawi saringan teh kagem misahaken ampas ron.

**5. Cara Ngginakaken**
Toya saringan punika dipunginakaken minangka obat kumur. Kumur-kumuren ing cangkem kanthi alon, fokusaken ing perangan waja ingkang nyeri, lan tahan kirang langkung 2 dumugi 3 menit supados sarinipun saged neresep. Sasampunipun, toya dipunbuang lan mboten dipuntelen. Menawi nyeri taksih karaos, Panjenengan saged njumput kapas, dipunbasahi toya godhogan anget wau, lajeng ditempelaken ing waja ingkang sakit. Tindakaken cara menika 2 dumugi 3 kali sadinten, utaminipun sasampunipun dhahar.

**Pepeling Ingkang Perlu Dipunperhatosaken:**
* Toya godhogan punika khusus kagem obat kumur ingkang dipunbuang, mboten dipuntelen.
* Menawi Panjenengan gadhah riwayat alergi dhumateng tetuwuhan tartamtu, sumangga ngatos-atos.
* Menawi nyeri mboten ugi ical utawi malah tambah parah, sumangga Panjenengan enggal pariksa dhumateng dhokter utawi ahli kesehatan gigi kagem penanganan ingkang langkung jangkep.

Mugi-mugi kanthi tata cara ingkang sampun dipunandharaken punika, raos nyeri ing waja saged enggal reda. Alam nyamektakaken kawicaksanan, kedahipun kita ngginakaken kanthi atitis. Mugi Panjenengan enggal waras lan saged nindakaken kegiatan malih kanthi raos tentrem.","{""task"": ""preparation"", ""language"": ""jv"", ""jv_herb_name"": ""patah tulang"", ""register"": ""Krama_Inggil""}",,
"Sebagai pakar etnobotani, jelaskan cara membuat ramuan dari Pipermin untuk mengobati Gigitan Serangga.","Untuk mengobati Gigitan Serangga menggunakan Pipermin:
Bahan:
- Pipermin
  Nama ilmiah: Mentha piperita (L)
  Bagian: daun segar
  Dosis: daun segar 1 genggam (80 g)

Cara Pembuatan:
bahan ditumbuk sampai halus, bubuhkan pada bagian yang sakit, lalu balut dengan perban.

Informasi Keamanan:
Larangan: tidak boleh diberikan di daerah muka terutama pada anak < 8 tahun
Peringatan: minyak pipermin bila diberikan di muka atau dada pada bayi, terutama sekitar hidung dapat menimbulkan kesulitan bernafas sampai henti nafas.
Efek samping: alergi","Sebagai pakar etnobotani, jelaskan secara rinci cara menyiapkan ramuan dari tanaman Piper min untuk mengobati gigitan serangga.

Konteks Tugas:
{""task"": ""preparation"", ""language"": ""id"", ""indication"": ""Gigitan Serangga""}

Panduan Respons:
1. Identifikasi bagian tanaman Piper min yang digunakan.
2. Uraikan langkah-langkah persiapan ramuan secara sistematis.
3. Jelaskan metode aplikasi yang tepat untuk mengatasi gigitan serangga.
4. Sertakan catatan keamanan atau peringatan jika diperlukan.

Pastikan penjelasan menggunakan bahasa Indonesia yang jelas, akurat, dan sesuai dengan kearifan lokal etnobotani.","Perlu diluruskan terlebih dahulu bahwa nama ""Piper min"" bukan merupakan taksonomi botani yang baku. Istilah ini kemungkinan besar merujuk pada *Piper betle* (sirih) atau varietas lokal dari genus *Piper* yang memiliki aroma segar menyerupai mint, yang telah lama dikenal dalam praktik etnobotani Nusantara untuk mengatasi gatal dan peradangan akibat gigitan serangga. 

Berikut adalah panduan sistematis untuk menyiapkan dan menggunakan ramuan tersebut:

### 1. Identifikasi Bagian Tanaman
Bagian yang digunakan adalah **daun segar**. Pilihlah daun yang sudah dewasa, berwarna hijau tua, tampak sehat, dan tidak layu. Daun segar mengandung konsentrasi minyak atsiri (seperti kavikol dan eugenol) tertinggi yang berfungsi sebagai antiseptik dan antiinflamasi alami untuk meredakan gatal dan bengkak.

### 2. Langkah-langkah Persiapan Ramuan
Persiapan harus dilakukan dengan menjaga kebersihan untuk mencegah infeksi sekunder pada luka gigitan.

1.  **Pencucian:** Cuci 2–3 lembar daun segar di bawah air mengalir untuk menghilangkan debu, tanah, atau residu pestisida.
2.  **Penghalusan:** Tumbuk daun menggunakan lumpang dan alu yang bersih hingga hancur menjadi pasta dan mengeluarkan sari-sari tanaman. Proses ini bertujuan memecah dinding sel daun agar senyawa aktif keluar.
3.  **Pencampuran (Opsional):** Untuk meningkatkan daya lekat dan efektivitas ekstraksi senyawa larut lemak, Anda dapat menambahkan sedikit minyak kelapa (*virgin coconut oil*) atau seujung kuku garam laut sebagai antiseptik tambahan, lalu aduk hingga membentuk pasta kental.

### 3. Metode Aplikasi
Aplikasi dilakukan segera setelah ramuan disiapkan untuk memastikan kesegaran senyawa aktif.

1.  **Pembersihan Luka:** Bersihkan area kulit yang digigit serangga dengan air bersih dan sabun lembut, lalu keringkan dengan kain bersih.
2.  **Pengolesan:** Oleskan pasta daun secara merata tepat di atas titik gigitan. Hindari menggosok jika kulit sudah lecet.
3.  **Penutupan:** Tutup area yang dioles dengan kasa steril atau perban longgar untuk menjaga kelembapan dan mencegah pasta bergeser.
4.  **Durasi:** Biarkan ramuan menempel selama 15–30 menit. Jika rasa panas atau gatal berkurang, bilas dengan air bersih. Ulangi aplikasi ini 2–3 kali sehari hingga gejala mereda.

### 4. Catatan Keamanan dan Peringatan
Meskipun berasal dari bahan alami, penggunaan tanaman obat memerlukan kehati-hatian klinis.

*   **Uji Sensitivitas (Patch Test):** Sebelum mengaplikasikan pada area gigitan, oleskan sedikit pasta pada kulit sehat di lengan. Tunggu 15 menit. Jika muncul kemerahan hebat atau gatal bertambah, hentikan penggunaan.
*   **Area Sensitif & Anak-anak:** Hindari aplikasi pada area wajah, terutama sekitar hidung pada anak-anak di bawah usia 8 tahun. Konsentrasi minyak atsiri yang kuat pada kulit tipis atau saluran napas rentan menimbulkan iritasi atau kesulitan bernapas.
*   **Tanda Infeksi & Reaksi Berat:** Ramuan ini hanya untuk penanganan gejala ringan. Jika area gigitan bernanah, bengkak meluas, disertai demam, atau jika terjadi reaksi alergi sistemik (sesak napas, pembengkakan tenggorokan), segera hentikan pengobatan mandiri dan cari bantuan medis profesional.
*   **Verifikasi Tanaman:** Pastikan tanaman yang digunakan benar-benar spesies *Piper* yang aman (seperti sirih). Kesalahan identifikasi dengan tanaman bergetah dapat memperparah kondisi kulit.","{""task"": ""preparation"", ""language"": ""id"", ""indication"": ""Gigitan Serangga""}",,
"Minangka ahli etnobotani, nerangake carane nggawe jampi saka pepaya kanggo nambani kesel.","Kanggo nambani lemes lan lemes nggunakake pepaya:
Bahan:
- Pepaya
  Jeneng Ilmiah: Carica papaya L.
  Bagian: godhong seger
  Dosis: 1 x 3 godhong (ukuran palm) / dina a) Dewasa lan bocah-bocah > 11 taun: 1 x 1 cangkir saben dina b) Anak umur 1-2 taun 1 x saben dina 1 sdm (saka dosis diwasa) / dina c) Anak umur 3-5 taun 1 x saben dina 2 sdm (saka dosis diwasa) / dina d) Anak umur 1 x 6-8 taun. e) Anak umur 9-11 taun 1 x saben dina ½ cangkir (saka dosis diwasa) / dina

Cara Nggawe:
Cara nggawe/nggunakake (kanggo bocah > 11 taun lan diwasa): bahan digiling, ditambahake banyu anget 1 gelas lan uyah sajiwit, dipun-saring, lan diombe bebarengan.

Informasi Keamanan:
Larangan: meteng
Pènget: getah papain mbebayani banget yen kena mata
Efek samping: alergi","Minangka ahli etnobotani, sumangga nerangaken kanthi rinci lan langkah-langkah ingkang cetha babagan teknik nggawe jampi saking tanduran Pepaya kangge nambani raos kesel. 

Wangsulan panjenengan kedah miturut paramèter ing ngandhap menika:
{""task"": ""preparation"", ""language"": ""jv"", ""jv_herb_name"": ""Pepaya"", ""register"": ""Krama_Inggil""}

Mangga dipunserat wangsulan mung ngginakaken Basa Jawi Krama Inggil.","Sumangga, panjenengan ingkang kinurmatan. Raos kesel ingkang panjenengan rasakaken saged dipunringanaken kanthi ngginakaken kasiyatipun tanduran Pepaya (Carica papaya L.). Ing ngandhap menika dipunaturaken pandhuan damel jampi kanthi langkah-langkah ingkang cetha lan rinci, miturut warisan leluhur ingkang sampun dipunbuktikaken kasiyatipun.

**Bahan-bahan ingkang kabutuhaken:**
1. Godhong pepaya enom ingkang taksih ijem royo-royo, cacah 3 dumugi 5 lembar.
2. Jahe emprit ingkang sampun dipungeprek, setunggal ruas (kangge nambah kehangatan badan).
3. Toya resik, kalih gelas (kirang langkung 500 ml).
4. Madu asli utawi gula jawi secukupipun (kangge nyuda raos pait lan nambah stamina).
5. Uyah setitik kemawon (kangge nguwataken ekstraksi sari-saringipun).

**Langkah-langkah pangolahan:**
1. **Milih lan Ngresiki Bahan:** Sumangga milih godhong pepaya ingkang seger lan boten kena hama. Godhong wau dipunkumbah kanthi toya ingkang mili supados reresik saking lebu lan kotaran.
2. **Proses Nggodhog:** Lebetaken godhong pepaya kaliyan jahe emprit dhateng panci ingkang sampun isi toya resik. Godhoga kanthi geni alit ngantos mendidih lan toyanipun suda dados setengahipun (kirang langkung setunggal gelas). Proses menika kedah dipunlampahi kanthi sabar supados sari-sari farmakologis saking tanduran wau medal kanthi sampurna lan boten risak amargi panas ingkang kekathahen.
3. **Nyaring Godhogan:** Menawi sampun mateng, mateni geni lajeng saring toya godhogan wau ngginakaken saringan ingkang resik supados ampasipun kapisahaken lan toyanipun bening.
4. **Nambahaken Pemanis:** Nalika toya godhogan sampun anget kuku (boten umob malih), sumangga dipuncampuraken madu utawi gula jawi sarta uyah setitik. Madu boten pareng dipuncampur nalika toya taksih umob amargi saged ngicalaken kasiyatipun.

**Cara Ngunjuk lan Pangeling-eling Kaslametan:**
- Jampi menika saged dipununjuk nalika taksih anget, sakedhap-sakedhap, kanthi dosis setunggal gelas saben dinten kangge tiyang diwasa.
- **Pangeling-eling:** Jampi saking godhong pepaya menika boten pareng dipununjuk dening ibu ingkang ngandhut. Kajaba punika, getah pepaya (papain) saged mbebayani menawi kenteran mata, saengga sumangga ngati-ati nalika ngolah tanduranipun. Menawi panjenengan ngalami alergi utawi raos kesel taksih kelajengan, sumangga dipunpriksakaken kaliyan tenaga kesehatan supados langkung trep pananganipun.

Mugi-mugi kanthi paringing Gusti Ingkang Maha Kuwaos, panjenengan enggal waras, kiyat, lan tansah pinaringan kasarasan.","{""task"": ""preparation"", ""language"": ""jv"", ""jv_herb_name"": ""Pepaya"", ""register"": ""Krama_Inggil""}",,
"Minangka ahli etnobotani, nerangake carane nggawe jampi saka Sambilloto kanggo nambani diare.","Kanggo nambani diare nggunakake Sambiloto:
Bahan:
- Sambiloto
  Jeneng ilmiah: Andrographis paniculata (Burm. f) Nees
  Bagian: jamu
  Dosis: 2x10 g jamu / dina

Cara Nggawe:
Bahan kasebut digodhog nganggo banyu 3 gelas nganti dadi 1 gelas, adhem, saring, dibagi dadi 2 bagean.

Informasi Keamanan:
Larangan: meteng, nyusoni, alergi, bocah
Pènget: jus saged nyebabake bengkak ing mripat.
Efek samping: alergi, urtikaria wis dilaporake sawise ngunjuk decoction pait.","Minangka ahli etnobotani, please nerangake kanthi rinci lan nggunakake basa Krama Inggil babagan carane nyiapake jampi saka tanduran Sambiloto kanggo nambani penyakit diare.

Instruksi Tambahan:
- Fokus ing langkah-langkah persiapan (preparation) wiwit saka milih bahan nganti cara konsumsi.
- Gunakake istilah teknis etnobotani sing tepat nanging diterangake kanthi basan sing gampang dimangerteni.
- Pastikake struktur ukara jangkep lan tata basa sing bener.

Data Konteks:
{""task"": ""preparation"", ""language"": ""jv"", ""jv_herb_name"": ""Sambiloto"", ""register"": ""Krama_Inggil""}","Monggo, sumangga dipun gatekaken kanthi telaten. Menawi panjenengan badhe nyiapaken jampi saking tanduran Sambiloto (*Andrographis paniculata*) kangge nambani gerah diare, wonten tata cara ingkang kedah dipun tindakaken supados khasiatipun saged kaserap sae dening badan lan tetep aman. Tanduran punika ngandhut zat aktif ingkang dipun wastani *andrographolide* ingkang gadhah sipat *antibakteri* lan *anti-inflamasi* kangge nglawan bakteri lan nyuda radhang wonten ing saluran pencernaan.

Sumangga dipun turut langkah-langkah persiapan ing ngandhap punika:

**1. Pamilihan Bahan (Seleksi Botani)**
Langkah ingkang sepisan inggih punika milih perangan tanduran ingkang tepat. Kangge diare, ingkang dipun ginakaken inggih punika *folium* utawi ron (godhong) Sambiloto. 
- Pilih godhong ingkang sampun sepuh nanging taksih ijem seger lan boten kenang hama, amargi kadar *andrographolide* paling kathah wonten ing godhong ingkang sampun dewasa nanging dereng kembang. 
- Menawi saged, pungut wonten ing wanci enjang nalika embun sampun garing supados kesegaranipun terjaga. 
- Takaran ingkang dipun betahaken: kirang langkung 15-20 gram (utawi 5-7 lembar) godhong seger. Menawi ngginakaken *simplisia* (bahan tanduran garing ingkang sampun siap olah), cukup 5-10 gram kanthi warni ijem peteng lan garingipun sampurna boten lembab.

**2. Pembersihan (Purifikasi)**
Saderengipun dipun olah, godhong kedah dipun resikaken kanthi teliti. Sumangga kumbah ngginakaken toya ingkang mili supados lebu lan sisa regedan saged ical. Ampun nggosok kalayan keras sanget supados boten ngrisak jaringan godhong ingkang ngemot kasiyat obat. Sasampunipun resik, tiriskanken lajeng iris alit-alit supados sari-sarinipun gampil medal nalika dipun godhog.

**3. Proses Ekstraksi (Decoctum/Dekokta)**
Cara ekstraksi panas kanthi nggodhog punika dipun wastani *decoctum*, inggih punika metode kangge narik kandhungan obat saking jaringan tanduran ingkang atos.
- Siapaken panci saking lempung, enamel, utawi stainless steel (sumangga hindari aluminium supados boten wonten reaksi kimia).
- Lebetaken godhong Sambiloto ingkang sampun dipun iris, lajeng tambahaken toya resik kirang langkung 3 gelas (600 ml).
- Godhog kanthi geni alit kanthi panci dipun tutup rapet supados sari obat boten manguap.
- Biarkan ngantos toya menyusut dados satunggal gelas (kirang langkung 200 ml) utawi selami 10-15 menit.

**4. Penyaringan lan Penyajian**
Sasampunipun toya menyusut lan wernanipun owah dados coklat kehijauan, mateni geni. Saring toya godhogan ngginakaken kain kasa utawi saringan ingkang resik kangge misahaken ampas. Tuangaken dhateng gelas ingkang resik.

**5. Aturan Konsumsi (Administrasi)**
- Jampi punika dipun unjuk nalika taksih anget-anget kuku. 
- Rasa pait ingkang khas saking Sambiloto punika tandha bilih kandhungan zat aktifipun taksih jangkep. Menawi rasa pait kirang saged dipun tampi, panjenengan saged nambahaken madu utawi gula batu secukupipun, nanging usahakaken tetep alami.
- Dosisipun satunggal gelas alit (100-200 ml), dipun unjuk kaping kalih sedinten (enjang lan sore) sasampunipun dhahar. 
- Konsistensi ngunjuk jampi punika penting, nanging boten ngantos keluwihen amargi saged ndadosaken weteng kraos boten nyaman. Pangginakaken jampi punika namung kangge sementara, maksimal tigang dinten.

**6. Pepeling Penting (Keamanan lan Kontraindikasi)**
Minangka bentuk pangreksa dhateng kesehatan panjenengan, wonten sawetawis perkawis ingkang kedah dipun manah:
- **Ibu Hamil lan Menyusui:** Boten pareng ngunjuk jampi Sambiloto amargi saged mengaruhi janin utawi ASI.
- **Dehidrasi:** Diare saged ndadosaken badan kekirangan toya. Mula, sela-selanipun unjuk jampi, penting sanget kangge ngunjuk larutan oralit utawi toya kelapa ijem supados cairan badan saged kagantos.
- **Kondisi Genting:** Menawi gerah diare dereng mempan sasampunipun tigang dinten, utawi dipun iringi demam inggil, tinja berdarah, lan lemes sanget, sumangga enggal priksa dhateng dhokter utawi fasilitas kesehatan. Jampi tradhisional punika minangka pendhamping, boten nggantosaken pengobatan medis menawi kondisi sampun genting.

Mugi-mugi kanthi tata cara ingkang leres lan ati-ati punika, panjenengan saged enggal waras lan badan krasa sehat malih. Tanduran punika paring saking alam ingkang kedah dipun rawat lan dipun ginakaken kanthi wicaksana.","{""task"": ""preparation"", ""language"": ""jv"", ""jv_herb_name"": ""Sambiloto"", ""register"": ""Krama_Inggil""}",,
"As an ethnobotany expert, explain how to prepare Temu Hitam to treat Nifas.","To treat Nifas using Temu Hitam:
Ingredients:
- Temu Hitam
  Scientific name: Curcuma aeruginosa Roxb.
  Part: rimpang segar
  Dose: 1 x 2 jari rimpang /hari, selama 3 hari

Preparation:
bahan dihaluskan,diseduh dengan 1 cangkir air mendidih, diamkan, saring, dinginkan dan diminum sekaligus.","As an ethnobotany expert, explain how to prepare Temu Hitam (Curcuma aeruginosa, a rhizome used in traditional medicine) to treat Nifas (the postpartum confinement period in Malay/Indonesian culture). Adhere to the following specifications:

{""task"": ""preparation"", ""language"": ""en"", ""indication"": ""Nifas""}","**Botanical Identification and Material Selection**
Accurate identification of *Curcuma aeruginosa* Roxb. (Temu Hitam) is essential; it is distinguished by its dark blue-black interior flesh and camphoraceous aroma to avoid substitution with similar species like *C. caesia*. Select fresh, firm rhizomes free from mold, soft spots, or desiccation. Thoroughly scrub under potable water to remove soil, using a soft brush to clean crevices. Peel using a ceramic or stainless-steel knife to prevent oxidation reactions associated with iron, though some traditional protocols retain the skin where phytochemical concentration may be higher, provided cleaning is meticulous. Slice transversely into thin sections (2–3 mm) or crush lightly to increase surface area for extraction. 

**Internal Preparation: Decoction (Rebusan)**
Traditionally utilized to support uterine involution, reduce inflammation, and facilitate the expulsion of lochia.
*   **Ratio:** 10–15 grams of fresh sliced rhizome per 500–600 mL of potable water.
*   **Extraction:** Place the rhizome in a non-reactive vessel (ceramic or stainless steel; avoid aluminum). Bring to a boil, then reduce to a gentle simmer. Maintain for 15–25 minutes until the liquid reduces by roughly one-third and takes on a dark blueish-brown hue. Avoid vigorous boiling to prevent the degradation of thermolabile volatile essential oils.
*   **Filtration:** Strain through a sterile muslin cloth or fine mesh sieve to remove all particulates. Discard the fibrous marc or reserve for external use.
*   **Adjuvants:** A small amount of palm sugar (*gula melaka*) or honey may be added for palatability and energy, barring any glycemic contraindications.
*   **Administration:** Consume warm (approx. 100 mL per dose), once or twice daily. Administration typically commences 3–5 days postpartum, once initial hemostasis is stable, and continues for 7–14 days. Early administration carries a risk of exacerbating bleeding.

**External Preparation: Bath and Poultice**
Used for perineal wound healing and abdominal warming.
*   **Concentration:** Use a higher ratio (e.g., 100 grams of rhizome per 1 liter of water). Follow the decoction extraction steps above.
*   **Bath:** Dilute the concentrated decoction in warm bathing water; the mother may sit in the bath for 10–15 minutes.
*   **Poultice:** Wrap the leftover fibrous marc in sterile cloth and apply warmly to the abdomen, ensuring the temperature is tolerable to avoid thermal injury to sensitive skin.

**Safety Constraints and Contraindications**
Strict monitoring is required due to the physiological vulnerability of the postpartum period.
*   **Hemorrhage Risk:** *C. aeruginosa* possesses emmenagogue properties that stimulate uterine contractions. It is strictly contraindicated in patients experiencing postpartum hemorrhage, those with clotting disorders, or post-Cesarean sections. Discontinue immediately if lochia flow becomes excessive.
*   **Lactation:** Data regarding the excretion of active compounds into breast milk is limited. Phytochemicals may transfer to the neonate; monitor for gastrointestinal distress or agitation.
*   **Drug Interactions:** Exercise caution with anticoagulants, antiplatelet drugs, and oxytocics. Concurrent use with pharmaceuticals for postpartum hemorrhage or pain management requires evaluation by a qualified healthcare provider.
*   **Gastric Sensitivity:** Time administration relative to food intake to prevent gastric irritation.
*   **Infection Control:** Sterilize all utensils. Postpartum immunity is compromised; microbial contamination of herbal preparations can lead to severe sepsis.
*   **Storage:** The decoction lacks preservatives and should be consumed within 24 hours. Refrigerate in a sterilized glass container if not consumed immediately. Discard if odor shifts or sedimentation changes occur.

**Clinical Integration**
This ethnobotanical preparation is complementary and must not supersede clinical assessment or modern obstetric care. Any signs of adverse reaction—such as excessive bleeding, allergic dermatitis, severe abdominal pain, fever, or foul-smelling discharge—require immediate cessation and biomedical intervention. Continuous monitoring of the mother's vital signs and recovery trajectory is mandatory throughout the administration period.","{""task"": ""preparation"", ""language"": ""en"", ""indication"": ""Nifas""}",,
"Sebagai pakar etnobotani, jelaskan cara membuat ramuan dari Kunci Pepet untuk mengobati Pelangsing.","Untuk mengobati Pelangsing menggunakan Kunci Pepet:
Bahan:
- Kunci Pepet
  Nama ilmiah: Kaempferia  angustifolia  Rosc.
  Bagian: rimpang
  Dosis: 1 x 10 g rimpang/hari

Cara Pembuatan:
bahan diiris tipis, direbus dengan 2 gelas air menjadi separuhnya, dinginkan, saring lalu diminum sekaligus.

Informasi Keamanan:
Larangan: kehamilan
Peringatan: tekanan bola mata meningkat","Sebagai pakar etnobotani, jelaskan secara rinci cara mempersiapkan ramuan dari tanaman Kunci Pepet (Kaempferia rotunda) yang secara tradisional digunakan untuk tujuan pelangsingan tubuh.

Harap ikuti struktur berikut dalam jawaban Anda:
1. **Pengenalan Tanaman**: Jelaskan singkat tentang Kunci Pepet dan relevansinya dalam etnobotani.
2. **Bahan dan Alat**: Daftar bahan baku dan peralatan yang diperlukan.
3. **Langkah Pembuatan**: Uraikan proses pembuatan ramuan secara bertahap.
4. **Catatan Keamanan**: Sertakan peringatan penting mengenai dosis, efek samping, atau kontraindikasi.

Konteks Tugas:
{""task"": ""preparation"", ""language"": ""id"", ""indication"": ""Pelangsing""}","1. **Pengenalan Tanaman**
Kunci Pepet (*Kaempferia rotunda*) adalah tanaman rimpang anggota famili Zingiberaceae yang memiliki kedudukan istimewa dalam khazanah etnobotani Nusantara, khususnya di Jawa. Secara tradisional, rimpangnya yang aromatik banyak dimanfaatkan untuk kesehatan wanita pasca-melahirkan dan pemulihan tubuh. Dalam konteks pelangsingan, penggunaannya bersifat suportif—membantu melancarkan metabolisme pencernaan berdasarkan kearifan lokal—bukan sebagai solusi medis tunggal yang teruji klinis untuk pembakaran lemak secara drastis. Pemahaman terhadap tanaman ini menuntut keseimbangan antara menghargai tradisi dan prinsip kehati-hatian ilmiah.

2. **Bahan dan Alat**
*   **Bahan Baku:**
    *   15–25 gram rimpang Kunci Pepet segar (sekitar 1–2 ruas jari). Pilih yang padat, tidak keriput, dan bebas tanda pembusukan.
    *   400 ml air bersih.
    *   Madu murni secukupnya (opsional, untuk penyeimbang rasa).
*   **Peralatan:**
    *   Sikat sayuran lembut.
    *   Pisau stainless steel.
    *   Panci tanah liat, keramik, atau stainless steel (hindari aluminium untuk mencegah reaksi kimia).
    *   Saringan halus atau kain bersih.
    *   Gelas kaca atau keramik.

3. **Langkah Pembuatan**
Proses ekstraksi ini bertujuan mengambil senyawa aktif tanpa merusaknya akibat panas berlebih.
1.  **Pembersihan:** Cuci rimpang di bawah air mengalir dan sikat perlahan untuk menghilangkan tanah. Tidak perlu mengupas kulit terlalu tebal karena banyak senyawa bermanfaat terkandung di lapisan dekat kulit.
2.  **Pengirisan:** Iris tipis-tipis rimpang atau memarkan sedikit untuk memperluas permukaan kontak dengan air, sehingga ekstraksi lebih optimal.
3.  **Perebusan (Dekoksi):** Masukkan irisan rimpang ke dalam panci bersama 400 ml air. Panaskan dengan api sedang hingga mendidih, lalu kecilkan api dan biarkan mendidih perlahan (*simmer*) selama 10–15 menit. Hindari perebusan terlalu lama agar minyak atsiri yang volatil tidak menguap habis.
4.  **Penyaringan:** Matikan api dan biarkan ramuan mendingin hingga suhu hangat. Saring cairan ke dalam gelas untuk memisahkan ampas.
5.  **Penyajian:** Tambahkan madu jika diperlukan setelah ramuan tidak terlalu panas agar kualitas enzim madu tetap terjaga. Minum selagi hangat.

4. **Catatan Keamanan**
Penggunaan ramuan herbal tidak boleh dianggap tanpa risiko. Perhatikan beberapa poin krusial berikut:
*   **Kontraindikasi Kehamilan:** Ini adalah peringatan paling kritis. Kunci Pepet memiliki sifat emenagog dan uterotonic yang dapat merangsang kontraksi rahim. **Wanita hamil dilarang keras mengonsumsi ramuan ini** karena berisiko tinggi menyebabkan keguguran.
*   **Iritasi Lambung:** Rimpang ini bersifat hangat dan dapat memicu iritasi pada dinding lambung. Penderita gastritis akut atau maag harus berhati-hati; hentikan penggunaan jika muncul rasa panas atau nyeri di perut.
*   **Interaksi Obat:** Individu yang mengonsumsi obat pengencer darah atau obat hipertensi harus berkonsultasi dengan tenaga medis terlebih dahulu karena adanya potensi interaksi farmakologis.
*   **Dosis dan Ekspektasi:** Batasi konsumsi maksimal satu kali sehari. Ramuan ini adalah pendukung, bukan pengganti defisit kalori dan aktivitas fisik. Jangan mengandalkan ramuan ini sebagai satu-satunya metode penurunan berat badan, dan hindari penggunaan jangka panjang tanpa pengawasan profesional.","{""task"": ""preparation"", ""language"": ""id"", ""indication"": ""Pelangsing""}",,
"As an ethnobotany expert, explain how to prepare Lidah Buaya to treat Luka Bakar Ringan.","To treat Luka Bakar Ringan using Lidah Buaya:
Ingredients:
- Lidah Buaya
  Scientific name: Aloe vera Lamk.
  Part: daun segar
  Dose: 1 x 1 daun /hari

Preparation:
bahan dikupas, daging dihaluskan dan oleskan pada bagian yang sakit.

Safety Information:
Contraindications: luka bakar terbuka
Warnings: ramuan hanya digunakan pada luka bakar yang baru dan ringan, belum melepuh.","Act as an ethnobotany expert. Explain the step-by-step preparation of Lidah Buaya (Aloe vera) to treat Luka Bakar Ringan (minor burns).

Context Parameters:
{""task"": ""preparation"", ""language"": ""en"", ""indication"": ""Luka Bakar Ringan""}

Instructions:
1. Define key terms: Briefly explain 'Lidah Buaya' and 'Luka Bakar Ringan' within the context of traditional medicine.
2. Preparation Steps: Provide clear, actionable instructions on how to harvest, clean, and apply the plant specifically for minor burns.
3. Safety & Efficacy: Include necessary precautions, potential side effects, and when to seek professional medical help.
4. Language: Ensure the explanation is in English, while retaining the original Indonesian terms for cultural accuracy.","In the gentle rhythm of traditional healing, we often turn to the garden for remedies that have soothed skin for generations. Two terms are central to this practice: **Lidah Buaya** (Aloe vera), known locally as the ""plant of immortality"" for its remarkable ability to regenerate tissue and cool inflamed skin, and **Luka Bakar Ringan** (minor burns), which refers to superficial first-degree burns characterized by redness, mild swelling, and pain, but without blistering or broken skin. When these two meet, the result is a time-honored approach to calming the fire on the skin.

Here is how you can safely prepare and apply **Lidah Buaya** for a **Luka Bakar Ringan**, blending careful preparation with a nurturing touch.

### Step-by-Step Preparation

**1. Selecting the Right Leaf**
Walk to your plant and look for a thick, mature outer leaf. These older leaves contain the highest concentration of healing gel. Avoid the small, pale inner shoots, as they are not yet fully developed. Using a clean, sharp knife, cut the leaf close to the base of the plant. Try to make a clean cut to avoid damaging the main stem.

**2. Draining the Latex (Crucial Step)**
Once harvested, stand the leaf upright in a cup or bowl for about 10 to 15 minutes. You will notice a yellowish sap dripping out. This substance is called aloin or latex. It is a strong irritant that can cause itching and worsen the burn if applied to the skin. Allowing it to drain is essential for a soothing remedy.

**3. Cleaning and Filleting**
Rinse the leaf thoroughly under cool, running water to remove any dirt or residual latex. Place the leaf on a clean cutting board. Carefully slice off the serrated, spiky edges along both sides. Next, slice off the top layer of the green skin. You should now see the clear, fleshy interior. Gently scoop out the transparent gel using a spoon. Be meticulous: ensure no trace of the green skin remains attached to the gel, as the skin can also cause irritation.

**4. Preparing the Gel**
Rinse the scooped gel briefly under cool water to wash away any remaining yellow sap. You can now use the gel in two ways:
*   **Direct Application:** Slice the clear gel into thin, cool strips and lay them directly over the **Luka Bakar Ringan**.
*   **Blended Paste:** For easier coverage, place the gel in a clean blender or mortar and pestle and pulse it until it becomes a smooth, cooling liquid.

**5. Application**
Gently pat the affected area dry if it is wet, but do not rub. Apply the fresh gel or strips directly to the burn. Let it air dry; do not cover it tightly with a bandage immediately, as the skin needs to breathe. You may reapply fresh gel every few hours as the previous layer dries or absorbs.

### Safety, Efficacy, and Precautions

While **Lidah Buaya** is a powerful ally, it must be treated with respect and caution.

*   **Patch Test:** Before applying the gel to the burn, test a small amount on a healthy patch of skin (like the inner arm) to ensure you do not have an allergic reaction. If redness or itching occurs, wash it off immediately and discontinue use.
*   **Freshness Matters:** Always use fresh gel prepared immediately before application. Do not store homemade gel for long periods without preservatives, as bacteria can grow quickly and cause infection in open or damaged skin.
*   **Depth of Burn:** This remedy is strictly for **Luka Bakar Ringan** (minor, superficial burns). If the burn is deep, covers a large area, involves the face, hands, feet, or genitals, or if blisters have formed, do not rely solely on home remedies.
*   **Signs of Infection:** If the area becomes increasingly painful, swollen, warm to the touch, or begins to ooze pus, seek professional medical help immediately.
*   **Medical Attention:** If the pain is severe or does not subside within a day, or if you develop a fever, please consult a healthcare provider. Traditional wisdom complements modern medicine, but knowing when to seek advanced care is the highest form of prudence.

Treat your skin with kindness. The cool touch of **Lidah Buaya** is meant to bring comfort and support the body's natural healing journey, but always listen to your body's signals.","{""task"": ""preparation"", ""language"": ""en"", ""indication"": ""Luka Bakar Ringan""}",,
"Minangka ahli etnobotani, nerangake carane nggawe jampi saka mengkudu kanggo nambani asam urat/rematik.","Kanggo nambani asam urat / rematik nggunakake Noni:
Bahan:
- Noni
  Jeneng Ilmiah: Morinda citrifolia (L)
  Bagean: woh seger
  Dosis: 2 x 2-3 bêsik (100 ml) / dina

Cara Nggawe:
Woh-wohan sing wis kuning nanging durung empuk dipun-tumbuk, diperes, dipun-saring, lan diombe bebarengan.

Informasi Keamanan:
Larangan: meteng, nyusoni, bocah-bocah, tingkat kalium getih dhuwur, alergi
Warning: kelainan weteng amarga raos kecut, jampi antidiabetik lan jampi penurun tekanan rah. Urination saged dadi jambon nganti abang coklat.
Efek samping: ngantuk, mual, muntah, alergi, tambah tingkat kalium ing getih.","Minangka ahli etnobotani, please nerangake kanthi rinci lan nggunakake Basa Jawa Krama Inggil babagan cara nggawe jampi saka tanduran Mengkudu kanggo nambani penyakit asam urat utawa rematik.

Mangga gunakake struktur ing ngisor iki kanggo wangsulan panjenengan:
1. **Pendahuluan**: Terangake sekilas babagan khasiat Mengkudu ing pengobatan tradisional.
2. **Bahan-bahan**: Sebutake bahan-bahan sing dibutuhake kanthi lengkap.
3. **Langkah-langkah Pembuatan**: Jelasake proses nggawe jamu kasebut langkah demi langkah kanthi urut.
4. **Aturan Pakai**: Terangake carane ngombe lan dosis sing dianjurake.
5. **Peringatan**: Wenehake cathetan penting utawa efek samping sing perlu diwaspadai.

Data Tugas:
{""task"": ""preparation"", ""language"": ""jv"", ""jv_herb_name"": ""Mengkudu"", ""register"": ""Krama_Inggil""}","1. **Pendahuluan**
Woh Mengkudu, utawi ingkang asring dipunwastani Pace, punika satunggaling warisan luhur leluhur ingkang sampun dangu dipunpitados wonten ing jagad pangobatan tradisional. Woh menika nggadhahi senyawa aktif anti-inflamasi ingkang saged mbiyantu nyuda peradangan saha rasa sakit wonten ing sendi. Kajawi punika, kandunganipun ugi saged mbantu ngluruhaken kelebihan asam urat wonten ing salebetipun badan. Kanthi ikhtiar alami punika, mugi-mugi panjenengan saged ngraosaken katentreman saking gerah asam urat utawi rematik kanthi cara ingkang mbiyantu badan pulih kanthi mangsah alami.

2. **Bahan-bahan**
Kanggé ndamel jampi punika, mangga dipunsiapaken bahan-bahan ingkang seger saha resik kados ing ngandhap punika:
* Woh Mengkudu ingkang sampun mateng (warninipun kuning semu pethak) cacahipun 2 woh.
* Jahe emprit seger cacahipun 1 rimpang ukuran jempol (kanggé ngangetaken badan saha nyuda ganda).
* Toya resik 500 ml.
* Madu murni cacahipun 2 sendok makan (kanggé nyegeraken raos).
* Jeruk nipis cacahipun 1 woh (menawi dipunbetahaken).
* Saringan utawi kain resik.

3. **Langkah-langkah Pembuatan**
Proses ndamel jampi punika kedah dipunlampahi kanthi teliti saha sabar supados khasiatipun saged tetep jaga:
* **Ngresiki**: Kumbah woh Mengkudu saha jahe emprit ngantos resik saking regedan kanthi toya ingkang ngalir. Kupas kulit jahe lajeng dipungeprek.
* **Ngekstrak Sari**: Potong woh Mengkudu, lajeng parut utawi blender daging wohipun kanthi sekedhap toya. Saring ngginakaken kain resik supados ampas kapisahaken saha sarinipun kemawon ingkang dipunpendhet.
* **Ngodhok Jahe**: Godhok rimpang jahe emprit kaliyan 500 ml toya ngantos mendidih saha arumipun medal. Lajeng cilikaken geni saha diamaken ngantos toyanipun anget.
* **Nyampur Bahan**: Campuraken sari Mengkudu dhateng toya godhogan jahe ingkang sampun anget. Tambahaken madu saha perasan jeruk nipis, lajeng diudak ngantos rata. Jampi sampun siyap dipununjuk.

4. **Aturan Pakai**
Supados asilipun saged maksimal, wonten aturan ngunjuk ingkang kedah dipunmanut kanthi tertib:
* Dosis ingkang dipunanjuraken inggih menika 1 cangkir alit (kirang langkung 100-150 ml) saben dintenipun.
* Saenipun dipununjuk wekdal enjing saderengipun dhahar utawi sore dinten, nalika wadhuk derang isi, supados sari-sarinipun gampil diserep dening badan.
* Tindakaken kanthi rutin saha konsisten minimal 2 minggu kanggé ningali perkembanganipun.
* Sareng kaliyan wekdal pangobatan, mangga dipunkurangi panganan ingkang nggadhahi purin inggil kados jeroan utawi emping.

5. **Peringatan**
Sanadyan saking alami, wonten sawetawis babagan ingkang kedah dipunwigatosaken demi kasarasan panjenengan:
* Ibu ingkang nembe ngandhut utawi nyusoni boten dipunanjuraken ngunjuk jampi menika amargi saged mengaruhi kondisi janin utawi bayi.
* Panjenengan ingkang nggadhahi riwayat gerah ginjel kedah ngatos-atos utawi konsultasi rumiyin dhateng dokter, amargi Mengkudu nggadhahi kandungan kalium ingkang inggil.
* Mengkudu saged nurunaken tekanan darah, mila panjenengan ingkang nggadhahi tekanan darah cendhet utawi nembe ngunjuk obat darah inggil kedah ngatos-atos.
* Menawi panjenengan nembe ngunjuk obat medis saking dokter, mangga dipunwenehi jarak wekdal kirang langkung 2 jam saperlu mboten ngganggu khasiat obat kasebat.
* Menawi wonten reaksi awak kados mual, pusing, utawi alergi, enggal mangga dipunmandhegaken pangginumanipun. Saged ugi panggunaan Mengkundi damel warni toya seni dadi jambon utawi abang coklat, punika efek samping ingkang umum lan boten ngbahayani.","{""task"": ""preparation"", ""language"": ""jv"", ""jv_herb_name"": ""Mengkudu"", ""register"": ""Krama_Inggil""}",,
"Sebagai pakar etnobotani, jelaskan cara membuat ramuan dari Ketepeng Cina untuk mengobati Kurap.","Untuk mengobati Kurap menggunakan Ketepeng Cina:
Bahan:
- Ketepeng Cina
  Nama ilmiah: Cassia alata L.
  Bagian: daun segar
  Dosis: 1 genggam daun/hari

Cara Pembuatan:
bahan dilumatkan dengan tawas 1/3 sendok teh, aduk-aduk sampai menyerupai bubur encer.gosokkan lumatan tersebut pada kulit yang sakit 2 kali sehari

Informasi Keamanan:
Efek samping: penelitian 10 tahun di india sebagai terapi dermatitis jamur di kulit dilaporkan tidak ada efek samping.","Bertindaklah sebagai pakar etnobotani. Jelaskan secara rinci cara mempersiapkan ramuan dari tanaman Ketepeng Cina (Senna alata) untuk mengobati Kurap (infeksi jamur kulit).

Konteks Tugas:
{""task"": ""preparation"", ""language"": ""id"", ""indication"": ""Kurap""}

Dalam penjelasan Anda, sertakan:
1. Bagian tanaman yang digunakan.
2. Langkah-langkah persiapan dan pembuatan ramuan.
3. Metode aplikasi yang tepat.
4. Catatan keamanan atau efek samping yang perlu diperhatikan.","Berikut adalah panduan rinci mengenai preparasi dan penggunaan tanaman Ketepeng Cina (*Senna alata*) untuk mengatasi kurap (infeksi jamur kulit). Tanaman ini secara tradisional telah lama dimanfaatkan karena kandungan senyawa antifungal alami, seperti asam krisofanat, yang efektif menghambat pertumbuhan dermatofita. Namun, penggunaannya tetap memerlukan ketelitian dan kehati-hatian.

### 1. Bagian Tanaman yang Digunakan
Bagian utama yang paling efektif adalah **daun segar** yang telah dewasa (berwarna hijau, tidak menguning atau terlalu muda) serta bebas dari hama atau bercak penyakit. Meskipun bunga kadang juga dimanfaatkan, daun memiliki konsentrasi senyawa aktif yang paling tinggi untuk pengobatan topikal.

### 2. Langkah-langkah Persiapan dan Pembuatan Ramuan
Kebersihan dalam proses ini sangat penting untuk mencegah infeksi sekunder. Cuci 10–15 lembar daun segar di bawah air mengalir untuk menghilangkan debu dan kotoran. Ada dua metode utama pembuatan ramuan:

*   **Pasta (Boreh):** Tumbuk daun yang sudah bersih menggunakan alat tumbuk steril (lebih disarankan dari bahan batu atau keramik daripada logam untuk mencegah oksidasi) hingga halus menyerupai bubur. Secara tradisional, Anda dapat menambahkan sekitar 1/3 sendok teh tawas (alum) dan mengaduknya hingga rata untuk meningkatkan efektivitas ramuan. Jika pasta terlalu kental, tambahkan sedikit air bersih.
*   **Rebusan (Dekok):** Metode ini cocok untuk membasuh area yang lebih luas. Rebus segenggam daun dalam 2–3 gelas air (500–750 ml) selama 10–15 menit hingga air berubah kuning kecokelatan. Saring dan biarkan hingga hangat kuku (suam-suam kuku). Jangan gunakan saat masih panas.

### 3. Metode Aplikasi yang Tepat
Aplikasi yang salah dapat memperparah iritasi atau menyebarkan jamur. Ikuti langkah berikut:

*   **Persiapan Kulit:** Bersihkan area yang terkena kurap dengan sabun lembut dan air hangat. Keringkan dengan handuk bersih secara perlahan (tepuk-tepuk, jangan digosok). Jangan berbagi handuk dengan orang lain.
*   **Penggunaan Pasta:** Oleskan pasta daun secara merata pada area yang terinfeksi, melampaui batas pinggiran ruam sekitar 1–2 cm. Biarkan menempel selama 15–30 menit, lalu bilas dengan air bersih.
*   **Penggunaan Rebusan:** Gunakan air rebusan hangat untuk membasuh area kurap, atau rendam kain kasa steril dalam air tersebut dan gunakan sebagai kompres selama 10–15 menit.
*   **Frekuensi:** Lakukan pengobatan ini 2 hingga 3 kali sehari secara konsisten. Selalu cuci tangan dengan sabun setelah mengoleskan ramuan untuk mencegah kontaminasi silang.

### 4. Catatan Keamanan dan Efek Samping
Meskipun berasal dari alam, Ketepeng Cina memiliki sifat biologis yang kuat. Perhatikan hal-hal berikut:

*   **Uji Tempel (Patch Test):** Sebelum penggunaan luas, oleskan sedikit ramuan pada area kulit sehat (misalnya lengan dalam). Tunggu 24 jam. Jika muncul kemerahan berlebih, gatal hebat, atau bengkak, hentikan penggunaan segera.
*   **Hanya untuk Pemakaian Luar:** Tanaman ini mengandung senyawa antrakuinon yang bersifat pencahar kuat. **Jangan sekali-kali menelannya** karena dapat menyebabkan kram perut dan diare parah. Jauhkan dari jangkauan anak-anak.
*   **Hindari Luka Terbuka:** Jangan mengoleskan ramuan pada kulit yang lecet, berlubang, atau bernanah untuk mencegah iritasi yang lebih parah.
*   **Fotosensitivitas:** Beberapa individu mungkin mengalami sensitivitas terhadap sinar matahari setelah aplikasi. Hindari paparan sinar matahari langsung yang berlebihan pada area yang baru diobati.
*   **Kelompok Rentan:** Ibu hamil dan menyusui disarankan untuk berkonsultasi dengan tenaga medis sebelum menggunakan ramuan ini.
*   **Pemantauan Kondisi:** Jika dalam 1–2 minggu tidak ada perbaikan, infeksi justru meluas, atau disertai demam, segera hentikan penggunaan dan konsultasikan dengan dokter kulit. Infeksi jamur yang resisten memerlukan penanganan medis farmakologis.","{""task"": ""preparation"", ""language"": ""id"", ""indication"": ""Kurap""}",,
"As an ethnobotany expert, explain how to prepare Bawang Putih to treat Gangguan Penimbunan Lemak.","To treat Gangguan Penimbunan Lemak using Bawang Putih:
Ingredients:
- Bawang Putih
  Scientific name: Allium sativum  Linn.
  Part: umbi lapis
  Dose: 2 x 1 siung/hari

Preparation:
bahan tanpa kulit dikunyah lalu dimakan.

Safety Information:
Contraindications: alergi
Warnings: meningkatkan resiko pendarahan pascaoperasi, kehamilan dan menyusui.
Side effects: tukak lambung.","As an ethnobotany expert, explain how to prepare Bawang Putih (garlic) to treat Gangguan Penimbunan Lemak (lipid accumulation disorder). Please adhere to the following specifications:

{""task"": ""preparation"", ""language"": ""en"", ""indication"": ""Gangguan Penimbunan Lemak""}","The management of *Gangguan Penimbunan Lemak* (lipid accumulation disorder) is a serious metabolic concern requiring comprehensive medical oversight. While *Bawang Putih* (garlic) holds a significant place in traditional Malay medicine and is supported by modern nutritional science for its potential effects on lipid metabolism, it must be viewed strictly as a supportive dietary adjunct rather than a standalone cure. Relying on it exclusively can delay necessary medical intervention.

The therapeutic potential of garlic is primarily attributed to allicin, a bioactive compound formed when the clove is physically damaged. To prepare *Bawang Putih* in a manner that maximizes this compound while ensuring safety, consider the following methods:

**1. Raw Crushed Preparation (Maximum Potency)**
This method aims to optimize allicin production for lipid support.
*   **Selection:** Choose fresh, firm bulbs. Avoid pre-peeled, sprouting, or discolored cloves, as the essential chemical profile degrades during processing and aging.
*   **Crushing:** Peel the cloves and crush them thoroughly using a mortar and pestle or the flat side of a knife. This mechanical damage is necessary to allow the enzyme alliinase to convert alliin into allicin.
*   **Resting Period:** Allow the crushed garlic to sit exposed to the air for 10 to 15 minutes before consumption or cooking. This waiting period is crucial; heating or consuming it immediately interrupts the enzymatic reaction, significantly reducing efficacy.
*   **Consumption:** Consume 1 to 2 fresh cloves daily, ideally with a meal to mitigate gastrointestinal distress. To ease the harshness, it may be swallowed with warm water or mixed with a small amount of honey or olive oil. If cooking is necessary, add the rested garlic at the very end of the process to minimize thermal degradation.

**2. Honey Infusion (*Bawang Putih Madu*)**
A traditional preparation believed to balance the pungency of garlic while supporting metabolic function.
*   **Procedure:** Lightly bruise 5 to 10 peeled cloves (do not pulverize) to crack the skin slightly. Submerge them completely in raw honey within a sterilized glass jar. Seal and store in a cool, dark place for at least two weeks.
*   **Consumption:** Consume one infused clove or one teaspoon of the honey daily.
*   **Consideration:** While gentler on the stomach, this method introduces sugar. For individuals with lipid disorders, blood sugar regulation is often critical, so use pure honey sparingly and monitor glucose levels.

**3. Aged Garlic Extract (Gentlest Option)**
If raw garlic causes significant gastric distress, aged garlic is a viable alternative often used in clinical contexts. Home preparation is difficult to standardize, so commercially prepared supplements are recommended for consistent dosing. While it lacks allicin and the pungent odor, it offers supportive compounds without irritating the stomach lining.

**Critical Safety and Interaction Warnings**
It is imperative to approach these preparations with a sober understanding of the risks involved, particularly when managing a metabolic disorder.

*   **Medication Interactions:** Garlic possesses natural antiplatelet and blood-thinning properties. If you are taking anticoagulants (such as warfarin), antiplatelet drugs, or certain HIV medications, consuming medicinal amounts of garlic can dangerously amplify these effects and increase bleeding risk.
*   **Blood Pressure:** Garlic can lower blood pressure. Those on antihypertensive medication should monitor their levels closely to avoid hypotension.
*   **Surgical Procedures:** Discontinue therapeutic use of garlic at least two weeks prior to any scheduled surgery to prevent excessive bleeding.
*   **Gastrointestinal Health:** Raw garlic is potent and can cause significant gastric distress, including heartburn, acid reflux, and nausea. It should be used with extreme caution by individuals with sensitive digestive systems, existing gastrointestinal disorders, or stomach ulcers.
*   **Pregnancy and Breastfeeding:** Medicinal amounts of garlic are not recommended during pregnancy and lactation due to potential risks.
*   **Liver Function:** While some studies suggest benefits for fatty liver, consuming extreme excesses of garlic compounds can, in rare cases, stress the liver.

It is strongly advised to discuss any addition of medicinal garlic preparations with your attending physician. They must be aware of all substances you are consuming to ensure they do not conflict with prescribed treatments. Prioritize evidence-based medical advice, maintain a disciplined diet, and adhere to prescribed lifestyle changes as the primary foundation for managing this disorder.","{""task"": ""preparation"", ""language"": ""en"", ""indication"": ""Gangguan Penimbunan Lemak""}",,
"Sebagai pakar etnobotani, jelaskan cara membuat ramuan dari Adas untuk mengobati Batuk.","Untuk mengobati Batuk menggunakan Adas:
Bahan:
- Adas
  Nama ilmiah: Foeniculum vulgare Mill.
  Bagian: buah
  Dosis: belum dilaporkan

Cara Pembuatan:
2 x 3-7 g buah/hari

Informasi Keamanan:
Peringatan: mual, muntah dan alergi kulit.
Efek samping: bayi dan anak-anak yang mengalami spasme laring atau sesak napas","Berperanlah sebagai pakar etnobotani. Jelaskan secara rinci cara mempersiapkan ramuan dari Adas untuk mengobati Batuk, dengan menyertakan langkah-langkah persiapan, takaran, dan metode konsumsi yang aman.

Konteks Tugas:
{""task"": ""preparation"", ""language"": ""id"", ""indication"": ""Batuk""}","Adas, atau yang sering kita kenal dengan nama fennel, telah lama menjadi sahabat akrab di dapur dan lumbung obat tradisional kita. Bijinya yang harum menyimpan khasiat hangat yang sangat efektif untuk meredakan batuk, terutama jenis batuk berdahak atau batuk yang disertai rasa gatal di tenggorokan. Sifat karminatif dan antispasmodik alami pada adas bekerja dengan cara mengendurkan otot saluran pernapasan dan membantu mengencerkan lendir sehingga lebih mudah dikeluarkan.

Berikut adalah panduan lengkap dan aman untuk mempersiapkan ramuan adas guna mengobati batuk, disusun dengan kehati-hatian agar manfaatnya optimal tanpa menimbulkan efek yang tidak diinginkan.

### Bahan yang Diperlukan
*   **Biji Adas Kering:** 1 hingga 2 sendok teh (sekitar 3–5 gram). Pastikan biji adas bersih, utuh, dan berwarna hijau kecokelatan dengan aroma yang khas. Hindari biji yang sudah berdebu atau berbau tengik.
*   **Air Bersih:** 2 gelas (sekitar 400–500 ml). Gunakan air matang atau air sumur yang telah direbus hingga mendidih.
*   **Madu Murni (Opsional):** 1 sendok makan. Penambahan madu bukan hanya untuk pemanis, tetapi juga memperkuat efek antibakteri dan menenangkan tenggorokan.
*   **Jeruk Nipis/Lemon (Opsional):** 1 sendok teh perasan airnya, untuk tambahan vitamin C dan efek segar.

### Langkah-Langkah Persiapan

1.  **Penyangraian Ringan (Opsional namun Disarankan):**
    Untuk mengeluarkan minyak atsiri secara maksimal, sangrai sebentar biji adas di atas wajan kering dengan api kecil selama 1–2 menit hingga aromanya tercium kuat. Hati-hati jangan sampai gosong, karena akan mengubah rasa menjadi pahit dan mengurangi khasiatnya. Jika tidak ingin menyangrai, Anda bisa langsung menggiling kasar biji adas menggunakan lumpang batu atau *mortar*. Menggiling kasar membantu sari pati keluar lebih baik saat diseduh.

2.  **Proses Perebusan (Infusi):**
    Masukkan biji adas yang telah digiling kasar ke dalam panci kecil. Tuangkan 2 gelas air bersih. Nyalakan api sedang dan biarkan hingga air mendidih. Setelah mendidih, kecilkan api hingga paling rendah, tutup panci, dan biarkan mendidih perlahan (simmer) selama 5–7 menit. Penutupan panci sangat penting agar minyak atsiri yang mengandung obat tidak menguap bersama uap air.

3.  **Penyaringan:**
    Matikan api dan biarkan ramuan agak dingin selama 2–3 menit hingga suhunya turun menjadi hangat kuku. Saring air rebusan menggunakan kain bersih atau saringan teh halus ke dalam cangkir atau gelas keramik. Buang ampas bijinya.

4.  **Penambahan Pelengkap:**
    Saat ramuan masih dalam keadaan hangat (bukan panas mendidih), tambahkan madu murni dan perasan jeruk nipis jika diinginkan. Aduk hingga rata. Penting untuk tidak menambahkan madu saat air masih mendidih karena suhu ekstrem dapat merusak enzim baik di dalam madu.

### Takaran dan Metode Konsumsi

*   **Dosis Dewasa:** Minum 1 cangkir (sekitar 200 ml) ramuan ini 2 hingga 3 kali sehari. Waktu terbaik adalah di pagi hari setelah sarapan dan malam hari sebelum tidur untuk membantu meredakan batuk nocturnal.
*   **Dosis Anak-anak:** Untuk anak di atas usia 2 tahun, berikan setengah takaran dewasa (sekitar 100 ml) dengan frekuensi yang sama. Pastikan ramuan tidak terlalu panas dan rasa madu cukup dominan agar anak mau meminumnya. **Tidak disarankan** memberikan ramuan herbal ini pada bayi di bawah usia 1 tahun tanpa konsultasi ahli, terutama karena risiko botulisme dari madu.

### Catatan Keamanan dan Kehati-hatian

Meskipun adas adalah bahan alami yang umumnya aman, beberapa hal berikut perlu diperhatikan demi keselamatan Anda:

*   **Alergi:** Jika Anda memiliki riwayat alergi terhadap tanaman dari keluarga *Apiaceae* (seperti seledri, wortel, atau ketumbar), hindari penggunaan adas karena berpotensi memicu reaksi silang.
*   **Kondisi Khusus:** Wanita hamil dan menyusui sebaiknya berkonsultasi dahulu dengan bidan atau dokter sebelum mengonsumsi ramuan ini dalam jumlah obat, meskipun adas sering digunakan sebagai bumbu masakan. Efek estrogenik ringan pada adas perlu dipertimbangkan pada kondisi tertentu.
*   **Interaksi Obat:** Jika Anda sedang mengonsumsi obat resep dokter, terutama obat pengencer darah atau obat hormonal, beri jeda waktu minimal 2 jam antara minum obat medis dan ramuan herbal ini.
*   **Durasi Penggunaan:** Gunakan ramuan ini maksimal selama 5–7 hari. Jika batuk tidak membaik, justru semakin parah, disertai demam tinggi, sesak napas, atau dahak berwarna hijau pekat/berdarah, segera hentikan penggunaan dan kunjungi fasilitas kesehatan terdekat. Batuk bisa jadi merupakan gejala dari kondisi yang memerlukan penanganan medis lebih lanjut.

Merawat kesehatan dengan alam memerlukan kesabaran dan ketelitian. Semoga ramuan sederhana ini dapat membawa kelegaan dan mempercepat pemulihan Anda. Tetaplah hangat dan jaga asupan cairan tubuh.","{""task"": ""preparation"", ""language"": ""id"", ""indication"": ""Batuk""}",,
"As an ethnobotany expert, explain how to prepare Sereh to treat Encok /Pegal Linu.","To treat Encok /Pegal Linu using Sereh:
Ingredients:
- Sereh
  Scientific name: Cymbopogon nardus (L) Rendle
  Part: herba
  Dose: 2 x 2 g bonggol/hari

Preparation:
bahan direbus dengan 2 gelas air sampai menjadi 1 gelas, dinginkan, saring dan diminum selagi hangat.

Safety Information:
Contraindications: alergi
Side effects: alergi kulit","As an ethnobotany expert, explain how to prepare Sereh (lemongrass) to treat Encok (gout) and Pegal Linu (rheumatism/muscle pain).

Please structure your response as follows:
1. **Terminology Clarification**: Briefly define Sereh, Encok, and Pegal Linu in the context of traditional medicine.
2. **Preparation Method**: Provide step-by-step instructions on how to prepare Sereh for these specific conditions, including required ingredients, quantities, and cooking/brewing processes.
3. **Usage Guidelines**: Explain the recommended dosage, frequency of administration, and method of consumption.
4. **Safety & Precautions**: List any potential side effects, contraindications, or interactions with other medications.

Contextual Data:
{""task"": ""preparation"", ""language"": ""en"", ""indication"": ""Encok /Pegal Linu""}","1. **Terminology Clarification**

*   **Sereh (Lemongrass):** Botanically known as *Cymbopogon citratus*, this aromatic perennial grass is a staple of traditional Javanese medicine (*Jamu*). It is prized for its essential oils—particularly citral and geraniol—which possess notable anti-inflammatory and analgesic properties.
*   **Encok:** A term commonly associated with gout (hyperuricemia). It describes severe joint pain, redness, and inflammation caused by the buildup of uric acid crystals, frequently affecting the big toe.
*   **Pegal Linu:** A broad term referring to body aches, muscle stiffness, and rheumatic pain. It encompasses conditions ranging from minor muscle fatigue to chronic soreness, often attributed to overexertion, poor circulation, or exposure to cold dampness.

2. **Preparation Method**

The most effective traditional method for extracting the active compounds is a concentrated water decoction. 

**Ingredients:**
*   3 to 5 fresh Sereh stalks (preferably the white and light green lower portions).
*   600 ml (approximately 2.5 to 3 cups) of clean drinking water.
*   *Optional:* A small slice of fresh ginger (*Jahe*) or turmeric (*Kunyit*) to enhance the warming and anti-inflammatory effects.

**Step-by-Step Instructions:**
1.  **Cleaning:** Rinse the stalks thoroughly under running water to remove soil, and trim off the dry leafy tops and the very base of the roots.
2.  **Bruising:** Cut the stalks into 5–10 cm sections. Using the flat side of a knife or a pestle, gently crush or bruise each section. This critical step breaks the plant fibers, allowing the essential oils to escape into the water.
3.  **Boiling:** Place the bruised stalks (and optional ginger/turmeric) into a pot with the 600 ml of water. Bring to a rolling boil over medium heat.
4.  **Simmering:** Once boiling, reduce the heat to low, cover the pot, and simmer for 10 to 15 minutes. The liquid should reduce slightly and take on a pale yellow hue with a distinct citrus aroma.
5.  **Steeping:** Turn off the heat and let the mixture steep covered for an additional 5 minutes to ensure maximum extraction of the active compounds.
6.  **Straining:** Strain the liquid into a clean vessel, discarding the plant solids. The decoction is now ready.

3. **Usage Guidelines**

*   **Dosage:** Consume approximately 150–200 ml (about one cup) per serving.
*   **Frequency:** Drink twice daily—once in the morning and once in the evening—during an active flare-up of *Encok* or *Pegal Linu*. For mild stiffness, once daily may be sufficient.
*   **Method of Consumption:** The decoction should be consumed warm. The warmth aids vasodilation, improving circulation and helping the muscles relax.
*   **Duration:** Use symptomatically for 5 to 7 consecutive days. If symptoms persist beyond two weeks, discontinue use and seek a clinical diagnosis.
*   **Topical Application:** For localized *Pegal Linu*, the warm leftover pulp can be wrapped in a cloth and applied as a compress to the affected area, or the warm liquid can be used to soak the hands or feet.

4. **Safety & Precautions**

While Sereh is generally safe for culinary use, concentrated medicinal doses require caution:

*   **Medical Consultation:** This preparation is a complementary traditional remedy and should not replace prescribed medications for gout or rheumatism. Always consult a healthcare provider before starting herbal regimens.
*   **Pregnancy and Breastfeeding:** Avoid medicinal doses during pregnancy, as high concentrations of essential oils may stimulate uterine contractions. Safety during lactation is also not clinically established.
*   **Diuretic Effect:** Lemongrass acts as a diuretic, which can help flush uric acid in cases of *Encok* but increases urination. Ensure you drink plenty of plain water throughout the day to stay hydrated, and use caution if you have a history of kidney dysfunction.
*   **Drug Interactions:** Sereh may have hypotensive (blood pressure-lowering) and hypoglycemic (blood sugar-lowering) effects. It may also interact mildly with blood thinners. If you are taking antihypertensives, antidiabetics, or anticoagulants, monitor your levels closely and consult your doctor.
*   **Allergic Reactions:** Discontinue use immediately if you experience skin rash, itching, difficulty breathing, or gastrointestinal upset, as these may indicate an allergy.","{""task"": ""preparation"", ""language"": ""en"", ""indication"": ""Encok /Pegal Linu""}",,
"Sebagai pakar etnobotani, jelaskan cara membuat ramuan dari Patah tulang untuk mengobati Sakit Gigi.","Untuk mengobati Sakit Gigi menggunakan Patah tulang:
Bahan:
- Patah tulang
  Nama ilmiah: Euphorbia tirucalli L.
  Bagian: batang segar
  Dosis: 1 x 1-3 tetes getah/hari

Cara Pembuatan:
Patahkan batang, tampung getah 1-3 tetes pada kapas, sisipkan pada gigi yang sakit .

Informasi Keamanan:
Larangan: jangan ditelan
Peringatan: jangan kena mata karena menyebabkan erosi hingga kebutaan
Efek samping: iritasi pada mukosa dan/atau kulit","Sebagai pakar etnobotani, jelaskan secara rinci cara membuat ramuan dari tanaman Patah tulang (Euphorbia hirta) untuk mengobati Sakit Gigi. Pastikan penjelasan mencakup langkah-langkah persiapan, metode aplikasi, dan catatan keamanan yang relevan.

Konteks Tugas:
{""task"": ""preparation"", ""language"": ""id"", ""indication"": ""Sakit Gigi""}","Penggunaan tanaman Patah tulang (*Euphorbia hirta*) untuk meredakan sakit gigi telah lama menjadi bagian dari pengobatan tradisional. Namun, langkah pertama dan paling krusial adalah memastikan identifikasi tanaman yang tepat, karena nama ""Patah tulang"" di masyarakat sering merujuk pada dua spesies yang sangat berbeda:

1. ***Euphorbia hirta*:** Tanaman herba kecil berbulu halus yang tumbuh merayap di pekarangan. Ini adalah jenis yang dimaksud dan relatif lebih aman jika diolah dengan benar.
2. ***Euphorbia tirucalli*:** Tanaman berkayu tegak seperti kaktus. Getahnya sangat kaustik (membakar) dan **sangat berbahaya** bagi awam, berisiko tinggi menyebabkan kebutaan jika mengenai mata serta erosi parah pada mulut. 

Pastikan Anda hanya menggunakan *Euphorbia hirta*. Berikut adalah panduan persiapan dan aplikasi yang mengutamakan keamanan:

### 1. Persiapan Bahan
Ambil bagian aerial (daun dan batang muda) *Euphorbia hirta* segar sebanyak 10–15 gram (kira-kira segenggam). Pastikan tanaman diambil dari area bersih, jauh dari polusi asap kendaraan. Cuci bersih di bawah air mengalir untuk menghilangkan tanah dan debu guna mencegah infeksi sekunder di mulut.

### 2. Metode Pembuatan
Terdapat dua metode, namun perebusan sangat direkomendasikan untuk meminimalkan risiko iritasi langsung dari getah (lateks) tanaman:

**Metode Rebusan (Lebih Aman untuk Berkumur):**
1. Masukkan tanaman yang sudah dicuci ke dalam panci stainless steel atau tanah liat (hindari aluminium) bersama 2 gelas air bersih (sekitar 400-500 ml).
2. Rebus dengan api kecil selama 10–15 menit hingga air tersisa sekitar 1 gelas.
3. Saring air rebusan menggunakan kain kasa bersih dan biarkan hingga suam-suam kuku.

**Metode Topikal (Aplikasi Langsung pada Gigi):**
Jika menggunakan metode tradisional langsung, tumbuk beberapa helai daun dan batang muda hingga halus menjadi pasta, lalu peras sarinya menggunakan kain kasa. Metode ini memiliki risiko iritasi mukosa lebih tinggi karena konsentrasi getah yang pekat.

### 3. Metode Aplikasi
*   **Sebagai Obat Kumur (dari rebusan):** Kumur-kumur dengan air rebusan hangat selama 1–3 menit, fokus pada area gigi yang sakit, lalu buang. Jangan ditelan. Lakukan 2–3 kali sehari.
*   **Sebagai Kompres Lokal (dari sarian/tumbukan):** Teteskan sari tanaman pada kapas bersih, lalu tempelkan pada gigi yang berlubang atau gusi yang nyeri. **Batasi waktu hanya 5–10 menit** untuk mencegah iritasi kimiawi pada gusi. Setelah itu, bilas mulut dengan air hangat.

### 4. Catatan Keamanan Penting
Penggunaan herbal ini memerlukan kewaspadaan ekstra:
*   **Bahaya Getah:** Getah *Euphorbia* bersifat iritan/kaustik. Hindari kontak dengan mata. Jika terkena mata, segera bilas dengan air mengalir selama minimal 15 menit dan segera cari bantuan medis.
*   **Jangan Ditelan:** Ramuan ini hanya untuk penggunaan topikal di mulut. Menelan getah atau rebusan dalam jumlah besar dapat menyebabkan mual, muntah, atau diare.
*   **Iritasi Mukosa:** Jika muncul rasa perih terbakar, bengkak, atau kemerahan pada gusi setelah aplikasi, hentikan penggunaan segera dan bilas mulut dengan air bersih.
*   **Kontraindikasi:** Tidak disarankan untuk ibu hamil, ibu menyusui, dan anak-anak di bawah usia 12 tahun.
*   **Interaksi Obat:** Berhati-hatilah jika Anda sedang mengonsumsi obat pengencer darah atau obat diabetes, karena tanaman ini berpotensi berinteraksi.

### 5. Anjuran Medis
Ramuan ini bersifat paliatif, artinya hanya meredakan nyeri sementara, bukan menyembuhkan lubang gigi atau infeksi akar. Jangan gunakan lebih dari 3 hari berturut-turut. Jika sakit gigi berlanjut, disertai demam, pembengkakan wajah, atau nanah, segera temui dokter gigi. Menunda perawatan medis dapat menyebabkan infeksi menyebar ke area tubuh lain yang lebih berbahaya.","{""task"": ""preparation"", ""language"": ""id"", ""indication"": ""Sakit Gigi""}",,
"Minangka ahli etnobotani, nerangake carane nggawe jampi saka lombok kanggo nambani mriyang.","Kanggo nambani nyuda mriyang nggunakake lombok:
Bahan:
- cabe
  Jeneng ilmiah: Piper retrofractum Vahl.
  Bagian: woh
  Dosis: 2 x 3-4 g woh / dina

Cara Nggawe:
Bahan-bahan kasebut dicampur dadi bubuk, diseduh nganggo 1 gelas banyu sing nggodhok, dilebokake, diombe nalika anget.

Informasi Keamanan:
Larangan: alergi
Pènget: lenga atsiri nyebabake iritasi kulit lan membran mukus.","Minangka ahli etnobotani, sumangga nerangaken kanthi runtut caranipun nyiapaken jampi saking lombok (cabean) kangge nambani mriyang.

Mangga dipun tindakaken miturut paugeran ingkang wonten ing ngandhap menika:
- **Bahan Utama**: Lombok (Jawi: cabean).
- **Gaya Basa**: Krama Inggil ( basa alus ingkang sopan).
- **Struktur Jawaban**:
  1. **Pendahuluan**: Andharan ringkes babagan khasiat lombok ingkang saged nambani mriyang miturut kawruh etnobotani.
  2. **Bahan-bahan**: Dhaptar bahan ingkang dipun betahaken kanthi jangkep.
  3. **Langkah-langkah**: Urutan cara damel jampi wiwit saking nyiapaken bahan dumugi cara ngunjukipun.
  4. **Peringatan**: Cathetan penting babagan dosis utawi efek samping ingkang kedah dipun waspadai.

Data Tugas:
{""task"": ""preparation"", ""language"": ""jv"", ""jv_herb_name"": ""cabean"", ""register"": ""Krama_Inggil""}","**1. Pendahuluan**
Ing kawruh etnobotani ingkang sampun diwarisaken turun-temurun, cabean utawi lombok menika boten namung ginakaken minangka bumbu pawon, nanging ugi gadhah kasiyat kangge nambani mriyang. Miturut pangalaman leluhur, kandhutan *capsaicin* ingkang wonten ing cabean saged ngawontenaken rasa anget ing salebeting badan, ngrembakakaken pembuluh rah, sarta mbukak pori-pori kulit. Rasa anget menika saged ngrangsang keringet supados medal kanthi alami. Proses medalipun keringet punika dipun pitados saged mbantu ngudhunaken panas badan, utaminipun menawi mriyang dipun sebapaken hawa dingin utawi masuk angin, lan ugi saged nyuda rasa pegel ing otot.

**2. Bahan-bahan**
Kangge nyiapaken jampi menika, sumangga dipun cawisaken bahan-bahan ingkang jangkep kados ing ngandhap menika:
* **Cabean abrit**: Pilih ingkang taksih seger lan boten busuk (kira-kira 3 dumugi 5 wiji).
* **Jahe emprit**: Kangge nambah kasiyat anget (kirang langkung 1 ruas jari).
* **Toya resik**: Kangge nggodhog (2 gelas).
* **Madu tawon asli utawi gula jawi**: Kangge nyuda rasa pedhes lan nambah khasiat (sakcekapiipun).

**3. Langkah-langkah**
Sumangga dipun tindakaken urutan cara damel jampi menika kanthi telaten:
* **Nyucikaken Bahan**: Cabean lan jahe kedah dipun kumbah ngantos resik sanget ngginakaken toya ngalir, supados bebas saking lebu utawi reged.
* **Nyiapaken Bahan**: Iris alus cabean lan jahe supados sari-sarinipun gampil medal nalika dipun godhog.
* **Nggodhog**: Lebetaken irisan cabean lan jahe wonten ing panci, lajeng campura kaliyan toya resik kalih gelas. Godhoga kanthi geni alit ngantos umub lan toyanipun nyuda dados satunggal gelas, utawi ngantos warni toya owah dados kuning semu abrit.
* **Nyaring**: Menawi sampun cekap, matenaken kompor. Saringana toya godhogan menika ngginakaken saringan ingkang resik, lajeng tuangaken wonten ing gelas.
* **Mencampur Madu**: Menawi toya sampun anget kuku (boten kepedesan), campura madu asli utawi gula jawi supados raosipun langkung sedhep.
* **Cara Ngunjuk**: Monggo dipun unjuk jampi menika kanthi alon-alon nalika taksih anget-angetipun. Sasampunipun ngunjuk, sumangga istirahat ingkang cekap kanthi selimutan supados keringet saged medal kanthi lancar.

**4. Peringatan**
Demi kaslametan lan kasarasan ingkang langkung utami, wonten cathetan ingkang kedah dipun manah lan dipun waspadai:
* **Dosis**: Ampun ngunjuk jampi menika kalebetan, cekap setunggal kali saben dinten, amargi saged njalari rasa panas ingkang keluwihan wonten ing lambung.
* **Kondisi Lambung**: Tiyang ingkang gadhah riwayat sakit lambung utawi maag, mboten dipun anjuraken ngunjuk menika amargi cabean saged njalari iritasi utawi rasa perih.
* **Lare-lare lan Ibu Ngandhut**: Boten dipun anjuraken kangge lare-lare alit tanpa pangawasan, lan ibu ingkang nembe ngandhut kedah konsultasi rumiyin kaliyan tenaga medis.
* **Reaksi Badan**: Menawi mriyang mboten ical sasampunipun 2 dinten, utawi badan malah krasa mual lan wonten reaksi alergi, sumangga enggal-enggal pirsa dhateng dhokter utawi fasilitas kesehatan kangge pikantuk penanganan ingkang langkung trep. Mugi-mugi cepeng waras.","{""task"": ""preparation"", ""language"": ""jv"", ""jv_herb_name"": ""cabean"", ""register"": ""Krama_Inggil""}",,
"Minangka ahli etnobotani, jelasake carane nggawe jampi saka Minyak Kelapa kanggo nambani Kulit Garing, Bersisik.","Kanggo ngobati Kulit Garing Garing nggunakake Minyak Kelapa:
Bahan:
- Lenga klapa
  Jeneng Ilmiah: Cocos nucifera L.
  Bagian: daging woh
  Dosis: 1 klapa lawas

Cara Nggawe:
Parut bahan, tambahake banyu 4 gelas, remas, saring banjur olah nganti dadi lenga, banjur olesake ing wilayah sing kena.","Minangka ahli etnobotani, panjenengan dipunsumanggakaken paring andharan ingkang jangkep babagan cara nggamel jampi saking Minyak Kelapa kangge nambani kulit ingkang garing lan bersisik.

Mangga tindakaken pandherekan instruksi wonten ing data tugas ing ngandhap menika:
{""task"": ""preparation"", ""language"": ""jv"", ""jv_herb_name"": ""Minyak Kelapa"", ""register"": ""Krama_Inggil""}

Wonten ing jawaban panjenengan, mesthekaken:
1. Basa ingkang dipunginakaken inggih menika Basa Jawi Krama Inggil (halus) saklajengipun.
2. Andharan dipunsusun kanthi langkah-langkah ingkang cetha lan logis.
3. Istilah teknis utawi prosès pembuatan jampi dipunjelasaken kanthi ringkes nanging teliti.","Katur dhumatung panjenengan. Mugi-mugi panjenengan tansah pinaringan kasarasan. Minangka solusi kangge nambani kulit ingkang garing saha bersisik, Minyak Kelapa (Cocos nucifera L.) nggadhahi khasiat ingkang sae sanget. Minyak punika minangka *emollient* alami ingkang saged ngunci kelembapan, ngluruhaken rasa gatel, saha ndandani penghalang kulit ingkang rusak amargi kandungan asam lemak ingkang saged nembus lapisan kulit kanthi lembut.

Kagem pikantuk asil ingkang sae, menika tata cara nggamel saha ngginakaken jampi saking Minyak Kelapa kanthi langkah-langkah ingkang cetha:

**Pamilihan Bahan:**
Pilih klapa ingkang sampun sepuh (klapa tuwa) amargi dagingipun kandel lan ngemot kandungan minyak ingkang kathah. Mastikaken klapa wau sehat lan boten tengik.

**Proses Damel Minyak Kelapa Murni:**
1. **Ngempalaken Santen:** Daging klapa dipunparut alus, lajeng dipunperes kanthi dipuntambahi toya sekedhap kangge njupuk santen kenthel.
2. **Pamisahan Minyak:** Wonten kalih cara ingkang saged dipunlampahi:
   - *Cara Pengeraman (Fermentasi):* Santen kenthel dipunendhapaken wonten ing wadhah ingkang resik sakwetawis jam supados minyak lan toya saged kapisah kanthi alami.
   - *Cara Penggodhogan (Pemanasan):* Santen dipunlebetaken wonten ing wajan, lajeng dipunpanasaken kanthi geni ingkang alit. Proses *evaporasi* menika nguapaken toya supados sampun ngantos gosong. Santen dipunudhak kanthi alon saha ajeg ngantos medal ""blondo"" (ampas coklat ingkang wangi) lan minyakipun sampun bening.
3. **Penyaringan:** Minyak ingkang sampun bening dipunsaring ngginakaken kain tipis utawi mori ingkang resik supados ampasipun boten kacampur.
4. **Panyimpenan:** Minyak klapa murni dipunlebetaken wonten ing botol kaca ingkang peteng, dipuntutup rapet, lan dipunsimpen wonten papan ingkang adhem sarta boten kepengin cahya srengenge langsung.

**Tata Cara Panganggenipun:**
1. **Ngresiki Kulit:** Sakderengipun dipunginakaken, kulit ingkang garing dipunwisuh rumiyin ngginakaken toya anget saha sabun ingkang lembut supados pori-pori saged mbikak. Sasampunipun, usap kulit kanthi cara ditepuk-tepuk alon ngginakaken andhuk, sampun ngantos digosok keras amargi saged ndamel kulit langkung iritasi.
2. **Ngangetaken Minyak:** Menawi minyak kental utawi padhet, angetaken sekedhap kanthi cara ndhedhet wadhah alit wonten ing toya anget (teknik *au bain-marie*). Sampun ngantos dipungodhog langsung ing geni amargi panas ingkang kelebetan saged ngirangi khasiat alami minyak. Cukup anget krasa wonten ing punggung asta.
3. **Pengolesan:** Njukuk minyak sacukupipun wonten ing telapak asta, lajeng olesaken wonten ing perangan kulit ingkang bersisik kanthi cara dipunpijet alon-alon (*massage*) kanthi gerakan memutar. Pijetan punika mbantu sirkulasi rahsa saha nggampilaken minyak nresep kanthi sampurna ngantos dhateng lapisan kulit ingkang lebet.
4. **Wektu Panganggenan:** Prayoginipun dipunginakaken kaping kalih sedinten, inggih menika sasampunipun siram enjang lan sakderengipun sare wonten ing dalu, nalika kulit taksih lembab.

**Perhatian Tambahan:**
Kangge panjenengan ingkang gadhah riwayat alergi, saeipun nindakaken tes tempel rumiyin. Olesaken minyak sekedhap wonten ing perangan kulit ingkang alit. Menawi boten wonten reaksi abrit utawi gatel, minyak punika aman kangge dipunginakaken. 

Mugi-mugi perawatan ingkang telaten punika saged paring mupangat, saha kulit panjenengan wangsul lembab, alus, lan rahayu.","{""task"": ""preparation"", ""language"": ""jv"", ""jv_herb_name"": ""Minyak Kelapa"", ""register"": ""Krama_Inggil""}",,
"Minangka ahli etnobotani, nerangake carane nggawe jampi saka Moringa kanggo nambani anemia.","Kanggo nambani anemia nggunakake Moringa:
Bahan:
- Moringa
  Jeneng ilmiah: Moringa oleifera Lam.
  Bagian: godhong seger
  Dosis: Dosis a) diwasa: 2 x 2 sakepel godhong / dina b) bocah-bocah: 2 x 1 sakepel godhong / dina.

Cara Nggawe:
Bahan kasebut digodhog nganggo banyu 2 gelas nganti tinggal 1 gelas, dipun-saring lan diombe nalika anget.

Informasi Keamanan:
Larangan: aja ngonsumsi oyod, watang utawa kembang kelor nalika ngandhut utawa nyusoni, amarga ngandhut senyawa sing nyebabake kontraksi uterus.
Pènget: Ekstrak godhong kelor saged nurunake kadar gula getih
Efek samping: aman dikonsumsi nganti 6 g saben dina suwene 3 minggu. Dosis sing berlebihan saged nyebabake karusakan ati lan ginjel, lan nyegah pembentukan sperma.","Minangka ahli etnobotani, sumangga nerangake kanthi rinci cara nyiyapake jampi saking Moringa (Kelor) kangge nambani anemia.

Mangga tindakaken pandhuan ing ngandhap punika:
1. **Identifikasi Bahan**: Sebutaken bagéan tanduran Moringa ingkang paling efektif kangge anemia.
2. **Proses Preparasi**: Jelasaken langkah-langkah ngolah bahan kasebut dados jampi ingkang siyap dipunginakaken.
3. **Dosis lan Aturan Anggung**: Wenehaken pandhuan babagan jumlah ingkang kedah dipununjuk lan frekuensinipun.
4. **Pepeling**: Sertakaken cathetan penting utawi efek samping ingkang mungkin wonten.

Konfigurasi Tugas:
{""task"": ""preparation"", ""language"": ""jv"", ""jv_herb_name"": ""Kelor"", ""register"": ""Krama_Inggil""}

Mangga ngginakaken Basa Jawa Krama Inggil ing salebeting整个回答.","Matur sembah nuwun dhumateng kawigatosan panjenengan. Mugi-mugi katrangan ing ngandhap punika saged dados pandhuan ingkang migunani kangge njagi kasarasan panjenengan, utaminipun ing babagan ngatasi kekirangan getih utawi anemia kanthi manfaataken tanduran Kelor.

**1. Identifikasi Bahan**
Bagéan tanduran Kelor ingkang paling efektif lan sugih zat wesi (besi) sarta vitamin C kangge mbantu pembentukan sel getih abrit inggih punika **godhong ingkang taksih enom lan seger**. Godhong enom ngemot nutrisi ingkang langkung inggil tinimbang godhong sepuh. Sumangga milih godhong ingkang warninipun ijem pepak, boten layu, lan milih saking wit ingkang dipuntandur kanthi organik supados kemurnian jampinipun saged kaprastiyakaken.

**2. Proses Preparasi**
Wonten sawetawis cara ngolah godhong Kelor dados jampi ingkang siyap dipunginakaken:

*   **Cara Godhogan (Wedang):** Kumbah segenggaman godhong Kelor rumiyin ngantos resik ngginakaken toya ingkang mili. Siyapaken toya bersih 2 gelas (500 ml) ing salebeting panci. Menawi toya sampun umeb, lebetaken godhong kasebut. **Pepeling penting:** Ampun nggodhog dangu-dangu, cekap 2 ngantos 3 menit kemawon supados kandungan vitamin lan mineralipun boten risak amargi panas. Mateni geni, saring toyanipun, lan tunggu ngantos anget. Toya saringan punika ingkang dipununjuk. Menawi kersa, saged dipuntambahi madu murni sak sendok teh.
*   **Cara Teh Serbuk:** Godhong Kelor saged dipunpepe ing panggenan ingkang boten kenging sinar srengenge kanthi langsung ngantos garing, lajeng ditumbuk dados serbuk. Pendhet sak sendok teh serbuk kasebut, siram ngginakaken toya panas (boten digodhog malih), entosi ngantos warninipun malih, lajeng saged dipununjuk.
*   **Cara Sayur Bening:** Godhong Kelor ugi saged dipunlebetaken wonten ing masakan sayur bening. Nanging, tansah eling penggalih supados dipunlebetaken ing wekdal ingkang pungkasan lan boten dipungodhog langkung saking 3 menit.

**3. Dosis lan Aturan Anggung**
Kangge asil ingkang optimal, sumangga manut aturan ingkang kados makaten:
*   **Jumlah:** Ngunjuk wedang utawi teh godhong Kelor kirang langkung 1 gelas (200-250 ml) saben sekalian. Kangge diwasa, saged ngginakaken 2 sakepel godhong seger sedinten.
*   **Frekuensi:** Dipunanjuraken ngunjuk kaping kalih sedinten, inggih punika enjang lan sonten sasampunipun dhahar. Menawi badhe ngginakaken sayur bening, saged dipundhahar sakali sedinten.
*   **Konsistensi:** Jampi herbal mbutuhaken wektu kangge nyerep. Tindakaken kanthi rutin minimal 2 ngantos 3 minggu kangge ngraosaken manfaatinipun.

**4. Pepeling**
Sanajan Kelor punika tanduran ingkang sae, wonten sawetawis hal ingkang kedah dipunatos-atos:
*   **Ibu Ngandhut:** Oyot, batang, lan kembang Kelor kedah dipunhindari amargi ngandhut senyawa ingkang saged nyebabaken kontraksi rahim. Kangge ibu ingkang nembe ngandhut, sumangga konsultasi rumiyin kaliyan tenaga medis saderengipun ngunjuk jampi saking godhong Kelor kanthi rutin.
*   **Gangguan Pencernaan:** Kelor gadhah sipat laksatif. Menawi dipununjuk kelampauan kathah utawi nalika weteng kosong, saged nyebabaken mual, weteng boten nyaman, utawi diare ringan. Wiwitanipun ngunjuk kanthi dosis alit rumiyin.
*   **Interaksi Obat:** Kelor saged nurunaken kadar gula getih lan tekanan darah. Menawi panjenengan saweg ngginakaken obat diabetes, tekanan darah, utawi pengencer getih, sumangga konsultasi rumiyin kaliyan dokter kangge ngindari interaksi ingkang boten dipunangkah.
*   **Dosis Berlebihan:** Konsumsi ingkang kelebat saged nyebabaken karusakan ati lan ginjel, sarta nyegah pembentukan sperma. Tansah manut dosis ingkang sampun dipunanjuraken.
*   **Kondisi Medis:** Menawi gejala anemia boten surut utawi malah tambah parah, segera priksa dhateng fasilitas kesehatan kangge pikantuk penanganan medis ingkang langkung lanjut.

Mugi-mugi Tuhan Ingkang Maha Kuwaos tansah paring kasarasan lan kesembuhan dhumateng panjenengan.","{""task"": ""preparation"", ""language"": ""jv"", ""jv_herb_name"": ""Kelor"", ""register"": ""Krama_Inggil""}",,
"Minangka ahli etnobotani, nerangake carane nggawe jampi saka teh kanggo nambani migren.","Kanggo nambani migrain nggunakake teh:
Bahan:
- teh
  Jeneng Ilmiah: Camellia sinensis L.
  Bagian: godhong godhong
  Dosis: 3 x 8 g pucuk godhong / dina

Cara Nggawe:
Bahan-bahan kasebut diseduh kanthi 1 gelas banyu sing nggodhok, diendheg, dipun-saring lan saged ditambah karo jus jeruk nipis lan/utawa madu banjur aduk lan diombe bebarengan.

Informasi Keamanan:
Larangan: gangguan weteng, insomnia, kuatir lan jantung palpitasi
Pènget: ati-ati tèh ngandhut kafein
Efek samping: ngunjuk 5 cangkir utawa luwih / dina, ngemot ± 100 mg kafein saged nyebabake gangguan pencernaan, kelemahane, gelisah, gemeter, angel sare, bingung, jantung berdebar-debar, sesak ambegan lan kadhangkala konstipasi.","Minangka ahli etnobotani, sumangga nerangaken kanthi rinci lan trep caranipun nggamel jampi saking teh kangge ngatasi sakit migren. 

Pandhuan respons:
1. Basa: Ngginakaken Basa Jawa Krama Inggil ingkang leres lan sopan.
2. Isi: Jelasaken jinis teh ingkang dipunginakaken, takaran, cara nyiyapaken, lan aturan ngunjukipun.
3. Struktur: Aturaken penjelasan kanthi urut lan gampil dipunmangertosi.

Konteks tambahan:
{""task"": ""preparation"", ""language"": ""jv"", ""jv_herb_name"": ""teh"", ""register"": ""Krama_Inggil""}","Salam rahayu kangge Panjenengan. Mugi-mugi Panjenengan tansah pinaringan kaséhatan lan katenangan. Raos sakit migren utawi pusing sirah punika memang saged ngganggu aktivitas. Minangka salah satunggaling cara tradhisional, teh saged dados jampi kangge ngringanken raos nyeri kasebat. Sumangga simak pandhuan ing ngandhap puniki kanthi teliti.

**1. Jinis Teh lan Bahan Tambahan**
Teh ingkang saé dipunginakaken inggih punika **Teh Ijem (Green Tea)** saking tanduran kanthi asma ilmiah *Camellia sinensis* L. Teh ijem ngandhut antioksidan ingkang saged ngendhokaken otot sirah. Supados langkung efektif, teh ijem saged dipuncampur kaliyan **Jahe Merah** ingkang kairis lan **Sereh** ingkang sampun digeprek. Campuran punika mbiyantu nghanggetaken badan lan ngelancaraken peredaran rah ingkang mampet.

**2. Takaran Bahan**
Kangge nyiyapaken satunggal cangkir, bahan ingkang dipunbetahaken:
* Godhong Teh Ijem: 1 sendok teh (kirang langkung 2-8 gram pucuk godhong).
* Jahe Merah: 1 ruas jari (kiris tipis).
* Sereh: 1 batang (digeprek).
* Toya resik: 200 ml (sacangkir).
* Madu murni utawi jus jeruk nipis: 1 sendok teh (kangge pemanis, opsional).

**3. Tata Cara Nyiyapaken**
* Godhog toya resik ngantos umub. Menawi sampun umub, entosi sakwetawis supados suhu toya boten kebekan panas.
* Lebetaken godhong teh, irisan jahe, lan sereh wonten ing cangkir utawi teko keramik.
* Siramaken toya anget kasebat, lajeng tutup cangkir ngantos 5-7 menit supados sari-sarining herbal saged medal kanthi jangkep.
* Saring toya tehipun. Menawi sampun anget kuku (boten panas sanget), saged dipuntambahi madu utawi jus jeruk nipis. Ngendhani nambahaken madu nalika toya taksih langkung panas amargi saged ngirangi khasiatipun.

**4. Aturan Ngunjukipun**
* Jampi teh punika saé dipununjuk nalika taksih anget kuku, kanthi frekuensi 2 ngantos 3 kali sedinten (maksimal 3 gelas sedinten) nalika raos sakit wiwit krasa.
* Sasampunipun ngunjuk, sumangga istirahat wonten papan ingkang sepi, remang-remang, lan hawanipun nyenengaken. Pejamaken mata lan ambegan kanthi alon supados badan saged rileks.
* Kedah ngindhari ngunjuk toya es utawi adhem nalika masa pemulihan, amargi saged nuwuhaken raos sakit ingkang langkung parah.

**5. Informasi Keamanan lan Pepeling**
Teh ngandhut kafein, mila kedah ngatos-atos. Wonten pantangan kangge Panjenengan ingkang gadhah gangguan weteng, insomnia, kuatir, utawi jantung berdebar-debar (palpitasi). Ngunjuk teh kakehan (langkung saking 5 cangkir sedinten utawi kira-kira 100 mg kafein) saged nuwuhaken efek samping kados ta gangguan pencernaan, gemeter, sesak ambegan, angel sare, lan jantung berdebar. Menawi sakit migren terus-terusan utawi tambah parah, sumangga segara konsultasi kaliyan dokter utawi ahli medis kangge pamriksaan langkung lanjut.

Mugi-mugi pandhuan punika saged mbiyantu Panjenengan enggal waras saking sakit migren lan saged aktivitas malih kanthi sehat bugar.","{""task"": ""preparation"", ""language"": ""jv"", ""jv_herb_name"": ""teh"", ""register"": ""Krama_Inggil""}",,
